student_id,student_email,student_account_status,student_role,course_id,course_code,course_status,program_name,enrollment_status,enrollment_type,course_fee,duration_value,duration_unit,instructor_count,days_since_enrollment,attendance_total_sessions,attendance_present_count,attendance_late_count,attendance_absent_count,attendance_excused_count,attendance_percentage,completed_class_sessions,scheduled_class_sessions,cancelled_class_sessions,online_session_count,physical_session_count,materials_total,pdf_material_count,video_material_count,external_url_material_count,exams_available,exams_attempted,exams_submitted,exams_graded,avg_exam_percentage,best_exam_percentage,lowest_exam_percentage,passed_exam_count,failed_exam_count,manual_pending_grade_count,flagged_answer_count,avg_question_score_percentage,payment_status,successful_payment_count,failed_payment_count,total_paid_amount,invoice_count,support_ticket_count,open_ticket_count,critical_ticket_count,academic_ticket_count,technical_ticket_count,finance_ticket_count,appointment_count,completed_appointment_count,cancelled_appointment_count,last_activity_days_ago,performance_category
415,student0415@student.hitech.lk,PENDING_VERIFICATION,STUDENT,9,DM-SEO-101,ARCHIVED,Software Engineering,REMOVED,OPEN,30000.0,12,WEEKS,2,30,5,1,0,3,1,35.0,13,2,0,5,10,13,4,6,3,5,1,1,1,25.33,25.33,25.33,0,1,0,2,24.01,SUCCESS,1,0,30000.0,1,1,0,1,1,0,0,1,1,0,79,Low
510,student0510@student.hitech.lk,ACTIVE,STUDENT,3,SE-DB-130,ACTIVE,Cybersecurity,ACTIVE,OPEN,50000.0,4,MONTHS,1,92,10,4,3,3,0,55.0,26,8,2,32,2,9,3,4,2,4,4,3,3,89.2,98.87,83.18,3,0,0,1,89.25,PENDING,0,0,0.0,1,0,0,0,0,0,0,1,1,0,3,Good
429,student0429@student.hitech.lk,ACTIVE,STUDENT,9,DM-SEO-101,ARCHIVED,Software Engineering,REMOVED,OPEN,30000.0,12,WEEKS,2,78,9,3,0,6,0,33.33,13,2,0,5,10,13,4,6,3,5,2,2,2,21.08,22.9,19.26,0,2,0,1,15.55,SUCCESS,2,0,30000.0,1,1,0,0,1,0,0,1,0,1,88,Low
45,student0045@student.hitech.lk,ACTIVE,STUDENT,4,DS-PY-101,ACTIVE,Business Management,COMPLETED,OPEN,50000.0,4,MONTHS,2,176,28,21,2,5,0,78.57,28,5,0,29,4,7,3,2,2,3,3,3,3,82.14,88.08,73.12,3,0,0,0,76.45,SUCCESS,1,2,50000.0,1,0,0,0,0,0,0,0,0,0,2,Good
503,student0503@student.hitech.lk,ACTIVE,STUDENT,11,CC-AWS-101,ACTIVE,Cybersecurity,COMPLETED,ADMIN_ONLY,40000.0,12,WEEKS,1,134,4,1,2,1,0,50.0,4,14,0,4,14,7,2,3,2,4,3,3,3,39.04,45.17,32.37,0,3,0,1,37.72,PENDING,0,0,0.0,1,1,0,1,0,0,1,0,0,0,30,Medium
472,student0472@student.hitech.lk,ACTIVE,STUDENT,7,BM-COMM-110,ACTIVE,Cloud Computing,ACTIVE,OPEN,35000.0,3,WEEKS,1,140,13,5,2,5,1,51.92,13,3,3,7,9,11,3,5,3,1,1,1,1,76.93,76.93,76.93,1,0,0,1,83.42,SUCCESS,1,0,35000.0,1,2,0,0,2,0,0,0,0,0,6,Average
688,student0688@student.hitech.lk,ACTIVE,STUDENT,4,DS-PY-101,ACTIVE,Business Management,REMOVED,OPEN,50000.0,4,MONTHS,2,94,17,9,0,8,0,52.94,28,5,0,29,4,7,3,2,2,3,2,2,2,31.34,33.77,28.92,0,2,0,5,30.86,SUCCESS,1,0,50000.0,2,2,2,0,2,0,0,0,0,0,51,Low
177,student0177@student.hitech.lk,ACTIVE,STUDENT,5,DS-ML-210,ACTIVE,Digital Marketing,COMPLETED,OPEN,45000.0,10,WEEKS,2,233,8,2,1,4,1,40.62,8,9,1,16,1,5,2,3,0,5,1,1,1,16.49,16.49,16.49,0,1,0,1,18.65,FAILED,0,2,0.0,0,1,1,0,1,0,0,0,0,0,47,Low
609,student0609@student.hitech.lk,ACTIVE,STUDENT,3,SE-DB-130,ACTIVE,Cybersecurity,ACTIVE,OPEN,50000.0,4,MONTHS,1,36,6,4,2,0,0,83.33,26,8,2,32,2,9,3,4,2,4,4,4,4,96.78,100.0,91.98,4,0,0,1,97.07,SUCCESS,1,0,50000.0,1,0,0,0,0,0,0,0,0,0,5,Good
709,student0709@student.hitech.lk,PENDING_VERIFICATION,STUDENT,3,SE-DB-130,ACTIVE,Cybersecurity,ACTIVE,OPEN,50000.0,4,MONTHS,1,52,10,9,0,1,0,90.0,26,8,2,32,2,9,3,4,2,4,3,3,3,66.17,67.36,64.73,3,0,0,2,67.63,SUCCESS,1,0,50000.0,1,1,0,0,1,0,0,2,1,1,24,Average
450,student0450@student.hitech.lk,ACTIVE,STUDENT,3,SE-DB-130,ACTIVE,Cybersecurity,ACTIVE,OPEN,50000.0,4,MONTHS,1,83,14,10,0,4,0,71.43,26,8,2,32,2,9,3,4,2,4,2,2,2,76.91,79.64,74.18,2,0,0,0,79.21,SUCCESS,1,1,50000.0,1,0,0,0,0,0,0,0,0,0,4,Average
795,student0795@student.hitech.lk,ACTIVE,STUDENT,12,GD-UIUX-101,ACTIVE,Business Management,COMPLETED,ADMIN_ONLY,45000.0,8,WEEKS,1,191,12,7,2,3,0,66.67,12,2,0,6,8,14,4,5,5,3,3,3,3,96.9,99.56,92.09,3,0,0,0,97.8,SUCCESS,1,0,45000.0,1,0,0,0,0,0,0,0,0,0,6,Good
799,student0799@student.hitech.lk,ACTIVE,STUDENT,11,CC-AWS-101,ACTIVE,Cybersecurity,ACTIVE,ADMIN_ONLY,40000.0,12,WEEKS,1,105,4,1,2,1,0,50.0,4,14,0,4,14,7,2,3,2,4,3,3,3,67.32,76.96,53.36,3,0,0,1,65.53,SUCCESS,1,1,40000.0,1,0,0,0,0,0,0,1,1,0,17,Average
235,student0235@student.hitech.lk,ACTIVE,STUDENT,8,BM-MGMT-201,ACTIVE,Graphic Design,ACTIVE,ADMIN_ONLY,50000.0,3,WEEKS,2,79,7,6,0,1,0,85.71,7,6,0,10,3,13,7,5,1,1,1,1,1,93.2,93.2,93.2,1,0,0,3,96.41,SUCCESS,1,0,50000.0,2,0,0,0,0,0,0,0,0,0,3,Good
816,student0816@student.hitech.lk,ACTIVE,STUDENT,6,CY-SEC-110,ACTIVE,Information Technology,ACTIVE,OPEN,50000.0,16,WEEKS,1,34,5,3,0,2,0,60.0,20,9,0,15,14,17,4,8,5,5,3,3,3,58.8,64.0,54.42,3,0,0,0,53.22,SUCCESS,2,0,50000.0,1,1,1,0,0,0,1,3,2,1,19,Medium
36,student0036@student.hitech.lk,ACTIVE,STUDENT,4,DS-PY-101,ACTIVE,Business Management,ACTIVE,OPEN,50000.0,4,MONTHS,2,92,10,8,1,0,1,92.5,28,5,0,29,4,7,3,2,2,3,2,2,2,72.3,74.36,70.25,2,0,0,0,73.26,SUCCESS,1,0,50000.0,1,0,0,0,0,0,0,0,0,0,14,Average
741,student0741@student.hitech.lk,ACTIVE,STUDENT,3,SE-DB-130,ACTIVE,Cybersecurity,COMPLETED,OPEN,50000.0,4,MONTHS,1,170,21,19,1,1,0,92.86,26,8,2,32,2,9,3,4,2,4,4,4,4,86.34,97.57,74.91,4,0,0,0,88.1,SUCCESS,1,0,50000.0,2,0,0,0,0,0,0,0,0,0,1,Good
351,student0351@student.hitech.lk,ACTIVE,STUDENT,11,CC-AWS-101,ACTIVE,Cybersecurity,COMPLETED,ADMIN_ONLY,40000.0,12,WEEKS,1,142,4,3,0,1,0,75.0,4,14,0,4,14,7,2,3,2,4,4,4,3,93.29,100.0,87.62,3,0,1,0,96.51,SUCCESS,1,0,40000.0,1,0,0,0,0,0,0,0,0,0,7,Good
815,student0815@student.hitech.lk,ACTIVE,STUDENT,6,CY-SEC-110,ACTIVE,Information Technology,COMPLETED,OPEN,50000.0,16,WEEKS,1,126,20,9,2,9,0,50.0,20,9,0,15,14,17,4,8,5,5,2,2,2,39.74,49.99,29.49,0,2,0,3,36.42,SUCCESS,1,1,50000.0,1,2,1,0,1,1,0,1,1,0,29,Medium
805,student0805@student.hitech.lk,ACTIVE,STUDENT,10,IT-NET-100,ARCHIVED,Data Science,COMPLETED,OPEN,35000.0,8,WEEKS,1,210,26,15,1,9,1,62.5,26,8,0,16,18,14,5,7,2,1,1,1,1,60.0,60.0,60.0,1,0,0,2,61.34,SUCCESS,2,0,35000.0,1,0,0,0,0,0,0,0,0,0,8,Average
162,student0162@student.hitech.lk,ACTIVE,STUDENT,7,BM-COMM-110,ACTIVE,Cloud Computing,ACTIVE,OPEN,35000.0,3,WEEKS,1,58,9,7,1,1,0,83.33,13,3,3,7,9,11,3,5,3,1,1,1,1,57.08,57.08,57.08,1,0,0,0,58.94,SUCCESS,1,0,35000.0,1,0,0,0,0,0,0,1,1,0,18,Average
188,student0188@student.hitech.lk,ACTIVE,STUDENT,5,DS-ML-210,ACTIVE,Digital Marketing,ACTIVE,OPEN,45000.0,10,WEEKS,2,91,8,5,1,2,0,68.75,8,9,1,16,1,5,2,3,0,5,5,5,5,81.06,90.52,69.8,5,0,0,0,85.47,SUCCESS,1,0,45000.0,1,1,0,0,0,0,1,0,0,0,6,Good
366,student0366@student.hitech.lk,ACTIVE,STUDENT,11,CC-AWS-101,ACTIVE,Cybersecurity,COMPLETED,ADMIN_ONLY,40000.0,12,WEEKS,1,138,4,1,2,1,0,50.0,4,14,0,4,14,7,2,3,2,4,4,4,4,89.18,98.76,80.64,4,0,0,0,85.61,SUCCESS,1,1,40000.0,2,0,0,0,0,0,0,1,1,0,3,Good
8,student0008@student.hitech.lk,ACTIVE,STUDENT,4,DS-PY-101,ACTIVE,Business Management,ACTIVE,OPEN,50000.0,4,MONTHS,2,101,12,8,0,4,0,66.67,28,5,0,29,4,7,3,2,2,3,2,2,2,55.29,55.92,54.66,2,0,0,1,53.6,FAILED,0,2,0.0,1,4,0,1,1,1,2,1,1,0,14,Medium
772,student0772@student.hitech.lk,ACTIVE,STUDENT,9,DM-SEO-101,ARCHIVED,Software Engineering,ACTIVE,OPEN,30000.0,12,WEEKS,2,67,9,5,2,2,0,66.67,13,2,0,5,10,13,4,6,3,5,4,4,4,63.58,67.08,62.05,4,0,0,0,60.0,SUCCESS,2,0,30000.0,1,0,0,0,0,0,0,4,2,2,15,Average
332,student0332@student.hitech.lk,ACTIVE,STUDENT,9,DM-SEO-101,ARCHIVED,Software Engineering,COMPLETED,OPEN,30000.0,12,WEEKS,2,111,13,12,1,0,0,96.15,13,2,0,5,10,13,4,6,3,5,5,5,5,77.39,82.69,71.11,5,0,0,0,79.12,SUCCESS,1,0,30000.0,1,0,0,0,0,0,0,0,0,0,5,Good
208,student0208@student.hitech.lk,PENDING_VERIFICATION,STUDENT,10,IT-NET-100,ARCHIVED,Data Science,ACTIVE,OPEN,35000.0,8,WEEKS,1,57,6,3,2,1,0,66.67,26,8,0,16,18,14,5,7,2,1,1,1,1,96.69,96.69,96.69,1,0,0,0,99.63,SUCCESS,1,0,35000.0,1,0,0,0,0,0,0,0,0,0,14,Good
774,student0774@student.hitech.lk,ACTIVE,STUDENT,1,SE-JAVA-101,ACTIVE,Software Engineering,ACTIVE,OPEN,40000.0,3,WEEKS,2,97,14,5,1,7,1,44.64,15,10,1,14,11,12,4,7,1,4,1,1,1,46.52,46.52,46.52,0,1,0,1,46.09,PENDING,0,0,0.0,1,1,1,1,1,0,0,1,0,1,74,Low
576,student0576@student.hitech.lk,ACTIVE,STUDENT,11,CC-AWS-101,ACTIVE,Cybersecurity,ACTIVE,ADMIN_ONLY,40000.0,12,WEEKS,1,98,4,2,0,2,0,50.0,4,14,0,4,14,7,2,3,2,4,3,3,3,85.83,89.48,81.62,3,0,0,0,85.12,SUCCESS,1,0,40000.0,1,0,0,0,0,0,0,0,0,0,1,Good
415,student0415@student.hitech.lk,ACTIVE,STUDENT,11,CC-AWS-101,ACTIVE,Cybersecurity,COMPLETED,ADMIN_ONLY,40000.0,12,WEEKS,1,108,4,2,1,1,0,62.5,4,14,0,4,14,7,2,3,2,4,3,3,3,63.66,67.7,55.98,3,0,0,0,63.2,SUCCESS,2,0,40000.0,1,0,0,0,0,0,0,2,2,0,4,Average
683,student0683@student.hitech.lk,ACTIVE,STUDENT,10,IT-NET-100,ARCHIVED,Data Science,ACTIVE,OPEN,35000.0,8,WEEKS,1,52,8,6,0,2,0,75.0,26,8,0,16,18,14,5,7,2,1,1,1,1,64.59,64.59,64.59,1,0,0,0,68.25,PENDING,0,1,0.0,1,3,0,0,1,1,1,1,1,0,4,Average
566,student0566@student.hitech.lk,ACTIVE,STUDENT,7,BM-COMM-110,ACTIVE,Cloud Computing,ACTIVE,OPEN,35000.0,3,WEEKS,1,102,13,9,1,3,0,73.08,13,3,3,7,9,11,3,5,3,1,1,1,1,70.51,70.51,70.51,1,0,0,1,60.72,SUCCESS,1,0,35000.0,1,0,0,0,0,0,0,0,0,0,7,Average
508,student0508@student.hitech.lk,ACTIVE,STUDENT,4,DS-PY-101,ACTIVE,Business Management,ACTIVE,OPEN,50000.0,4,MONTHS,2,62,7,0,4,1,2,50.0,28,5,0,29,4,7,3,2,2,3,1,1,1,21.08,21.08,21.08,0,1,0,1,21.48,FAILED,0,3,0.0,0,0,0,0,0,0,0,0,0,0,49,Low
23,student0023@student.hitech.lk,ACTIVE,STUDENT,12,GD-UIUX-101,ACTIVE,Business Management,COMPLETED,ADMIN_ONLY,45000.0,8,WEEKS,1,101,12,8,0,3,1,72.92,12,2,0,6,8,14,4,5,5,3,3,3,3,64.16,72.16,60.13,3,0,0,0,63.17,SUCCESS,2,0,45000.0,2,1,0,0,0,1,0,2,1,1,12,Average
839,student0839@student.hitech.lk,ACTIVE,STUDENT,1,SE-JAVA-101,ACTIVE,Software Engineering,ACTIVE,OPEN,40000.0,3,WEEKS,2,104,14,6,0,6,2,53.57,15,10,1,14,11,12,4,7,1,4,0,0,0,0.0,0.0,0.0,0,0,0,0,0.0,SUCCESS,1,0,40000.0,1,2,1,0,1,1,0,0,0,0,47,Low
384,student0384@student.hitech.lk,ACTIVE,STUDENT,3,SE-DB-130,ACTIVE,Cybersecurity,COMPLETED,OPEN,50000.0,4,MONTHS,1,237,26,24,0,2,0,92.31,26,8,2,32,2,9,3,4,2,4,4,3,3,72.6,88.96,62.63,3,0,0,1,73.42,SUCCESS,1,0,50000.0,1,0,0,0,0,0,0,0,0,0,6,Good
309,student0309@student.hitech.lk,ACTIVE,STUDENT,7,BM-COMM-110,ACTIVE,Cloud Computing,ACTIVE,OPEN,35000.0,3,WEEKS,1,91,10,5,1,3,1,62.5,13,3,3,7,9,11,3,5,3,1,1,1,1,54.04,54.04,54.04,1,0,0,0,59.44,PENDING,0,1,0.0,1,0,0,0,0,0,0,3,2,1,11,Average
551,student0551@student.hitech.lk,ACTIVE,STUDENT,3,SE-DB-130,ACTIVE,Cybersecurity,ACTIVE,OPEN,50000.0,4,MONTHS,1,52,9,2,1,6,0,27.78,26,8,2,32,2,9,3,4,2,4,0,0,0,0.0,0.0,0.0,0,0,0,0,0.0,SUCCESS,1,0,50000.0,1,2,0,0,1,1,0,0,0,0,41,Low
47,student0047@student.hitech.lk,ACTIVE,STUDENT,5,DS-ML-210,ACTIVE,Digital Marketing,ACTIVE,OPEN,45000.0,10,WEEKS,2,79,8,5,1,1,1,78.12,8,9,1,16,1,5,2,3,0,5,2,2,2,49.41,58.68,40.15,1,1,0,1,48.72,SUCCESS,1,1,45000.0,2,0,0,0,0,0,0,0,0,0,13,Medium
304,student0304@student.hitech.lk,ACTIVE,STUDENT,6,CY-SEC-110,ACTIVE,Information Technology,ACTIVE,OPEN,50000.0,16,WEEKS,1,128,18,8,0,10,0,44.44,20,9,0,15,14,17,4,8,5,5,0,0,0,0.0,0.0,0.0,0,0,0,0,0.0,PENDING,0,0,0.0,1,1,1,0,0,0,1,0,0,0,47,Low
436,student0436@student.hitech.lk,PENDING_VERIFICATION,STUDENT,2,SE-WEB-120,DRAFT,Data Science,ACTIVE,ADMIN_ONLY,25000.0,16,WEEKS,3,115,0,0,0,0,0,0.0,28,10,0,16,22,9,5,4,0,1,0,0,0,0.0,0.0,0.0,0,0,0,0,0.0,FAILED,0,2,0.0,0,0,0,0,0,0,0,1,0,1,44,Medium
86,student0086@student.hitech.lk,ACTIVE,STUDENT,7,BM-COMM-110,ACTIVE,Cloud Computing,COMPLETED,OPEN,35000.0,3,WEEKS,1,125,13,9,0,3,1,75.0,13,3,3,7,9,11,3,5,3,1,1,1,0,0.0,0.0,0.0,0,0,1,0,0.0,SUCCESS,1,0,35000.0,1,0,0,0,0,0,0,2,1,1,4,Good
485,student0485@student.hitech.lk,ACTIVE,STUDENT,1,SE-JAVA-101,ACTIVE,Software Engineering,COMPLETED,OPEN,40000.0,3,WEEKS,2,78,12,12,0,0,0,100.0,15,10,1,14,11,12,4,7,1,4,4,4,4,87.54,95.52,81.95,4,0,0,0,94.71,SUCCESS,1,0,40000.0,1,0,0,0,0,0,0,1,1,0,3,Good
525,student0525@student.hitech.lk,ACTIVE,STUDENT,10,IT-NET-100,ARCHIVED,Data Science,COMPLETED,OPEN,35000.0,8,WEEKS,1,158,21,19,0,2,0,90.48,26,8,0,16,18,14,5,7,2,1,1,1,1,85.45,85.45,85.45,1,0,0,0,85.17,SUCCESS,1,0,35000.0,1,0,0,0,0,0,0,0,0,0,0,Good
313,student0313@student.hitech.lk,ACTIVE,STUDENT,11,CC-AWS-101,ACTIVE,Cybersecurity,ACTIVE,ADMIN_ONLY,40000.0,12,WEEKS,1,86,4,4,0,0,0,100.0,4,14,0,4,14,7,2,3,2,4,3,3,3,70.58,79.84,63.23,3,0,0,1,64.65,SUCCESS,1,0,40000.0,1,0,0,0,0,0,0,2,1,1,5,Average
227,student0227@student.hitech.lk,ACTIVE,STUDENT,2,SE-WEB-120,DRAFT,Data Science,COMPLETED,ADMIN_ONLY,25000.0,16,WEEKS,3,192,2,2,0,0,0,100.0,28,10,0,16,22,9,5,4,0,1,1,1,1,89.47,89.47,89.47,1,0,0,0,91.18,SUCCESS,1,0,25000.0,1,1,0,0,1,0,0,0,0,0,2,Good
400,student0400@student.hitech.lk,ACTIVE,STUDENT,4,DS-PY-101,ACTIVE,Business Management,ACTIVE,OPEN,50000.0,4,MONTHS,2,98,15,9,2,3,1,71.67,28,5,0,29,4,7,3,2,2,3,2,2,2,63.66,65.39,61.92,2,0,0,0,61.14,SUCCESS,1,0,50000.0,1,0,0,0,0,0,0,1,1,0,4,Average
605,student0605@student.hitech.lk,ACTIVE,STUDENT,9,DM-SEO-101,ARCHIVED,Software Engineering,REMOVED,OPEN,30000.0,12,WEEKS,2,66,7,3,1,3,0,50.0,13,2,0,5,10,13,4,6,3,5,3,3,3,56.14,56.71,55.41,3,0,0,0,63.98,PENDING,0,1,0.0,1,1,0,0,0,1,0,1,0,1,4,Average
334,student0334@student.hitech.lk,ACTIVE,STUDENT,1,SE-JAVA-101,ACTIVE,Software Engineering,REMOVED,OPEN,40000.0,3,WEEKS,2,22,2,0,2,0,0,50.0,15,10,1,14,11,12,4,7,1,4,3,3,3,54.67,56.25,53.02,3,0,0,1,55.77,PENDING,0,0,0.0,1,1,0,0,0,1,0,1,1,0,5,Average
165,student0165@student.hitech.lk,ACTIVE,STUDENT,11,CC-AWS-101,ACTIVE,Cybersecurity,ACTIVE,ADMIN_ONLY,40000.0,12,WEEKS,1,34,4,0,2,2,0,25.0,4,14,0,4,14,7,2,3,2,4,2,1,1,61.4,61.4,61.4,1,0,0,2,61.36,SUCCESS,1,0,40000.0,1,3,2,1,3,0,0,2,2,0,26,Medium
65,student0065@student.hitech.lk,ACTIVE,STUDENT,11,CC-AWS-101,ACTIVE,Cybersecurity,COMPLETED,ADMIN_ONLY,40000.0,12,WEEKS,1,222,4,3,0,1,0,75.0,4,14,0,4,14,7,2,3,2,4,3,2,2,65.65,66.57,64.72,2,0,0,0,56.64,PENDING,0,1,0.0,1,0,0,0,0,0,0,0,0,0,9,Average
619,student0619@student.hitech.lk,ACTIVE,STUDENT,6,CY-SEC-110,ACTIVE,Information Technology,ACTIVE,OPEN,50000.0,16,WEEKS,1,97,15,14,0,1,0,93.33,20,9,0,15,14,17,4,8,5,5,4,4,3,94.04,100.0,90.97,3,0,1,1,96.19,SUCCESS,1,1,50000.0,2,0,0,0,0,0,0,1,1,0,0,Good
341,student0341@student.hitech.lk,ACTIVE,STUDENT,3,SE-DB-130,ACTIVE,Cybersecurity,ACTIVE,OPEN,50000.0,4,MONTHS,1,93,13,0,7,6,0,26.92,26,8,2,32,2,9,3,4,2,4,1,1,1,39.82,39.82,39.82,0,1,0,3,43.4,PENDING,0,1,0.0,1,1,1,0,0,1,0,0,0,0,57,Low
400,student0400@student.hitech.lk,ACTIVE,STUDENT,7,BM-COMM-110,ACTIVE,Cloud Computing,ACTIVE,OPEN,35000.0,3,WEEKS,1,68,12,6,1,4,1,60.42,13,3,3,7,9,11,3,5,3,1,1,1,1,46.11,46.11,46.11,0,1,0,1,38.81,PENDING,0,0,0.0,1,1,0,0,0,0,1,0,0,0,30,Medium
678,student0678@student.hitech.lk,ACTIVE,STUDENT,12,GD-UIUX-101,ACTIVE,Business Management,COMPLETED,ADMIN_ONLY,45000.0,8,WEEKS,1,79,12,11,1,0,0,95.83,12,2,0,6,8,14,4,5,5,3,3,3,3,88.46,96.56,81.47,3,0,0,0,91.75,SUCCESS,1,0,45000.0,1,0,0,0,0,0,0,1,0,1,1,Good
649,student0649@student.hitech.lk,ACTIVE,STUDENT,8,BM-MGMT-201,ACTIVE,Graphic Design,ACTIVE,ADMIN_ONLY,50000.0,3,WEEKS,2,125,7,1,1,5,0,21.43,7,6,0,10,3,13,7,5,1,1,0,0,0,0.0,0.0,0.0,0,0,0,0,0.0,FAILED,0,1,0.0,1,2,0,1,1,1,0,0,0,0,61,Low
428,student0428@student.hitech.lk,PENDING_VERIFICATION,STUDENT,11,CC-AWS-101,ACTIVE,Cybersecurity,ACTIVE,ADMIN_ONLY,40000.0,12,WEEKS,1,31,3,0,2,0,1,58.33,4,14,0,4,14,7,2,3,2,4,3,3,3,67.55,74.4,62.51,3,0,0,1,63.49,PENDING,0,0,0.0,1,1,0,0,0,0,1,0,0,0,15,Average
228,student0228@student.hitech.lk,ACTIVE,STUDENT,11,CC-AWS-101,ACTIVE,Cybersecurity,ACTIVE,ADMIN_ONLY,40000.0,12,WEEKS,1,208,4,1,1,1,1,56.25,4,14,0,4,14,7,2,3,2,4,0,0,0,0.0,0.0,0.0,0,0,0,0,0.0,SUCCESS,2,1,40000.0,1,1,0,1,0,0,1,2,0,2,29,Low
537,student0537@student.hitech.lk,ACTIVE,STUDENT,6,CY-SEC-110,ACTIVE,Information Technology,ACTIVE,OPEN,50000.0,16,WEEKS,1,36,4,2,1,1,0,62.5,20,9,0,15,14,17,4,8,5,5,4,4,4,94.77,100.0,89.35,4,0,0,0,94.27,SUCCESS,1,0,50000.0,1,1,0,0,0,1,0,1,0,1,5,Good
346,student0346@student.hitech.lk,ACTIVE,STUDENT,10,IT-NET-100,ARCHIVED,Data Science,ACTIVE,OPEN,35000.0,8,WEEKS,1,70,7,5,2,0,0,85.71,26,8,0,16,18,14,5,7,2,1,1,1,1,81.71,81.71,81.71,1,0,0,0,91.04,SUCCESS,1,0,35000.0,1,0,0,0,0,0,0,2,2,0,13,Average
284,student0284@student.hitech.lk,ACTIVE,STUDENT,9,DM-SEO-101,ARCHIVED,Software Engineering,ACTIVE,OPEN,30000.0,12,WEEKS,2,170,13,5,2,6,0,46.15,13,2,0,5,10,13,4,6,3,5,3,3,3,50.4,53.89,47.58,1,2,0,3,41.7,FAILED,0,2,0.0,1,2,1,0,2,0,0,2,1,1,26,Medium
525,student0525@student.hitech.lk,ACTIVE,STUDENT,11,CC-AWS-101,ACTIVE,Cybersecurity,COMPLETED,ADMIN_ONLY,40000.0,12,WEEKS,1,184,4,0,3,1,0,37.5,4,14,0,4,14,7,2,3,2,4,4,4,4,88.91,100.0,74.2,4,0,0,0,88.46,SUCCESS,1,1,40000.0,1,1,0,0,0,0,1,1,0,1,1,Good
454,student0454@student.hitech.lk,ACTIVE,STUDENT,2,SE-WEB-120,DRAFT,Data Science,ACTIVE,ADMIN_ONLY,25000.0,16,WEEKS,3,113,2,0,2,0,0,50.0,28,10,0,16,22,9,5,4,0,1,1,1,0,0.0,0.0,0.0,0,0,1,0,0.0,PENDING,0,0,0.0,1,0,0,0,0,0,0,1,1,0,6,Good
697,student0697@student.hitech.lk,ACTIVE,STUDENT,9,DM-SEO-101,ARCHIVED,Software Engineering,REMOVED,OPEN,30000.0,12,WEEKS,2,75,9,7,0,2,0,77.78,13,2,0,5,10,13,4,6,3,5,4,4,4,64.24,70.38,58.53,4,0,0,0,65.35,PENDING,0,0,0.0,1,2,0,0,0,2,0,1,1,0,10,Average
633,student0633@student.hitech.lk,ACTIVE,STUDENT,11,CC-AWS-101,ACTIVE,Cybersecurity,COMPLETED,ADMIN_ONLY,40000.0,12,WEEKS,1,137,4,3,1,0,0,87.5,4,14,0,4,14,7,2,3,2,4,4,3,3,86.25,95.8,81.14,3,0,0,1,85.75,SUCCESS,1,0,40000.0,2,0,0,0,0,0,0,0,0,0,5,Good
155,student0155@student.hitech.lk,ACTIVE,STUDENT,7,BM-COMM-110,ACTIVE,Cloud Computing,COMPLETED,OPEN,35000.0,3,WEEKS,1,135,13,10,0,2,1,82.69,13,3,3,7,9,11,3,5,3,1,1,1,1,67.3,67.3,67.3,1,0,0,0,60.89,SUCCESS,1,0,35000.0,1,0,0,0,0,0,0,0,0,0,4,Average
527,student0527@student.hitech.lk,ACTIVE,STUDENT,4,DS-PY-101,ACTIVE,Business Management,REMOVED,OPEN,50000.0,4,MONTHS,2,19,2,0,1,1,0,25.0,28,5,0,29,4,7,3,2,2,3,1,1,1,33.59,33.59,33.59,0,1,0,4,40.02,SUCCESS,1,0,50000.0,1,2,0,0,1,0,1,1,1,0,87,Low
710,student0710@student.hitech.lk,ACTIVE,STUDENT,12,GD-UIUX-101,ACTIVE,Business Management,COMPLETED,ADMIN_ONLY,45000.0,8,WEEKS,1,198,12,10,0,0,2,95.83,12,2,0,6,8,14,4,5,5,3,3,3,3,75.71,87.53,69.54,3,0,0,0,71.22,SUCCESS,2,0,45000.0,1,0,0,0,0,0,0,2,2,0,3,Good
34,student0034@student.hitech.lk,ACTIVE,STUDENT,5,DS-ML-210,ACTIVE,Digital Marketing,ACTIVE,OPEN,45000.0,10,WEEKS,2,102,8,6,1,1,0,81.25,8,9,1,16,1,5,2,3,0,5,4,4,4,84.39,87.86,81.86,4,0,0,0,83.35,SUCCESS,3,0,45000.0,1,1,1,0,0,0,1,0,0,0,2,Good
801,student0801@student.hitech.lk,ACTIVE,STUDENT,12,GD-UIUX-101,ACTIVE,Business Management,ACTIVE,ADMIN_ONLY,45000.0,8,WEEKS,1,81,10,5,1,4,0,55.0,12,2,0,6,8,14,4,5,5,3,2,2,2,42.97,51.24,34.7,1,1,0,1,43.99,SUCCESS,1,0,45000.0,1,0,0,0,0,0,0,1,1,0,25,Medium
410,student0410@student.hitech.lk,ACTIVE,STUDENT,6,CY-SEC-110,ACTIVE,Information Technology,ACTIVE,OPEN,50000.0,16,WEEKS,1,180,20,10,2,7,1,58.75,20,9,0,15,14,17,4,8,5,5,2,2,1,54.35,54.35,54.35,1,0,1,1,52.61,FAILED,0,1,0.0,0,1,0,0,1,0,0,0,0,0,40,Medium
740,student0740@student.hitech.lk,ACTIVE,STUDENT,4,DS-PY-101,ACTIVE,Business Management,ACTIVE,OPEN,50000.0,4,MONTHS,2,36,4,3,0,1,0,75.0,28,5,0,29,4,7,3,2,2,3,2,2,2,69.48,70.7,68.25,2,0,0,0,66.9,SUCCESS,2,0,50000.0,1,0,0,0,0,0,0,2,2,0,15,Average
138,student0138@student.hitech.lk,ACTIVE,STUDENT,3,SE-DB-130,ACTIVE,Cybersecurity,COMPLETED,OPEN,50000.0,4,MONTHS,1,106,17,15,0,2,0,88.24,26,8,2,32,2,9,3,4,2,4,3,3,3,74.45,83.69,69.26,3,0,0,0,71.96,FAILED,0,2,0.0,1,0,0,0,0,0,0,0,0,0,8,Average
161,student0161@student.hitech.lk,ACTIVE,STUDENT,9,DM-SEO-101,ARCHIVED,Software Engineering,ACTIVE,OPEN,30000.0,12,WEEKS,2,164,13,6,1,6,0,50.0,13,2,0,5,10,13,4,6,3,5,2,2,2,55.29,58.15,52.44,2,0,0,2,52.91,FAILED,0,1,0.0,1,1,1,0,0,0,1,2,1,1,25,Medium
126,student0126@student.hitech.lk,ACTIVE,STUDENT,11,CC-AWS-101,ACTIVE,Cybersecurity,ACTIVE,ADMIN_ONLY,40000.0,12,WEEKS,1,108,4,1,1,2,0,37.5,4,14,0,4,14,7,2,3,2,4,2,2,2,52.73,55.7,49.75,1,1,0,1,57.28,SUCCESS,1,0,40000.0,1,1,0,0,0,1,0,0,0,0,29,Medium
343,student0343@student.hitech.lk,ACTIVE,STUDENT,8,BM-MGMT-201,ACTIVE,Graphic Design,ACTIVE,ADMIN_ONLY,50000.0,3,WEEKS,2,86,7,6,0,1,0,85.71,7,6,0,10,3,13,7,5,1,1,1,1,1,60.27,60.27,60.27,1,0,0,1,62.93,SUCCESS,1,0,50000.0,2,0,0,0,0,0,0,0,0,0,14,Average
806,student0806@student.hitech.lk,ACTIVE,STUDENT,1,SE-JAVA-101,ACTIVE,Software Engineering,ACTIVE,OPEN,40000.0,3,WEEKS,2,94,15,8,0,6,1,58.33,15,10,1,14,11,12,4,7,1,4,1,1,1,54.61,54.61,54.61,1,0,0,1,59.32,FAILED,0,1,0.0,0,1,1,0,1,0,0,0,0,0,22,Medium
364,student0364@student.hitech.lk,ACTIVE,STUDENT,6,CY-SEC-110,ACTIVE,Information Technology,REMOVED,OPEN,50000.0,16,WEEKS,1,74,11,0,3,6,2,27.27,20,9,0,15,14,17,4,8,5,5,2,2,2,23.31,29.79,16.83,0,2,0,1,18.43,SUCCESS,1,0,50000.0,2,0,0,0,0,0,0,0,0,0,88,Low
66,student0066@student.hitech.lk,ACTIVE,STUDENT,10,IT-NET-100,ARCHIVED,Data Science,ACTIVE,OPEN,35000.0,8,WEEKS,1,14,1,0,1,0,0,50.0,26,8,0,16,18,14,5,7,2,1,1,1,1,61.65,61.65,61.65,1,0,0,0,63.38,PENDING,0,0,0.0,1,0,0,0,0,0,0,0,0,0,15,Average
89,student0089@student.hitech.lk,ACTIVE,STUDENT,4,DS-PY-101,ACTIVE,Business Management,REMOVED,OPEN,50000.0,4,MONTHS,2,25,3,0,2,1,0,33.33,28,5,0,29,4,7,3,2,2,3,2,2,2,50.82,53.45,48.19,1,1,0,4,43.71,SUCCESS,1,0,50000.0,1,1,0,0,1,0,0,1,1,0,30,Medium
282,student0282@student.hitech.lk,ACTIVE,STUDENT,6,CY-SEC-110,ACTIVE,Information Technology,REMOVED,OPEN,50000.0,16,WEEKS,1,39,5,3,0,1,1,75.0,20,9,0,15,14,17,4,8,5,5,2,1,1,33.97,33.97,33.97,0,1,0,0,39.21,SUCCESS,1,0,50000.0,1,3,0,0,0,1,2,1,1,0,20,Medium
671,student0671@student.hitech.lk,PENDING_VERIFICATION,STUDENT,7,BM-COMM-110,ACTIVE,Cloud Computing,REMOVED,OPEN,35000.0,3,WEEKS,1,45,5,0,3,2,0,30.0,13,3,3,7,9,11,3,5,3,1,1,1,1,44.83,44.83,44.83,0,1,0,0,46.85,SUCCESS,1,0,35000.0,2,1,1,0,0,0,1,0,0,0,49,Medium
693,student0693@student.hitech.lk,ACTIVE,STUDENT,3,SE-DB-130,ACTIVE,Cybersecurity,COMPLETED,OPEN,50000.0,4,MONTHS,1,149,17,17,0,0,0,100.0,26,8,2,32,2,9,3,4,2,4,3,3,3,98.54,100.0,96.97,3,0,0,0,93.94,SUCCESS,1,0,50000.0,1,0,0,0,0,0,0,0,0,0,7,Good
824,student0824@student.hitech.lk,ACTIVE,STUDENT,4,DS-PY-101,ACTIVE,Business Management,ACTIVE,OPEN,50000.0,4,MONTHS,2,78,11,10,0,0,1,97.73,28,5,0,29,4,7,3,2,2,3,3,3,3,82.01,89.46,77.59,3,0,0,1,80.07,SUCCESS,2,0,50000.0,1,0,0,0,0,0,0,0,0,0,5,Good
106,student0106@student.hitech.lk,ACTIVE,STUDENT,7,BM-COMM-110,ACTIVE,Cloud Computing,ACTIVE,OPEN,35000.0,3,WEEKS,1,25,3,0,2,0,1,58.33,13,3,3,7,9,11,3,5,3,1,1,1,1,55.18,55.18,55.18,1,0,0,1,50.74,FAILED,0,1,0.0,0,0,0,0,0,0,0,2,1,1,14,Medium
99,student0099@student.hitech.lk,ACTIVE,STUDENT,12,GD-UIUX-101,ACTIVE,Business Management,REMOVED,ADMIN_ONLY,45000.0,8,WEEKS,1,59,8,8,0,0,0,100.0,12,2,0,6,8,14,4,5,5,3,3,3,2,73.32,83.98,62.66,2,0,1,0,72.93,PENDING,0,0,0.0,1,0,0,0,0,0,0,2,2,0,6,Good
40,student0040@student.hitech.lk,INACTIVE,STUDENT,1,SE-JAVA-101,ACTIVE,Software Engineering,COMPLETED,OPEN,40000.0,3,WEEKS,2,215,15,12,0,2,1,85.0,15,10,1,14,11,12,4,7,1,4,3,3,3,53.53,54.56,52.87,3,0,0,0,48.91,SUCCESS,1,0,40000.0,1,0,0,0,0,0,0,0,0,0,39,Average
14,student0014@student.hitech.lk,ACTIVE,STUDENT,1,SE-JAVA-101,ACTIVE,Software Engineering,COMPLETED,OPEN,40000.0,3,WEEKS,2,71,10,7,0,3,0,70.0,15,10,1,14,11,12,4,7,1,4,3,3,3,68.89,81.1,58.98,3,0,0,0,68.49,SUCCESS,1,0,40000.0,2,0,0,0,0,0,0,1,1,0,8,Average
120,student0120@student.hitech.lk,ACTIVE,STUDENT,2,SE-WEB-120,DRAFT,Data Science,ACTIVE,ADMIN_ONLY,25000.0,16,WEEKS,3,136,3,0,2,1,0,33.33,28,10,0,16,22,9,5,4,0,1,0,0,0,0.0,0.0,0.0,0,0,0,0,0.0,SUCCESS,1,0,25000.0,1,0,0,0,0,0,0,1,1,0,30,Medium
835,student0835@student.hitech.lk,ACTIVE,STUDENT,3,SE-DB-130,ACTIVE,Cybersecurity,ACTIVE,OPEN,50000.0,4,MONTHS,1,137,19,15,1,2,1,85.53,26,8,2,32,2,9,3,4,2,4,4,4,4,86.88,94.96,78.71,4,0,0,0,90.52,SUCCESS,1,0,50000.0,1,0,0,0,0,0,0,2,2,0,1,Good
768,student0768@student.hitech.lk,ACTIVE,STUDENT,11,CC-AWS-101,ACTIVE,Cybersecurity,ACTIVE,ADMIN_ONLY,40000.0,12,WEEKS,1,36,4,1,1,1,1,56.25,4,14,0,4,14,7,2,3,2,4,2,2,2,47.72,55.3,40.15,1,1,0,4,43.42,SUCCESS,1,0,40000.0,1,1,1,0,0,0,1,1,1,0,31,Low
80,student0080@student.hitech.lk,INACTIVE,STUDENT,8,BM-MGMT-201,ACTIVE,Graphic Design,ACTIVE,ADMIN_ONLY,50000.0,3,WEEKS,2,51,6,3,1,2,0,58.33,7,6,0,10,3,13,7,5,1,1,1,1,1,42.07,42.07,42.07,0,1,0,1,42.74,SUCCESS,1,0,50000.0,1,1,1,0,0,1,0,0,0,0,41,Medium
367,student0367@student.hitech.lk,ACTIVE,STUDENT,1,SE-JAVA-101,ACTIVE,Software Engineering,COMPLETED,OPEN,40000.0,3,WEEKS,2,88,10,9,0,1,0,90.0,15,10,1,14,11,12,4,7,1,4,4,4,4,91.83,99.19,88.55,4,0,0,0,92.36,PENDING,0,0,0.0,1,0,0,0,0,0,0,0,0,0,6,Good
677,student0677@student.hitech.lk,ACTIVE,STUDENT,8,BM-MGMT-201,ACTIVE,Graphic Design,REMOVED,ADMIN_ONLY,50000.0,3,WEEKS,2,5,0,0,0,0,0,0.0,7,6,0,10,3,13,7,5,1,1,0,0,0,0.0,0.0,0.0,0,0,0,0,0.0,PENDING,0,0,0.0,1,2,2,1,2,0,0,0,0,0,26,Low
400,student0400@student.hitech.lk,ACTIVE,STUDENT,8,BM-MGMT-201,ACTIVE,Graphic Design,ACTIVE,ADMIN_ONLY,50000.0,3,WEEKS,2,63,7,2,3,2,0,50.0,7,6,0,10,3,13,7,5,1,1,1,1,1,78.65,78.65,78.65,1,0,0,0,86.63,PENDING,0,1,0.0,1,1,0,0,1,0,0,3,2,1,14,Average
439,student0439@student.hitech.lk,ACTIVE,STUDENT,5,DS-ML-210,ACTIVE,Digital Marketing,ACTIVE,OPEN,45000.0,10,WEEKS,2,76,8,6,2,0,0,87.5,8,9,1,16,1,5,2,3,0,5,5,4,4,93.1,100.0,82.45,4,0,0,1,90.36,SUCCESS,1,0,45000.0,1,0,0,0,0,0,0,2,2,0,4,Good
223,student0223@student.hitech.lk,ACTIVE,STUDENT,6,CY-SEC-110,ACTIVE,Information Technology,ACTIVE,OPEN,50000.0,16,WEEKS,1,50,7,0,2,5,0,14.29,20,9,0,15,14,17,4,8,5,5,0,0,0,0.0,0.0,0.0,0,0,0,0,0.0,FAILED,0,2,0.0,1,3,2,1,0,1,2,0,0,0,64,Low
484,student0484@student.hitech.lk,ACTIVE,STUDENT,7,BM-COMM-110,ACTIVE,Cloud Computing,ACTIVE,OPEN,35000.0,3,WEEKS,1,89,9,9,0,0,0,100.0,13,3,3,7,9,11,3,5,3,1,1,1,1,94.36,94.36,94.36,1,0,0,1,94.59,SUCCESS,1,0,35000.0,2,1,0,0,0,0,1,0,0,0,2,Good
227,student0227@student.hitech.lk,INACTIVE,STUDENT,10,IT-NET-100,ARCHIVED,Data Science,COMPLETED,OPEN,35000.0,8,WEEKS,1,179,26,17,2,7,0,69.23,26,8,0,16,18,14,5,7,2,1,1,1,1,67.53,67.53,67.53,1,0,0,0,71.11,SUCCESS,1,0,35000.0,1,1,1,0,0,0,1,0,0,0,16,Average
250,student0250@student.hitech.lk,ACTIVE,STUDENT,8,BM-MGMT-201,ACTIVE,Graphic Design,ACTIVE,ADMIN_ONLY,50000.0,3,WEEKS,2,123,7,3,0,4,0,42.86,7,6,0,10,3,13,7,5,1,1,0,0,0,0.0,0.0,0.0,0,0,0,0,0.0,SUCCESS,1,1,50000.0,1,0,0,0,0,0,0,1,1,0,35,Low
277,student0277@student.hitech.lk,ACTIVE,STUDENT,7,BM-COMM-110,ACTIVE,Cloud Computing,COMPLETED,OPEN,35000.0,3,WEEKS,1,192,13,12,0,1,0,92.31,13,3,3,7,9,11,3,5,3,1,1,1,0,0.0,0.0,0.0,0,0,1,0,0.0,SUCCESS,2,0,35000.0,1,0,0,0,0,0,0,0,0,0,5,Good
792,student0792@student.hitech.lk,PENDING_VERIFICATION,STUDENT,9,DM-SEO-101,ARCHIVED,Software Engineering,ACTIVE,OPEN,30000.0,12,WEEKS,2,61,8,4,1,3,0,56.25,13,2,0,5,10,13,4,6,3,5,3,3,3,64.76,67.93,59.33,3,0,0,0,67.16,FAILED,0,1,0.0,0,3,1,1,1,1,1,0,0,0,28,Medium
580,student0580@student.hitech.lk,ACTIVE,STUDENT,6,CY-SEC-110,ACTIVE,Information Technology,ACTIVE,OPEN,50000.0,16,WEEKS,1,110,12,9,1,2,0,79.17,20,9,0,15,14,17,4,8,5,5,3,3,2,67.8,70.51,65.09,2,0,1,0,70.56,SUCCESS,1,0,50000.0,1,1,1,1,0,0,1,1,0,1,12,Average
406,student0406@student.hitech.lk,ACTIVE,STUDENT,4,DS-PY-101,ACTIVE,Business Management,REMOVED,OPEN,50000.0,4,MONTHS,2,39,4,0,2,2,0,25.0,28,5,0,29,4,7,3,2,2,3,1,1,1,29.8,29.8,29.8,0,1,0,2,29.41,FAILED,0,2,0.0,1,5,2,0,3,0,2,0,0,0,76,Low
260,student0260@student.hitech.lk,ACTIVE,STUDENT,7,BM-COMM-110,ACTIVE,Cloud Computing,ACTIVE,OPEN,35000.0,3,WEEKS,1,103,13,4,2,7,0,38.46,13,3,3,7,9,11,3,5,3,1,1,1,1,58.76,58.76,58.76,1,0,0,1,58.03,SUCCESS,3,1,35000.0,1,0,0,0,0,0,0,0,0,0,35,Medium
459,student0459@student.hitech.lk,PENDING_VERIFICATION,STUDENT,6,CY-SEC-110,ACTIVE,Information Technology,COMPLETED,OPEN,50000.0,16,WEEKS,1,80,12,7,0,5,0,58.33,20,9,0,15,14,17,4,8,5,5,3,3,3,56.66,60.9,50.47,3,0,0,0,62.08,SUCCESS,2,0,50000.0,1,2,0,0,0,1,1,1,1,0,21,Medium
534,student0534@student.hitech.lk,ACTIVE,STUDENT,4,DS-PY-101,ACTIVE,Business Management,REMOVED,OPEN,50000.0,4,MONTHS,2,89,11,2,4,5,0,36.36,28,5,0,29,4,7,3,2,2,3,1,1,1,38.99,38.99,38.99,0,1,0,8,37.91,SUCCESS,2,0,50000.0,1,1,0,0,1,0,0,0,0,0,37,Low
242,student0242@student.hitech.lk,ACTIVE,STUDENT,7,BM-COMM-110,ACTIVE,Cloud Computing,COMPLETED,OPEN,35000.0,3,WEEKS,1,243,13,11,1,1,0,88.46,13,3,3,7,9,11,3,5,3,1,1,1,1,81.24,81.24,81.24,1,0,0,1,80.3,SUCCESS,1,1,35000.0,1,0,0,0,0,0,0,0,0,0,5,Good
545,student0545@student.hitech.lk,ACTIVE,STUDENT,5,DS-ML-210,ACTIVE,Digital Marketing,ACTIVE,OPEN,45000.0,10,WEEKS,2,60,8,6,0,1,1,84.38,8,9,1,16,1,5,2,3,0,5,3,3,3,63.98,71.69,53.73,3,0,0,0,60.77,SUCCESS,1,1,45000.0,1,1,0,1,0,0,1,0,0,0,5,Average
829,student0829@student.hitech.lk,PENDING_VERIFICATION,STUDENT,1,SE-JAVA-101,ACTIVE,Software Engineering,ACTIVE,OPEN,40000.0,3,WEEKS,2,189,15,10,0,4,1,71.67,15,10,1,14,11,12,4,7,1,4,3,3,3,83.94,94.66,72.05,3,0,0,0,93.3,SUCCESS,1,0,40000.0,1,1,0,0,0,1,0,0,0,0,8,Good
511,student0511@student.hitech.lk,ACTIVE,STUDENT,5,DS-ML-210,ACTIVE,Digital Marketing,ACTIVE,OPEN,45000.0,10,WEEKS,2,119,8,6,1,1,0,81.25,8,9,1,16,1,5,2,3,0,5,3,2,2,64.11,72.9,55.31,2,0,0,0,68.06,SUCCESS,3,1,45000.0,1,2,0,0,0,1,1,1,0,1,16,Average
10,student0010@student.hitech.lk,ACTIVE,STUDENT,1,SE-JAVA-101,ACTIVE,Software Engineering,ACTIVE,OPEN,40000.0,3,WEEKS,2,20,2,0,1,1,0,25.0,15,10,1,14,11,12,4,7,1,4,2,2,2,66.09,71.01,61.17,2,0,0,0,62.12,SUCCESS,1,0,40000.0,1,1,0,0,1,0,0,0,0,0,18,Medium
505,student0505@student.hitech.lk,ACTIVE,STUDENT,9,DM-SEO-101,ARCHIVED,Software Engineering,COMPLETED,OPEN,30000.0,12,WEEKS,2,183,13,9,2,2,0,76.92,13,2,0,5,10,13,4,6,3,5,5,5,5,87.35,92.41,83.86,5,0,0,0,86.33,SUCCESS,1,1,30000.0,1,0,0,0,0,0,0,0,0,0,6,Good
516,student0516@student.hitech.lk,ACTIVE,STUDENT,8,BM-MGMT-201,ACTIVE,Graphic Design,ACTIVE,ADMIN_ONLY,50000.0,3,WEEKS,2,62,7,5,0,2,0,71.43,7,6,0,10,3,13,7,5,1,1,1,1,1,75.68,75.68,75.68,1,0,0,2,83.87,SUCCESS,1,1,50000.0,1,0,0,0,0,0,0,1,1,0,13,Average
825,student0825@student.hitech.lk,PENDING_VERIFICATION,STUDENT,8,BM-MGMT-201,ACTIVE,Graphic Design,COMPLETED,ADMIN_ONLY,50000.0,3,WEEKS,2,136,7,5,1,1,0,78.57,7,6,0,10,3,13,7,5,1,1,1,0,0,0.0,0.0,0.0,0,0,0,0,0.0,FAILED,0,3,0.0,0,0,0,0,0,0,0,1,1,0,13,Good
642,student0642@student.hitech.lk,ACTIVE,STUDENT,11,CC-AWS-101,ACTIVE,Cybersecurity,ACTIVE,ADMIN_ONLY,40000.0,12,WEEKS,1,151,4,0,3,0,1,56.25,4,14,0,4,14,7,2,3,2,4,4,4,4,63.96,67.4,60.05,4,0,0,0,68.02,SUCCESS,1,0,40000.0,1,2,1,0,0,1,1,1,1,0,14,Average
51,student0051@student.hitech.lk,ACTIVE,STUDENT,1,SE-JAVA-101,ACTIVE,Software Engineering,COMPLETED,OPEN,40000.0,3,WEEKS,2,136,15,12,1,2,0,83.33,15,10,1,14,11,12,4,7,1,4,4,4,3,89.68,89.71,89.62,3,0,1,0,95.8,SUCCESS,1,0,40000.0,1,0,0,0,0,0,0,0,0,0,4,Good
718,student0718@student.hitech.lk,ACTIVE,STUDENT,7,BM-COMM-110,ACTIVE,Cloud Computing,ACTIVE,OPEN,35000.0,3,WEEKS,1,120,13,13,0,0,0,100.0,13,3,3,7,9,11,3,5,3,1,1,1,1,94.16,94.16,94.16,1,0,0,0,93.33,SUCCESS,1,1,35000.0,1,0,0,0,0,0,0,2,2,0,4,Good
195,student0195@student.hitech.lk,ACTIVE,STUDENT,12,GD-UIUX-101,ACTIVE,Business Management,REMOVED,ADMIN_ONLY,45000.0,8,WEEKS,1,52,6,0,2,4,0,16.67,12,2,0,6,8,14,4,5,5,3,0,0,0,0.0,0.0,0.0,0,0,0,0,0.0,PENDING,0,0,0.0,1,2,1,0,1,0,1,1,0,1,30,Low
186,student0186@student.hitech.lk,ACTIVE,STUDENT,11,CC-AWS-101,ACTIVE,Cybersecurity,COMPLETED,ADMIN_ONLY,40000.0,12,WEEKS,1,222,4,1,3,0,0,62.5,4,14,0,4,14,7,2,3,2,4,3,3,3,90.56,100.0,83.88,3,0,0,0,85.33,SUCCESS,3,0,40000.0,1,0,0,0,0,0,0,0,0,0,0,Good
642,student0642@student.hitech.lk,ACTIVE,STUDENT,8,BM-MGMT-201,ACTIVE,Graphic Design,ACTIVE,ADMIN_ONLY,50000.0,3,WEEKS,2,15,1,0,1,0,0,50.0,7,6,0,10,3,13,7,5,1,1,1,1,1,100.0,100.0,100.0,1,0,0,0,100.0,SUCCESS,2,0,50000.0,1,0,0,0,0,0,0,1,1,0,0,Good
685,student0685@student.hitech.lk,ACTIVE,STUDENT,1,SE-JAVA-101,ACTIVE,Software Engineering,ACTIVE,OPEN,40000.0,3,WEEKS,2,46,8,5,1,2,0,68.75,15,10,1,14,11,12,4,7,1,4,2,2,2,55.23,58.26,52.19,2,0,0,0,52.61,FAILED,0,1,0.0,0,1,0,1,0,0,1,1,0,1,37,Medium
643,student0643@student.hitech.lk,ACTIVE,STUDENT,12,GD-UIUX-101,ACTIVE,Business Management,COMPLETED,ADMIN_ONLY,45000.0,8,WEEKS,1,171,12,11,0,1,0,91.67,12,2,0,6,8,14,4,5,5,3,2,2,2,100.0,100.0,100.0,2,0,0,0,91.67,SUCCESS,1,0,45000.0,2,0,0,0,0,0,0,1,1,0,5,Good
797,student0797@student.hitech.lk,ACTIVE,STUDENT,10,IT-NET-100,ARCHIVED,Data Science,REMOVED,OPEN,35000.0,8,WEEKS,1,97,10,6,1,2,1,72.5,26,8,0,16,18,14,5,7,2,1,0,0,0,0.0,0.0,0.0,0,0,0,0,0.0,SUCCESS,1,0,35000.0,1,2,0,0,0,1,1,0,0,0,44,Low
811,student0811@student.hitech.lk,ACTIVE,STUDENT,2,SE-WEB-120,DRAFT,Data Science,REMOVED,ADMIN_ONLY,25000.0,16,WEEKS,3,62,1,0,0,0,1,75.0,28,10,0,16,22,9,5,4,0,1,0,0,0,0.0,0.0,0.0,0,0,0,0,0.0,FAILED,0,2,0.0,1,0,0,0,0,0,0,0,0,0,36,Low
631,student0631@student.hitech.lk,ACTIVE,STUDENT,5,DS-ML-210,ACTIVE,Digital Marketing,COMPLETED,OPEN,45000.0,10,WEEKS,2,193,8,4,2,2,0,62.5,8,9,1,16,1,5,2,3,0,5,4,4,4,81.66,83.37,79.56,4,0,0,0,83.77,SUCCESS,1,0,45000.0,1,0,0,0,0,0,0,0,0,0,7,Good
639,student0639@student.hitech.lk,ACTIVE,STUDENT,7,BM-COMM-110,ACTIVE,Cloud Computing,ACTIVE,OPEN,35000.0,3,WEEKS,1,35,5,3,0,2,0,60.0,13,3,3,7,9,11,3,5,3,1,0,0,0,0.0,0.0,0.0,0,0,0,0,0.0,PENDING,0,0,0.0,1,1,1,0,0,0,1,0,0,0,19,Medium
431,student0431@student.hitech.lk,ACTIVE,STUDENT,6,CY-SEC-110,ACTIVE,Information Technology,ACTIVE,OPEN,50000.0,16,WEEKS,1,82,14,5,1,8,0,39.29,20,9,0,15,14,17,4,8,5,5,3,3,3,47.58,51.19,42.34,1,2,0,4,51.72,SUCCESS,1,1,50000.0,1,0,0,0,0,0,0,1,0,1,35,Low
766,student0766@student.hitech.lk,ACTIVE,STUDENT,8,BM-MGMT-201,ACTIVE,Graphic Design,ACTIVE,ADMIN_ONLY,50000.0,3,WEEKS,2,108,7,4,2,0,1,82.14,7,6,0,10,3,13,7,5,1,1,1,1,1,55.28,55.28,55.28,1,0,0,0,61.09,PENDING,0,0,0.0,1,0,0,0,0,0,0,1,0,1,3,Average
696,student0696@student.hitech.lk,ACTIVE,STUDENT,12,GD-UIUX-101,ACTIVE,Business Management,ACTIVE,ADMIN_ONLY,45000.0,8,WEEKS,1,63,10,3,0,6,1,37.5,12,2,0,6,8,14,4,5,5,3,1,1,1,55.44,55.44,55.44,1,0,0,1,56.83,SUCCESS,1,2,45000.0,1,3,3,1,2,0,1,0,0,0,63,Low
64,student0064@student.hitech.lk,ACTIVE,STUDENT,11,CC-AWS-101,ACTIVE,Cybersecurity,COMPLETED,ADMIN_ONLY,40000.0,12,WEEKS,1,166,4,3,0,1,0,75.0,4,14,0,4,14,7,2,3,2,4,3,3,3,70.3,77.56,57.01,3,0,0,0,69.5,SUCCESS,1,0,40000.0,1,0,0,0,0,0,0,0,0,0,6,Average
438,student0438@student.hitech.lk,INACTIVE,STUDENT,10,IT-NET-100,ARCHIVED,Data Science,ACTIVE,OPEN,35000.0,8,WEEKS,1,87,16,10,1,5,0,65.62,26,8,0,16,18,14,5,7,2,1,1,1,1,55.88,55.88,55.88,1,0,0,0,57.36,SUCCESS,1,0,35000.0,1,1,1,0,1,0,0,0,0,0,34,Average
111,student0111@student.hitech.lk,ACTIVE,STUDENT,12,GD-UIUX-101,ACTIVE,Business Management,ACTIVE,ADMIN_ONLY,45000.0,8,WEEKS,1,148,12,7,1,4,0,62.5,12,2,0,6,8,14,4,5,5,3,2,2,2,73.21,76.73,69.69,2,0,0,1,86.14,SUCCESS,1,0,45000.0,2,1,0,0,1,0,0,2,1,1,14,Average
603,student0603@student.hitech.lk,ACTIVE,STUDENT,12,GD-UIUX-101,ACTIVE,Business Management,REMOVED,ADMIN_ONLY,45000.0,8,WEEKS,1,80,10,3,2,4,1,47.5,12,2,0,6,8,14,4,5,5,3,2,2,2,47.49,59.49,35.49,1,1,0,1,54.53,SUCCESS,2,0,45000.0,1,1,0,0,0,1,0,0,0,0,25,Medium
790,student0790@student.hitech.lk,INACTIVE,STUDENT,6,CY-SEC-110,ACTIVE,Information Technology,COMPLETED,OPEN,50000.0,16,WEEKS,1,222,20,19,0,1,0,95.0,20,9,0,15,14,17,4,8,5,5,5,5,5,79.93,87.79,72.29,5,0,0,0,72.3,SUCCESS,1,0,50000.0,1,0,0,0,0,0,0,1,1,0,37,Good
7,student0007@student.hitech.lk,ACTIVE,STUDENT,12,GD-UIUX-101,ACTIVE,Business Management,COMPLETED,ADMIN_ONLY,45000.0,8,WEEKS,1,152,12,12,0,0,0,100.0,12,2,0,6,8,14,4,5,5,3,3,3,3,85.62,89.45,81.18,3,0,0,0,81.39,SUCCESS,1,0,45000.0,1,0,0,0,0,0,0,1,1,0,6,Good
434,student0434@student.hitech.lk,ACTIVE,STUDENT,9,DM-SEO-101,ARCHIVED,Software Engineering,ACTIVE,OPEN,30000.0,12,WEEKS,2,127,13,11,0,1,1,90.38,13,2,0,5,10,13,4,6,3,5,4,4,4,77.5,88.9,67.0,4,0,0,0,80.16,SUCCESS,1,0,30000.0,1,1,0,0,1,0,0,0,0,0,7,Average
739,student0739@student.hitech.lk,ACTIVE,STUDENT,3,SE-DB-130,ACTIVE,Cybersecurity,REMOVED,OPEN,50000.0,4,MONTHS,1,57,6,3,2,1,0,66.67,26,8,2,32,2,9,3,4,2,4,2,2,2,70.54,71.4,69.68,2,0,0,0,68.15,SUCCESS,1,0,50000.0,1,0,0,0,0,0,0,2,1,1,9,Average
211,student0211@student.hitech.lk,ACTIVE,STUDENT,12,GD-UIUX-101,ACTIVE,Business Management,REMOVED,ADMIN_ONLY,45000.0,8,WEEKS,1,62,10,3,1,6,0,35.0,12,2,0,6,8,14,4,5,5,3,0,0,0,0.0,0.0,0.0,0,0,0,0,0.0,PENDING,0,1,0.0,1,4,3,1,2,1,1,1,0,1,59,Low
258,student0258@student.hitech.lk,ACTIVE,STUDENT,6,CY-SEC-110,ACTIVE,Information Technology,REMOVED,OPEN,50000.0,16,WEEKS,1,34,5,2,2,1,0,60.0,20,9,0,15,14,17,4,8,5,5,2,2,2,49.24,57.91,40.58,1,1,0,1,51.57,PENDING,0,0,0.0,1,0,0,0,0,0,0,0,0,0,32,Medium
98,student0098@student.hitech.lk,PENDING_VERIFICATION,STUDENT,10,IT-NET-100,ARCHIVED,Data Science,ACTIVE,OPEN,35000.0,8,WEEKS,1,96,15,9,1,5,0,63.33,26,8,0,16,18,14,5,7,2,1,1,1,1,58.51,58.51,58.51,1,0,0,2,61.94,FAILED,0,3,0.0,1,1,0,0,0,0,1,1,0,1,35,Medium
557,student0557@student.hitech.lk,PENDING_VERIFICATION,STUDENT,5,DS-ML-210,ACTIVE,Digital Marketing,ACTIVE,OPEN,45000.0,10,WEEKS,2,99,8,5,1,1,1,78.12,8,9,1,16,1,5,2,3,0,5,4,4,3,84.72,97.28,72.4,3,0,1,1,76.98,SUCCESS,1,0,45000.0,1,0,0,0,0,0,0,0,0,0,18,Good
681,student0681@student.hitech.lk,ACTIVE,STUDENT,11,CC-AWS-101,ACTIVE,Cybersecurity,COMPLETED,ADMIN_ONLY,40000.0,12,WEEKS,1,220,4,1,1,2,0,37.5,4,14,0,4,14,7,2,3,2,4,3,3,3,56.98,61.7,49.32,2,1,0,0,54.25,SUCCESS,1,0,40000.0,1,1,0,0,1,0,0,1,1,0,27,Medium
169,student0169@student.hitech.lk,ACTIVE,STUDENT,9,DM-SEO-101,ARCHIVED,Software Engineering,ACTIVE,OPEN,30000.0,12,WEEKS,2,117,13,11,0,1,1,90.38,13,2,0,5,10,13,4,6,3,5,4,3,3,87.58,91.67,81.7,3,0,0,0,87.14,SUCCESS,1,0,30000.0,1,0,0,0,0,0,0,0,0,0,6,Good
557,student0557@student.hitech.lk,ACTIVE,STUDENT,4,DS-PY-101,ACTIVE,Business Management,COMPLETED,OPEN,50000.0,4,MONTHS,2,149,28,25,1,2,0,91.07,28,5,0,29,4,7,3,2,2,3,2,2,2,69.71,74.61,64.82,2,0,0,0,64.74,SUCCESS,1,0,50000.0,1,0,0,0,0,0,0,1,1,0,9,Average
466,student0466@student.hitech.lk,ACTIVE,STUDENT,3,SE-DB-130,ACTIVE,Cybersecurity,ACTIVE,OPEN,50000.0,4,MONTHS,1,20,2,0,1,1,0,25.0,26,8,2,32,2,9,3,4,2,4,2,1,1,51.65,51.65,51.65,1,0,0,0,53.19,FAILED,0,1,0.0,1,3,2,0,2,0,1,1,1,0,22,Medium
121,student0121@student.hitech.lk,PENDING_VERIFICATION,STUDENT,12,GD-UIUX-101,ACTIVE,Business Management,COMPLETED,ADMIN_ONLY,45000.0,8,WEEKS,1,231,12,10,0,2,0,83.33,12,2,0,6,8,14,4,5,5,3,2,1,1,68.69,68.69,68.69,1,0,0,3,66.4,SUCCESS,1,0,45000.0,2,0,0,0,0,0,0,1,1,0,18,Average
32,student0032@student.hitech.lk,ACTIVE,STUDENT,7,BM-COMM-110,ACTIVE,Cloud Computing,REMOVED,OPEN,35000.0,3,WEEKS,1,6,0,0,0,0,0,0.0,13,3,3,7,9,11,3,5,3,1,1,1,1,38.2,38.2,38.2,0,1,0,0,41.27,PENDING,0,0,0.0,1,0,0,0,0,0,0,1,1,0,27,Medium
821,student0821@student.hitech.lk,ACTIVE,STUDENT,6,CY-SEC-110,ACTIVE,Information Technology,REMOVED,OPEN,50000.0,16,WEEKS,1,35,4,3,1,0,0,87.5,20,9,0,15,14,17,4,8,5,5,4,4,4,65.32,77.97,55.09,4,0,0,4,60.84,SUCCESS,1,0,50000.0,1,2,0,0,1,1,0,1,1,0,7,Average
629,student0629@student.hitech.lk,ACTIVE,STUDENT,4,DS-PY-101,ACTIVE,Business Management,COMPLETED,OPEN,50000.0,4,MONTHS,2,168,20,16,0,4,0,80.0,28,5,0,29,4,7,3,2,2,3,2,2,2,60.18,65.63,54.73,2,0,0,0,64.26,SUCCESS,1,1,50000.0,1,1,0,0,1,0,0,1,1,0,15,Average
250,student0250@student.hitech.lk,ACTIVE,STUDENT,11,CC-AWS-101,ACTIVE,Cybersecurity,REMOVED,ADMIN_ONLY,40000.0,12,WEEKS,1,5,0,0,0,0,0,0.0,4,14,0,4,14,7,2,3,2,4,3,3,3,58.8,61.64,55.81,3,0,0,0,65.51,SUCCESS,1,1,40000.0,1,0,0,0,0,0,0,0,0,0,9,Average
499,student0499@student.hitech.lk,ACTIVE,STUDENT,2,SE-WEB-120,DRAFT,Data Science,COMPLETED,ADMIN_ONLY,25000.0,16,WEEKS,3,196,3,0,1,1,1,41.67,28,10,0,16,22,9,5,4,0,1,1,1,1,55.22,55.22,55.22,1,0,0,1,55.69,FAILED,0,1,0.0,0,1,1,0,0,0,1,2,0,2,23,Medium
243,student0243@student.hitech.lk,ACTIVE,STUDENT,6,CY-SEC-110,ACTIVE,Information Technology,ACTIVE,OPEN,50000.0,16,WEEKS,1,57,8,4,2,2,0,62.5,20,9,0,15,14,17,4,8,5,5,3,2,2,42.56,46.0,39.12,0,2,0,3,45.9,PENDING,0,0,0.0,1,0,0,0,0,0,0,0,0,0,16,Medium
636,student0636@student.hitech.lk,ACTIVE,STUDENT,1,SE-JAVA-101,ACTIVE,Software Engineering,REMOVED,OPEN,40000.0,3,WEEKS,2,115,13,11,2,0,0,92.31,15,10,1,14,11,12,4,7,1,4,4,4,4,84.33,92.34,71.01,4,0,0,0,82.39,SUCCESS,1,0,40000.0,1,0,0,0,0,0,0,0,0,0,4,Good
274,student0274@student.hitech.lk,ACTIVE,STUDENT,2,SE-WEB-120,DRAFT,Data Science,COMPLETED,ADMIN_ONLY,25000.0,16,WEEKS,3,229,0,0,0,0,0,0.0,28,10,0,16,22,9,5,4,0,1,1,1,1,61.53,61.53,61.53,1,0,0,0,62.51,SUCCESS,1,0,25000.0,1,0,0,0,0,0,0,4,3,1,14,Average
623,student0623@student.hitech.lk,ACTIVE,STUDENT,1,SE-JAVA-101,ACTIVE,Software Engineering,ACTIVE,OPEN,40000.0,3,WEEKS,2,47,7,5,0,2,0,71.43,15,10,1,14,11,12,4,7,1,4,3,3,3,67.52,77.15,57.53,3,0,0,1,72.7,PENDING,0,0,0.0,1,1,0,1,0,1,0,3,3,0,3,Average
467,student0467@student.hitech.lk,ACTIVE,STUDENT,4,DS-PY-101,ACTIVE,Business Management,ACTIVE,OPEN,50000.0,4,MONTHS,2,77,11,10,0,1,0,90.91,28,5,0,29,4,7,3,2,2,3,3,3,3,80.59,85.17,76.24,3,0,0,0,82.66,SUCCESS,1,1,50000.0,1,0,0,0,0,0,0,2,1,1,7,Good
779,student0779@student.hitech.lk,INACTIVE,STUDENT,12,GD-UIUX-101,ACTIVE,Business Management,ACTIVE,ADMIN_ONLY,45000.0,8,WEEKS,1,156,12,5,1,6,0,45.83,12,2,0,6,8,14,4,5,5,3,2,2,2,52.07,59.32,44.83,1,1,0,1,52.3,FAILED,0,1,0.0,0,1,0,0,1,0,0,0,0,0,26,Medium
528,student0528@student.hitech.lk,ACTIVE,STUDENT,2,SE-WEB-120,DRAFT,Data Science,ACTIVE,ADMIN_ONLY,25000.0,16,WEEKS,3,182,3,0,1,0,2,66.67,28,10,0,16,22,9,5,4,0,1,0,0,0,0.0,0.0,0.0,0,0,0,0,0.0,FAILED,0,1,0.0,0,0,0,0,0,0,0,0,0,0,26,Low
313,student0313@student.hitech.lk,ACTIVE,STUDENT,2,SE-WEB-120,DRAFT,Data Science,ACTIVE,ADMIN_ONLY,25000.0,16,WEEKS,3,51,0,0,0,0,0,0.0,28,10,0,16,22,9,5,4,0,1,0,0,0,0.0,0.0,0.0,0,0,0,0,0.0,PENDING,0,0,0.0,1,0,0,0,0,0,0,0,0,0,45,Low
177,student0177@student.hitech.lk,ACTIVE,STUDENT,6,CY-SEC-110,ACTIVE,Information Technology,ACTIVE,OPEN,50000.0,16,WEEKS,1,82,12,9,2,1,0,83.33,20,9,0,15,14,17,4,8,5,5,5,5,5,86.16,99.56,74.81,5,0,0,0,91.08,SUCCESS,1,0,50000.0,1,0,0,0,0,0,0,0,0,0,0,Good
398,student0398@student.hitech.lk,ACTIVE,STUDENT,9,DM-SEO-101,ARCHIVED,Software Engineering,REMOVED,OPEN,30000.0,12,WEEKS,2,60,9,3,1,2,3,63.89,13,2,0,5,10,13,4,6,3,5,0,0,0,0.0,0.0,0.0,0,0,0,0,0.0,FAILED,0,1,0.0,0,4,2,0,4,0,0,0,0,0,35,Low
365,student0365@student.hitech.lk,ACTIVE,STUDENT,6,CY-SEC-110,ACTIVE,Information Technology,ACTIVE,OPEN,50000.0,16,WEEKS,1,64,8,4,2,1,1,71.88,20,9,0,15,14,17,4,8,5,5,2,2,2,57.76,61.44,54.07,2,0,0,0,55.88,PENDING,0,0,0.0,1,3,3,1,0,1,2,2,1,1,22,Medium
61,student0061@student.hitech.lk,ACTIVE,STUDENT,8,BM-MGMT-201,ACTIVE,Graphic Design,ACTIVE,ADMIN_ONLY,50000.0,3,WEEKS,2,83,7,4,0,3,0,57.14,7,6,0,10,3,13,7,5,1,1,0,0,0,0.0,0.0,0.0,0,0,0,0,0.0,SUCCESS,1,0,50000.0,2,0,0,0,0,0,0,2,1,1,25,Low
235,student0235@student.hitech.lk,ACTIVE,STUDENT,11,CC-AWS-101,ACTIVE,Cybersecurity,ACTIVE,ADMIN_ONLY,40000.0,12,WEEKS,1,32,4,2,1,1,0,62.5,4,14,0,4,14,7,2,3,2,4,2,2,1,60.61,60.61,60.61,1,0,1,1,56.85,SUCCESS,1,2,40000.0,1,1,0,1,1,0,0,2,2,0,13,Average
539,student0539@student.hitech.lk,ACTIVE,STUDENT,7,BM-COMM-110,ACTIVE,Cloud Computing,ACTIVE,OPEN,35000.0,3,WEEKS,1,121,13,9,1,3,0,73.08,13,3,3,7,9,11,3,5,3,1,0,0,0,0.0,0.0,0.0,0,0,0,0,0.0,FAILED,0,1,0.0,1,0,0,0,0,0,0,6,3,3,34,Medium
457,student0457@student.hitech.lk,PENDING_VERIFICATION,STUDENT,10,IT-NET-100,ARCHIVED,Data Science,ACTIVE,OPEN,35000.0,8,WEEKS,1,145,22,14,2,5,1,71.59,26,8,0,16,18,14,5,7,2,1,1,1,1,71.16,71.16,71.16,1,0,0,0,73.28,PENDING,0,0,0.0,1,2,1,0,0,1,1,0,0,0,17,Average
572,student0572@student.hitech.lk,INACTIVE,STUDENT,12,GD-UIUX-101,ACTIVE,Business Management,ACTIVE,ADMIN_ONLY,45000.0,8,WEEKS,1,85,12,7,1,4,0,62.5,12,2,0,6,8,14,4,5,5,3,2,2,2,67.79,68.16,67.42,2,0,0,2,69.56,SUCCESS,1,0,45000.0,1,2,0,0,0,1,1,0,0,0,46,Average
422,student0422@student.hitech.lk,ACTIVE,STUDENT,1,SE-JAVA-101,ACTIVE,Software Engineering,COMPLETED,OPEN,40000.0,3,WEEKS,2,185,15,12,3,0,0,90.0,15,10,1,14,11,12,4,7,1,4,4,4,4,80.42,90.71,61.32,4,0,0,0,85.13,SUCCESS,1,1,40000.0,2,0,0,0,0,0,0,0,0,0,5,Good
597,student0597@student.hitech.lk,ACTIVE,STUDENT,3,SE-DB-130,ACTIVE,Cybersecurity,ACTIVE,OPEN,50000.0,4,MONTHS,1,78,14,2,2,10,0,21.43,26,8,2,32,2,9,3,4,2,4,1,1,0,0.0,0.0,0.0,0,0,1,1,0.0,FAILED,0,2,0.0,1,2,2,0,1,0,1,0,0,0,56,Low
634,student0634@student.hitech.lk,ACTIVE,STUDENT,10,IT-NET-100,ARCHIVED,Data Science,ACTIVE,OPEN,35000.0,8,WEEKS,1,25,4,0,2,1,1,43.75,26,8,0,16,18,14,5,7,2,1,0,0,0,0.0,0.0,0.0,0,0,0,0,0.0,SUCCESS,1,0,35000.0,1,1,0,0,0,0,1,2,2,0,17,Medium
692,student0692@student.hitech.lk,ACTIVE,STUDENT,6,CY-SEC-110,ACTIVE,Information Technology,ACTIVE,OPEN,50000.0,16,WEEKS,1,49,6,6,0,0,0,100.0,20,9,0,15,14,17,4,8,5,5,3,3,3,64.94,68.68,60.78,3,0,0,1,64.44,SUCCESS,2,0,50000.0,1,1,0,0,0,0,1,0,0,0,10,Average
165,student0165@student.hitech.lk,ACTIVE,STUDENT,9,DM-SEO-101,ARCHIVED,Software Engineering,ACTIVE,OPEN,30000.0,12,WEEKS,2,25,3,0,2,0,1,58.33,13,2,0,5,10,13,4,6,3,5,3,2,2,56.68,62.68,50.68,2,0,0,0,50.39,PENDING,0,0,0.0,1,2,0,1,1,0,1,0,0,0,22,Medium
553,student0553@student.hitech.lk,ACTIVE,STUDENT,1,SE-JAVA-101,ACTIVE,Software Engineering,ACTIVE,OPEN,40000.0,3,WEEKS,2,30,4,3,0,0,1,93.75,15,10,1,14,11,12,4,7,1,4,2,2,2,69.09,73.5,64.68,2,0,0,0,63.76,PENDING,0,0,0.0,1,1,0,0,0,0,1,1,1,0,11,Average
88,student0088@student.hitech.lk,ACTIVE,STUDENT,1,SE-JAVA-101,ACTIVE,Software Engineering,COMPLETED,OPEN,40000.0,3,WEEKS,2,187,15,13,1,1,0,90.0,15,10,1,14,11,12,4,7,1,4,4,3,3,86.52,91.12,84.21,3,0,0,1,83.67,SUCCESS,2,2,40000.0,2,0,0,0,0,0,0,1,1,0,1,Good
114,student0114@student.hitech.lk,ACTIVE,STUDENT,9,DM-SEO-101,ARCHIVED,Software Engineering,COMPLETED,OPEN,30000.0,12,WEEKS,2,97,12,5,3,3,1,60.42,13,2,0,5,10,13,4,6,3,5,3,3,3,47.34,55.51,38.54,1,2,0,2,38.65,PENDING,0,0,0.0,1,1,1,0,0,0,1,0,0,0,24,Medium
626,student0626@student.hitech.lk,ACTIVE,STUDENT,12,GD-UIUX-101,ACTIVE,Business Management,REMOVED,ADMIN_ONLY,45000.0,8,WEEKS,1,40,4,1,2,0,1,68.75,12,2,0,6,8,14,4,5,5,3,3,3,3,92.93,100.0,87.65,3,0,0,0,94.3,SUCCESS,1,0,45000.0,1,1,0,0,1,0,0,0,0,0,4,Good
420,student0420@student.hitech.lk,ACTIVE,STUDENT,6,CY-SEC-110,ACTIVE,Information Technology,COMPLETED,OPEN,50000.0,16,WEEKS,1,199,20,19,0,1,0,95.0,20,9,0,15,14,17,4,8,5,5,5,5,5,84.5,93.77,68.72,5,0,0,0,87.45,SUCCESS,1,0,50000.0,2,0,0,0,0,0,0,0,0,0,2,Good
633,student0633@student.hitech.lk,PENDING_VERIFICATION,STUDENT,3,SE-DB-130,ACTIVE,Cybersecurity,ACTIVE,OPEN,50000.0,4,MONTHS,1,101,14,8,2,4,0,64.29,26,8,2,32,2,9,3,4,2,4,3,3,3,65.22,71.12,56.15,3,0,0,3,66.96,PENDING,0,0,0.0,1,0,0,0,0,0,0,0,0,0,46,Medium
314,student0314@student.hitech.lk,ACTIVE,STUDENT,12,GD-UIUX-101,ACTIVE,Business Management,ACTIVE,ADMIN_ONLY,45000.0,8,WEEKS,1,100,12,9,3,0,0,87.5,12,2,0,6,8,14,4,5,5,3,3,3,3,75.83,81.93,68.14,3,0,0,1,75.76,SUCCESS,1,0,45000.0,1,0,0,0,0,0,0,0,0,0,0,Good
106,student0106@student.hitech.lk,ACTIVE,STUDENT,12,GD-UIUX-101,ACTIVE,Business Management,ACTIVE,ADMIN_ONLY,45000.0,8,WEEKS,1,128,12,10,0,2,0,83.33,12,2,0,6,8,14,4,5,5,3,2,2,2,73.59,83.1,64.07,2,0,0,0,75.83,SUCCESS,1,0,45000.0,1,2,0,0,1,0,1,1,1,0,6,Average
570,student0570@student.hitech.lk,ACTIVE,STUDENT,5,DS-ML-210,ACTIVE,Digital Marketing,REMOVED,OPEN,45000.0,10,WEEKS,2,50,6,0,2,4,0,16.67,8,9,1,16,1,5,2,3,0,5,1,1,1,25.69,25.69,25.69,0,1,0,3,21.2,SUCCESS,1,0,45000.0,1,2,1,0,0,2,0,0,0,0,35,Low
556,student0556@student.hitech.lk,ACTIVE,STUDENT,12,GD-UIUX-101,ACTIVE,Business Management,COMPLETED,ADMIN_ONLY,45000.0,8,WEEKS,1,187,12,10,2,0,0,91.67,12,2,0,6,8,14,4,5,5,3,3,3,3,81.56,83.79,80.07,3,0,0,0,85.54,SUCCESS,2,0,45000.0,1,0,0,0,0,0,0,0,0,0,0,Good
416,student0416@student.hitech.lk,ACTIVE,STUDENT,4,DS-PY-101,ACTIVE,Business Management,ACTIVE,OPEN,50000.0,4,MONTHS,2,99,15,5,3,6,1,48.33,28,5,0,29,4,7,3,2,2,3,1,1,1,48.4,48.4,48.4,0,1,0,0,47.62,PENDING,0,0,0.0,1,1,0,0,0,0,1,0,0,0,27,Medium
538,student0538@student.hitech.lk,ACTIVE,STUDENT,5,DS-ML-210,ACTIVE,Digital Marketing,COMPLETED,OPEN,45000.0,10,WEEKS,2,166,8,7,0,1,0,87.5,8,9,1,16,1,5,2,3,0,5,4,4,4,85.38,86.39,83.47,4,0,0,1,83.56,PENDING,0,0,0.0,1,0,0,0,0,0,0,0,0,0,7,Good
185,student0185@student.hitech.lk,ACTIVE,STUDENT,6,CY-SEC-110,ACTIVE,Information Technology,ACTIVE,OPEN,50000.0,16,WEEKS,1,29,4,3,0,0,1,93.75,20,9,0,15,14,17,4,8,5,5,2,2,2,57.64,58.68,56.6,2,0,0,1,56.53,PENDING,0,0,0.0,1,2,0,1,1,0,1,0,0,0,36,Medium
665,student0665@student.hitech.lk,ACTIVE,STUDENT,7,BM-COMM-110,ACTIVE,Cloud Computing,ACTIVE,OPEN,35000.0,3,WEEKS,1,71,12,5,2,5,0,50.0,13,3,3,7,9,11,3,5,3,1,0,0,0,0.0,0.0,0.0,0,0,0,0,0.0,PENDING,0,0,0.0,1,1,1,0,1,0,0,3,3,0,30,Medium
95,student0095@student.hitech.lk,ACTIVE,STUDENT,10,IT-NET-100,ARCHIVED,Data Science,REMOVED,OPEN,35000.0,8,WEEKS,1,73,11,2,1,7,1,29.55,26,8,0,16,18,14,5,7,2,1,0,0,0,0.0,0.0,0.0,0,0,0,0,0.0,SUCCESS,2,0,35000.0,1,4,2,1,2,0,2,0,0,0,72,Low
107,student0107@student.hitech.lk,ACTIVE,STUDENT,3,SE-DB-130,ACTIVE,Cybersecurity,ACTIVE,OPEN,50000.0,4,MONTHS,1,171,21,6,1,12,2,38.1,26,8,2,32,2,9,3,4,2,4,0,0,0,0.0,0.0,0.0,0,0,0,0,0.0,FAILED,0,1,0.0,0,0,0,0,0,0,0,0,0,0,61,Low
841,student0841@student.hitech.lk,ACTIVE,STUDENT,2,SE-WEB-120,DRAFT,Data Science,REMOVED,ADMIN_ONLY,25000.0,16,WEEKS,3,6,1,0,1,0,0,50.0,28,10,0,16,22,9,5,4,0,1,1,1,1,60.39,60.39,60.39,1,0,0,0,62.32,SUCCESS,1,0,25000.0,1,2,2,1,2,0,0,1,0,1,38,Medium
148,student0148@student.hitech.lk,ACTIVE,STUDENT,4,DS-PY-101,ACTIVE,Business Management,ACTIVE,OPEN,50000.0,4,MONTHS,2,74,12,9,2,1,0,83.33,28,5,0,29,4,7,3,2,2,3,3,3,3,87.71,94.72,82.17,3,0,0,0,86.42,SUCCESS,1,1,50000.0,1,0,0,0,0,0,0,1,1,0,5,Good
123,student0123@student.hitech.lk,ACTIVE,STUDENT,2,SE-WEB-120,DRAFT,Data Science,ACTIVE,ADMIN_ONLY,25000.0,16,WEEKS,3,161,1,0,1,0,0,50.0,28,10,0,16,22,9,5,4,0,1,1,1,1,78.3,78.3,78.3,1,0,0,1,80.88,SUCCESS,1,0,25000.0,1,0,0,0,0,0,0,2,2,0,7,Good
544,student0544@student.hitech.lk,ACTIVE,STUDENT,5,DS-ML-210,ACTIVE,Digital Marketing,ACTIVE,OPEN,45000.0,10,WEEKS,2,98,8,4,1,3,0,56.25,8,9,1,16,1,5,2,3,0,5,3,3,3,56.19,60.41,47.93,2,1,0,3,51.38,PENDING,0,0,0.0,1,0,0,0,0,0,0,2,2,0,39,Medium
114,student0114@student.hitech.lk,ACTIVE,STUDENT,1,SE-JAVA-101,ACTIVE,Software Engineering,COMPLETED,OPEN,40000.0,3,WEEKS,2,202,15,11,3,1,0,83.33,15,10,1,14,11,12,4,7,1,4,3,2,2,77.64,79.81,75.46,2,0,0,0,83.77,SUCCESS,1,1,40000.0,1,0,0,0,0,0,0,1,1,0,2,Good
462,student0462@student.hitech.lk,PENDING_VERIFICATION,STUDENT,6,CY-SEC-110,ACTIVE,Information Technology,ACTIVE,OPEN,50000.0,16,WEEKS,1,66,12,5,0,6,1,47.92,20,9,0,15,14,17,4,8,5,5,2,2,2,64.24,70.62,57.87,2,0,0,0,62.86,SUCCESS,1,0,50000.0,1,0,0,0,0,0,0,1,0,1,29,Medium
348,student0348@student.hitech.lk,ACTIVE,STUDENT,5,DS-ML-210,ACTIVE,Digital Marketing,ACTIVE,OPEN,45000.0,10,WEEKS,2,93,8,3,2,2,1,59.38,8,9,1,16,1,5,2,3,0,5,1,1,1,68.88,68.88,68.88,1,0,0,0,61.42,FAILED,0,1,0.0,1,0,0,0,0,0,0,0,0,0,15,Medium
651,student0651@student.hitech.lk,ACTIVE,STUDENT,11,CC-AWS-101,ACTIVE,Cybersecurity,COMPLETED,ADMIN_ONLY,40000.0,12,WEEKS,1,183,4,3,0,1,0,75.0,4,14,0,4,14,7,2,3,2,4,3,3,3,63.19,71.04,49.55,2,1,0,0,59.23,SUCCESS,1,0,40000.0,1,1,0,0,0,0,1,3,3,0,6,Average
808,student0808@student.hitech.lk,ACTIVE,STUDENT,9,DM-SEO-101,ARCHIVED,Software Engineering,ACTIVE,OPEN,30000.0,12,WEEKS,2,121,13,5,2,6,0,46.15,13,2,0,5,10,13,4,6,3,5,1,1,1,58.88,58.88,58.88,1,0,0,1,57.85,SUCCESS,1,0,30000.0,1,0,0,0,0,0,0,0,0,0,23,Medium
297,student0297@student.hitech.lk,ACTIVE,STUDENT,12,GD-UIUX-101,ACTIVE,Business Management,ACTIVE,ADMIN_ONLY,45000.0,8,WEEKS,1,216,12,1,1,10,0,12.5,12,2,0,6,8,14,4,5,5,3,0,0,0,0.0,0.0,0.0,0,0,0,0,0.0,FAILED,0,1,0.0,1,0,0,0,0,0,0,0,0,0,26,Low
479,student0479@student.hitech.lk,ACTIVE,STUDENT,1,SE-JAVA-101,ACTIVE,Software Engineering,COMPLETED,OPEN,40000.0,3,WEEKS,2,317,15,14,1,0,0,96.67,15,10,1,14,11,12,4,7,1,4,4,4,4,89.74,92.71,87.1,4,0,0,0,90.12,SUCCESS,2,0,40000.0,1,0,0,0,0,0,0,0,0,0,0,Good
196,student0196@student.hitech.lk,ACTIVE,STUDENT,8,BM-MGMT-201,ACTIVE,Graphic Design,ACTIVE,ADMIN_ONLY,50000.0,3,WEEKS,2,68,7,5,0,1,1,82.14,7,6,0,10,3,13,7,5,1,1,1,1,1,56.24,56.24,56.24,1,0,0,0,58.48,PENDING,0,0,0.0,1,3,1,1,1,1,1,1,0,1,24,Medium
88,student0088@student.hitech.lk,PENDING_VERIFICATION,STUDENT,2,SE-WEB-120,DRAFT,Data Science,ACTIVE,ADMIN_ONLY,25000.0,16,WEEKS,3,164,1,0,0,1,0,0.0,28,10,0,16,22,9,5,4,0,1,0,0,0,0.0,0.0,0.0,0,0,0,0,0.0,PENDING,0,1,0.0,1,1,0,0,0,1,0,0,0,0,89,Low
477,student0477@student.hitech.lk,ACTIVE,STUDENT,6,CY-SEC-110,ACTIVE,Information Technology,ACTIVE,OPEN,50000.0,16,WEEKS,1,157,20,16,0,4,0,80.0,20,9,0,15,14,17,4,8,5,5,4,4,4,66.43,71.08,59.21,4,0,0,1,65.78,SUCCESS,1,0,50000.0,1,3,0,0,1,1,1,2,2,0,15,Average
635,student0635@student.hitech.lk,ACTIVE,STUDENT,5,DS-ML-210,ACTIVE,Digital Marketing,ACTIVE,OPEN,45000.0,10,WEEKS,2,37,6,2,1,2,1,54.17,8,9,1,16,1,5,2,3,0,5,2,2,2,40.77,49.27,32.27,0,2,0,0,45.94,SUCCESS,1,0,45000.0,2,2,1,0,1,0,1,1,1,0,50,Low
649,student0649@student.hitech.lk,ACTIVE,STUDENT,6,CY-SEC-110,ACTIVE,Information Technology,ACTIVE,OPEN,50000.0,16,WEEKS,1,87,11,8,0,2,1,79.55,20,9,0,15,14,17,4,8,5,5,4,3,3,70.45,75.49,64.81,3,0,0,0,68.16,SUCCESS,1,0,50000.0,1,0,0,0,0,0,0,0,0,0,7,Average
615,student0615@student.hitech.lk,ACTIVE,STUDENT,12,GD-UIUX-101,ACTIVE,Business Management,ACTIVE,ADMIN_ONLY,45000.0,8,WEEKS,1,82,9,4,3,0,2,77.78,12,2,0,6,8,14,4,5,5,3,2,1,1,68.09,68.09,68.09,1,0,0,1,74.06,SUCCESS,1,1,45000.0,1,4,2,0,3,1,0,3,1,2,36,Medium
370,student0370@student.hitech.lk,ACTIVE,STUDENT,3,SE-DB-130,ACTIVE,Cybersecurity,COMPLETED,OPEN,50000.0,4,MONTHS,1,227,26,17,0,9,0,65.38,26,8,2,32,2,9,3,4,2,4,2,2,2,69.52,70.53,68.51,2,0,0,0,65.33,SUCCESS,1,0,50000.0,1,0,0,0,0,0,0,1,0,1,13,Average
442,student0442@student.hitech.lk,ACTIVE,STUDENT,2,SE-WEB-120,DRAFT,Data Science,COMPLETED,ADMIN_ONLY,25000.0,16,WEEKS,3,230,0,0,0,0,0,0.0,28,10,0,16,22,9,5,4,0,1,1,1,1,62.66,62.66,62.66,1,0,0,2,66.42,SUCCESS,1,0,25000.0,1,1,0,0,0,0,1,2,2,0,11,Average
795,student0795@student.hitech.lk,ACTIVE,STUDENT,8,BM-MGMT-201,ACTIVE,Graphic Design,ACTIVE,ADMIN_ONLY,50000.0,3,WEEKS,2,20,2,1,1,0,0,75.0,7,6,0,10,3,13,7,5,1,1,1,1,1,78.53,78.53,78.53,1,0,0,1,72.66,SUCCESS,1,0,50000.0,1,0,0,0,0,0,0,2,2,0,17,Average
466,student0466@student.hitech.lk,ACTIVE,STUDENT,5,DS-ML-210,ACTIVE,Digital Marketing,ACTIVE,OPEN,45000.0,10,WEEKS,2,83,8,4,1,2,1,65.62,8,9,1,16,1,5,2,3,0,5,3,3,3,46.74,53.59,41.32,1,2,0,3,43.43,SUCCESS,1,1,45000.0,1,0,0,0,0,0,0,0,0,0,12,Medium
690,student0690@student.hitech.lk,ACTIVE,STUDENT,3,SE-DB-130,ACTIVE,Cybersecurity,REMOVED,OPEN,50000.0,4,MONTHS,1,10,1,0,1,0,0,50.0,26,8,2,32,2,9,3,4,2,4,0,0,0,0.0,0.0,0.0,0,0,0,0,0.0,PENDING,0,0,0.0,1,5,3,1,3,2,0,0,0,0,76,Low
191,student0191@student.hitech.lk,ACTIVE,STUDENT,9,DM-SEO-101,ARCHIVED,Software Engineering,COMPLETED,OPEN,30000.0,12,WEEKS,2,133,13,6,4,3,0,61.54,13,2,0,5,10,13,4,6,3,5,3,3,3,66.0,68.14,64.14,3,0,0,0,67.06,PENDING,0,0,0.0,1,4,1,0,1,3,0,0,0,0,15,Average
102,student0102@student.hitech.lk,ACTIVE,STUDENT,8,BM-MGMT-201,ACTIVE,Graphic Design,ACTIVE,ADMIN_ONLY,50000.0,3,WEEKS,2,77,7,3,2,0,2,78.57,7,6,0,10,3,13,7,5,1,1,0,0,0,0.0,0.0,0.0,0,0,0,0,0.0,FAILED,0,2,0.0,0,2,0,0,0,1,1,0,0,0,21,Medium
791,student0791@student.hitech.lk,ACTIVE,STUDENT,8,BM-MGMT-201,ACTIVE,Graphic Design,ACTIVE,ADMIN_ONLY,50000.0,3,WEEKS,2,109,7,3,1,3,0,50.0,7,6,0,10,3,13,7,5,1,1,0,0,0,0.0,0.0,0.0,0,0,0,0,0.0,PENDING,0,1,0.0,1,1,1,0,0,0,1,1,1,0,76,Low
519,student0519@student.hitech.lk,PENDING_VERIFICATION,STUDENT,2,SE-WEB-120,DRAFT,Data Science,REMOVED,ADMIN_ONLY,25000.0,16,WEEKS,3,51,0,0,0,0,0,0.0,28,10,0,16,22,9,5,4,0,1,0,0,0,0.0,0.0,0.0,0,0,0,0,0.0,SUCCESS,1,1,25000.0,1,1,1,1,0,0,1,1,0,1,56,Low
237,student0237@student.hitech.lk,ACTIVE,STUDENT,4,DS-PY-101,ACTIVE,Business Management,COMPLETED,OPEN,50000.0,4,MONTHS,2,157,20,11,3,6,0,62.5,28,5,0,29,4,7,3,2,2,3,2,2,1,52.06,52.06,52.06,1,0,1,0,53.93,SUCCESS,1,1,50000.0,1,1,0,0,1,0,0,0,0,0,10,Average
696,student0696@student.hitech.lk,ACTIVE,STUDENT,8,BM-MGMT-201,ACTIVE,Graphic Design,REMOVED,ADMIN_ONLY,50000.0,3,WEEKS,2,24,3,0,2,0,1,58.33,7,6,0,10,3,13,7,5,1,1,0,0,0,0.0,0.0,0.0,0,0,0,0,0.0,SUCCESS,1,0,50000.0,1,0,0,0,0,0,0,0,0,0,34,Low
154,student0154@student.hitech.lk,ACTIVE,STUDENT,2,SE-WEB-120,DRAFT,Data Science,ACTIVE,ADMIN_ONLY,25000.0,16,WEEKS,3,226,1,0,1,0,0,50.0,28,10,0,16,22,9,5,4,0,1,0,0,0,0.0,0.0,0.0,0,0,0,0,0.0,SUCCESS,2,2,25000.0,1,2,0,1,1,0,1,1,0,1,30,Medium
215,student0215@student.hitech.lk,ACTIVE,STUDENT,11,CC-AWS-101,ACTIVE,Cybersecurity,ACTIVE,ADMIN_ONLY,40000.0,12,WEEKS,1,73,4,0,2,2,0,25.0,4,14,0,4,14,7,2,3,2,4,2,2,1,66.07,66.07,66.07,1,0,1,1,62.94,PENDING,0,0,0.0,1,3,0,0,1,1,1,2,2,0,23,Medium
409,student0409@student.hitech.lk,ACTIVE,STUDENT,10,IT-NET-100,ARCHIVED,Data Science,ACTIVE,OPEN,35000.0,8,WEEKS,1,132,23,19,1,2,1,88.04,26,8,0,16,18,14,5,7,2,1,1,1,1,63.08,63.08,63.08,1,0,0,1,63.85,SUCCESS,2,1,35000.0,1,1,0,0,0,0,1,2,1,1,11,Average
424,student0424@student.hitech.lk,ACTIVE,STUDENT,1,SE-JAVA-101,ACTIVE,Software Engineering,ACTIVE,OPEN,40000.0,3,WEEKS,2,33,4,2,0,1,1,68.75,15,10,1,14,11,12,4,7,1,4,1,0,0,0.0,0.0,0.0,0,0,0,0,0.0,FAILED,0,1,0.0,1,2,0,0,2,0,0,0,0,0,44,Low
528,student0528@student.hitech.lk,ACTIVE,STUDENT,8,BM-MGMT-201,ACTIVE,Graphic Design,ACTIVE,ADMIN_ONLY,50000.0,3,WEEKS,2,14,1,0,0,0,1,75.0,7,6,0,10,3,13,7,5,1,1,0,0,0,0.0,0.0,0.0,0,0,0,0,0.0,SUCCESS,1,0,50000.0,1,3,1,0,1,0,2,0,0,0,43,Low
192,student0192@student.hitech.lk,ACTIVE,STUDENT,3,SE-DB-130,ACTIVE,Cybersecurity,ACTIVE,OPEN,50000.0,4,MONTHS,1,88,14,14,0,0,0,100.0,26,8,2,32,2,9,3,4,2,4,3,2,2,87.1,88.07,86.14,2,0,0,0,94.72,SUCCESS,1,0,50000.0,1,0,0,0,0,0,0,1,1,0,5,Good
638,student0638@student.hitech.lk,ACTIVE,STUDENT,12,GD-UIUX-101,ACTIVE,Business Management,ACTIVE,ADMIN_ONLY,45000.0,8,WEEKS,1,63,9,2,1,6,0,27.78,12,2,0,6,8,14,4,5,5,3,1,1,0,0.0,0.0,0.0,0,0,1,3,0.0,SUCCESS,1,0,45000.0,1,2,1,0,0,0,2,0,0,0,80,Low
658,student0658@student.hitech.lk,ACTIVE,STUDENT,12,GD-UIUX-101,ACTIVE,Business Management,ACTIVE,ADMIN_ONLY,45000.0,8,WEEKS,1,59,8,7,0,1,0,87.5,12,2,0,6,8,14,4,5,5,3,3,3,3,95.45,100.0,90.96,3,0,0,0,97.25,SUCCESS,2,0,45000.0,1,0,0,0,0,0,0,0,0,0,6,Good
803,student0803@student.hitech.lk,ACTIVE,STUDENT,9,DM-SEO-101,ARCHIVED,Software Engineering,COMPLETED,OPEN,30000.0,12,WEEKS,2,130,13,9,2,2,0,76.92,13,2,0,5,10,13,4,6,3,5,3,3,3,66.75,73.62,60.95,3,0,0,0,59.95,SUCCESS,1,0,30000.0,1,1,0,0,1,0,0,0,0,0,11,Average
174,student0174@student.hitech.lk,ACTIVE,STUDENT,12,GD-UIUX-101,ACTIVE,Business Management,ACTIVE,ADMIN_ONLY,45000.0,8,WEEKS,1,66,10,2,4,4,0,40.0,12,2,0,6,8,14,4,5,5,3,2,2,2,49.96,55.8,44.12,1,1,0,1,52.6,SUCCESS,2,0,45000.0,1,1,0,1,0,1,0,0,0,0,27,Medium
535,student0535@student.hitech.lk,ACTIVE,STUDENT,12,GD-UIUX-101,ACTIVE,Business Management,ACTIVE,ADMIN_ONLY,45000.0,8,WEEKS,1,154,12,3,5,3,1,52.08,12,2,0,6,8,14,4,5,5,3,1,1,1,45.54,45.54,45.54,0,1,0,0,47.38,SUCCESS,1,0,45000.0,1,1,0,0,0,0,1,0,0,0,30,Medium
266,student0266@student.hitech.lk,ACTIVE,STUDENT,2,SE-WEB-120,DRAFT,Data Science,ACTIVE,ADMIN_ONLY,25000.0,16,WEEKS,3,121,2,0,2,0,0,50.0,28,10,0,16,22,9,5,4,0,1,1,1,1,71.96,71.96,71.96,1,0,0,1,72.09,SUCCESS,1,0,25000.0,1,1,0,0,1,0,0,1,1,0,11,Average
470,student0470@student.hitech.lk,ACTIVE,STUDENT,9,DM-SEO-101,ARCHIVED,Software Engineering,ACTIVE,OPEN,30000.0,12,WEEKS,2,60,9,6,0,3,0,66.67,13,2,0,5,10,13,4,6,3,5,4,4,4,81.67,88.41,77.89,4,0,0,0,80.81,SUCCESS,2,0,30000.0,1,0,0,0,0,0,0,0,0,0,8,Average
529,student0529@student.hitech.lk,ACTIVE,STUDENT,8,BM-MGMT-201,ACTIVE,Graphic Design,ACTIVE,ADMIN_ONLY,50000.0,3,WEEKS,2,202,7,4,1,2,0,64.29,7,6,0,10,3,13,7,5,1,1,0,0,0,0.0,0.0,0.0,0,0,0,0,0.0,SUCCESS,2,0,50000.0,2,2,0,0,0,1,1,1,1,0,31,Medium
124,student0124@student.hitech.lk,ACTIVE,STUDENT,9,DM-SEO-101,ARCHIVED,Software Engineering,ACTIVE,OPEN,30000.0,12,WEEKS,2,17,2,0,1,1,0,25.0,13,2,0,5,10,13,4,6,3,5,1,0,0,0.0,0.0,0.0,0,0,0,1,0.0,SUCCESS,1,1,30000.0,1,2,1,0,1,0,1,0,0,0,47,Low
664,student0664@student.hitech.lk,ACTIVE,STUDENT,4,DS-PY-101,ACTIVE,Business Management,ACTIVE,OPEN,50000.0,4,MONTHS,2,26,5,3,1,0,1,85.0,28,5,0,29,4,7,3,2,2,3,3,3,3,79.03,84.91,70.36,3,0,0,1,80.54,SUCCESS,1,0,50000.0,1,0,0,0,0,0,0,1,1,0,4,Good
631,student0631@student.hitech.lk,ACTIVE,STUDENT,11,CC-AWS-101,ACTIVE,Cybersecurity,ACTIVE,ADMIN_ONLY,40000.0,12,WEEKS,1,38,4,2,1,0,1,81.25,4,14,0,4,14,7,2,3,2,4,4,4,4,78.69,88.29,73.56,4,0,0,1,78.54,SUCCESS,1,0,40000.0,1,0,0,0,0,0,0,2,2,0,4,Good
326,student0326@student.hitech.lk,ACTIVE,STUDENT,7,BM-COMM-110,ACTIVE,Cloud Computing,COMPLETED,OPEN,35000.0,3,WEEKS,1,174,13,8,1,4,0,65.38,13,3,3,7,9,11,3,5,3,1,0,0,0,0.0,0.0,0.0,0,0,0,0,0.0,SUCCESS,1,1,35000.0,1,1,1,0,0,1,0,1,0,1,33,Medium
304,student0304@student.hitech.lk,ACTIVE,STUDENT,9,DM-SEO-101,ARCHIVED,Software Engineering,REMOVED,OPEN,30000.0,12,WEEKS,2,41,6,0,1,5,0,8.33,13,2,0,5,10,13,4,6,3,5,1,1,1,27.95,27.95,27.95,0,1,0,1,32.66,PENDING,0,0,0.0,1,0,0,0,0,0,0,1,1,0,51,Low
411,student0411@student.hitech.lk,ACTIVE,STUDENT,2,SE-WEB-120,DRAFT,Data Science,ACTIVE,ADMIN_ONLY,25000.0,16,WEEKS,3,85,1,0,1,0,0,50.0,28,10,0,16,22,9,5,4,0,1,1,1,1,68.83,68.83,68.83,1,0,0,0,66.76,FAILED,0,1,0.0,1,0,0,0,0,0,0,3,3,0,4,Good
533,student0533@student.hitech.lk,ACTIVE,STUDENT,8,BM-MGMT-201,ACTIVE,Graphic Design,ACTIVE,ADMIN_ONLY,50000.0,3,WEEKS,2,80,7,6,0,1,0,85.71,7,6,0,10,3,13,7,5,1,1,1,1,0,0.0,0.0,0.0,0,0,1,0,0.0,FAILED,0,1,0.0,1,1,0,0,1,0,0,1,1,0,18,Average
806,student0806@student.hitech.lk,ACTIVE,STUDENT,8,BM-MGMT-201,ACTIVE,Graphic Design,ACTIVE,ADMIN_ONLY,50000.0,3,WEEKS,2,134,7,3,3,1,0,64.29,7,6,0,10,3,13,7,5,1,1,1,1,1,87.61,87.61,87.61,1,0,0,0,86.31,SUCCESS,1,0,50000.0,2,0,0,0,0,0,0,2,2,0,4,Good
402,student0402@student.hitech.lk,PENDING_VERIFICATION,STUDENT,3,SE-DB-130,ACTIVE,Cybersecurity,REMOVED,OPEN,50000.0,4,MONTHS,1,34,5,2,1,1,1,65.0,26,8,2,32,2,9,3,4,2,4,2,1,1,8.25,8.25,8.25,0,1,0,1,10.91,SUCCESS,1,1,50000.0,1,2,1,0,1,1,0,0,0,0,90,Low
120,student0120@student.hitech.lk,ACTIVE,STUDENT,12,GD-UIUX-101,ACTIVE,Business Management,ACTIVE,ADMIN_ONLY,45000.0,8,WEEKS,1,70,12,6,2,4,0,58.33,12,2,0,6,8,14,4,5,5,3,0,0,0,0.0,0.0,0.0,0,0,0,0,0.0,FAILED,0,1,0.0,1,0,0,0,0,0,0,1,0,1,85,Low
783,student0783@student.hitech.lk,ACTIVE,STUDENT,4,DS-PY-101,ACTIVE,Business Management,ACTIVE,OPEN,50000.0,4,MONTHS,2,246,28,21,0,7,0,75.0,28,5,0,29,4,7,3,2,2,3,2,2,2,66.62,71.67,61.57,2,0,0,1,69.14,PENDING,0,0,0.0,1,0,0,0,0,0,0,1,1,0,14,Average
64,student0064@student.hitech.lk,ACTIVE,STUDENT,12,GD-UIUX-101,ACTIVE,Business Management,COMPLETED,ADMIN_ONLY,45000.0,8,WEEKS,1,153,12,10,0,2,0,83.33,12,2,0,6,8,14,4,5,5,3,2,2,2,72.56,73.21,71.91,2,0,0,0,73.7,SUCCESS,1,0,45000.0,1,2,1,0,0,1,1,0,0,0,4,Average
281,student0281@student.hitech.lk,ACTIVE,STUDENT,5,DS-ML-210,ACTIVE,Digital Marketing,COMPLETED,OPEN,45000.0,10,WEEKS,2,188,8,1,2,4,1,34.38,8,9,1,16,1,5,2,3,0,5,1,1,1,7.4,7.4,7.4,0,1,0,1,1.6,SUCCESS,2,1,45000.0,1,0,0,0,0,0,0,1,0,1,80,Low
482,student0482@student.hitech.lk,ACTIVE,STUDENT,4,DS-PY-101,ACTIVE,Business Management,ACTIVE,OPEN,50000.0,4,MONTHS,2,93,12,3,3,6,0,37.5,28,5,0,29,4,7,3,2,2,3,2,2,1,44.8,44.8,44.8,0,1,1,2,47.0,FAILED,0,1,0.0,1,1,0,0,1,0,0,0,0,0,19,Medium
544,student0544@student.hitech.lk,ACTIVE,STUDENT,12,GD-UIUX-101,ACTIVE,Business Management,COMPLETED,ADMIN_ONLY,45000.0,8,WEEKS,1,142,12,8,1,3,0,70.83,12,2,0,6,8,14,4,5,5,3,2,2,2,79.81,90.28,69.34,2,0,0,1,89.41,SUCCESS,1,0,45000.0,1,0,0,0,0,0,0,3,2,1,18,Average
485,student0485@student.hitech.lk,ACTIVE,STUDENT,8,BM-MGMT-201,ACTIVE,Graphic Design,ACTIVE,ADMIN_ONLY,50000.0,3,WEEKS,2,29,3,3,0,0,0,100.0,7,6,0,10,3,13,7,5,1,1,1,1,1,80.4,80.4,80.4,1,0,0,0,87.25,SUCCESS,1,0,50000.0,1,0,0,0,0,0,0,1,1,0,4,Good
89,student0089@student.hitech.lk,ACTIVE,STUDENT,3,SE-DB-130,ACTIVE,Cybersecurity,COMPLETED,OPEN,50000.0,4,MONTHS,1,177,22,15,1,6,0,70.45,26,8,2,32,2,9,3,4,2,4,3,3,3,59.5,68.25,44.07,2,1,0,0,55.52,SUCCESS,1,0,50000.0,1,0,0,0,0,0,0,0,0,0,13,Average
379,student0379@student.hitech.lk,ACTIVE,STUDENT,4,DS-PY-101,ACTIVE,Business Management,ACTIVE,OPEN,50000.0,4,MONTHS,2,206,23,20,0,3,0,86.96,28,5,0,29,4,7,3,2,2,3,2,2,1,67.29,67.29,67.29,1,0,1,0,69.64,SUCCESS,1,0,50000.0,1,1,0,0,0,1,0,1,1,0,6,Good
655,student0655@student.hitech.lk,ACTIVE,STUDENT,1,SE-JAVA-101,ACTIVE,Software Engineering,ACTIVE,OPEN,40000.0,3,WEEKS,2,100,11,5,1,5,0,50.0,15,10,1,14,11,12,4,7,1,4,2,2,2,43.68,44.05,43.31,0,2,0,0,46.05,SUCCESS,1,0,40000.0,1,1,0,0,0,1,0,0,0,0,34,Medium
282,student0282@student.hitech.lk,ACTIVE,STUDENT,5,DS-ML-210,ACTIVE,Digital Marketing,COMPLETED,OPEN,45000.0,10,WEEKS,2,238,8,6,1,1,0,81.25,8,9,1,16,1,5,2,3,0,5,5,4,4,83.89,99.39,74.25,4,0,0,0,75.99,PENDING,0,0,0.0,1,0,0,0,0,0,0,1,1,0,1,Good
573,student0573@student.hitech.lk,ACTIVE,STUDENT,1,SE-JAVA-101,ACTIVE,Software Engineering,ACTIVE,OPEN,40000.0,3,WEEKS,2,121,14,5,2,7,0,42.86,15,10,1,14,11,12,4,7,1,4,1,1,1,30.39,30.39,30.39,0,1,0,2,33.34,SUCCESS,1,0,40000.0,1,3,2,1,3,0,0,0,0,0,50,Low
219,student0219@student.hitech.lk,ACTIVE,STUDENT,8,BM-MGMT-201,ACTIVE,Graphic Design,ACTIVE,ADMIN_ONLY,50000.0,3,WEEKS,2,42,6,5,0,1,0,83.33,7,6,0,10,3,13,7,5,1,1,1,1,1,74.2,74.2,74.2,1,0,0,0,71.98,SUCCESS,1,2,50000.0,1,0,0,0,0,0,0,1,1,0,16,Average
769,student0769@student.hitech.lk,ACTIVE,STUDENT,7,BM-COMM-110,ACTIVE,Cloud Computing,ACTIVE,OPEN,35000.0,3,WEEKS,1,77,10,8,0,2,0,80.0,13,3,3,7,9,11,3,5,3,1,1,0,0,0.0,0.0,0.0,0,0,0,0,0.0,PENDING,0,0,0.0,1,0,0,0,0,0,0,0,0,0,2,Good
336,student0336@student.hitech.lk,ACTIVE,STUDENT,5,DS-ML-210,ACTIVE,Digital Marketing,ACTIVE,OPEN,45000.0,10,WEEKS,2,127,8,6,0,2,0,75.0,8,9,1,16,1,5,2,3,0,5,4,4,4,71.86,82.05,63.76,4,0,0,0,73.34,PENDING,0,0,0.0,1,0,0,0,0,0,0,1,1,0,18,Average
91,student0091@student.hitech.lk,ACTIVE,STUDENT,2,SE-WEB-120,DRAFT,Data Science,COMPLETED,ADMIN_ONLY,25000.0,16,WEEKS,3,122,0,0,0,0,0,0.0,28,10,0,16,22,9,5,4,0,1,1,1,0,0.0,0.0,0.0,0,0,1,0,0.0,PENDING,0,0,0.0,1,0,0,0,0,0,0,0,0,0,0,Good
100,student0100@student.hitech.lk,ACTIVE,STUDENT,10,IT-NET-100,ARCHIVED,Data Science,ACTIVE,OPEN,35000.0,8,WEEKS,1,44,8,5,2,1,0,75.0,26,8,0,16,18,14,5,7,2,1,1,1,1,92.84,92.84,92.84,1,0,0,1,89.0,SUCCESS,1,0,35000.0,1,0,0,0,0,0,0,1,1,0,1,Good
665,student0665@student.hitech.lk,ACTIVE,STUDENT,11,CC-AWS-101,ACTIVE,Cybersecurity,ACTIVE,ADMIN_ONLY,40000.0,12,WEEKS,1,40,4,1,2,1,0,50.0,4,14,0,4,14,7,2,3,2,4,3,3,2,54.82,58.36,51.27,2,0,1,0,54.6,SUCCESS,1,0,40000.0,1,1,0,0,1,0,0,1,0,1,8,Average
738,student0738@student.hitech.lk,ACTIVE,STUDENT,3,SE-DB-130,ACTIVE,Cybersecurity,ACTIVE,OPEN,50000.0,4,MONTHS,1,164,26,22,1,3,0,86.54,26,8,2,32,2,9,3,4,2,4,3,3,3,79.38,92.38,64.06,3,0,0,0,76.6,SUCCESS,1,0,50000.0,1,0,0,0,0,0,0,2,2,0,7,Good
802,student0802@student.hitech.lk,ACTIVE,STUDENT,7,BM-COMM-110,ACTIVE,Cloud Computing,COMPLETED,OPEN,35000.0,3,WEEKS,1,210,13,6,2,5,0,53.85,13,3,3,7,9,11,3,5,3,1,1,1,1,58.5,58.5,58.5,1,0,0,0,57.73,PENDING,0,0,0.0,1,1,0,0,1,0,0,0,0,0,18,Average
69,student0069@student.hitech.lk,INACTIVE,STUDENT,8,BM-MGMT-201,ACTIVE,Graphic Design,ACTIVE,ADMIN_ONLY,50000.0,3,WEEKS,2,167,7,2,3,2,0,50.0,7,6,0,10,3,13,7,5,1,1,1,1,0,0.0,0.0,0.0,0,0,1,1,0.0,PENDING,0,0,0.0,1,0,0,0,0,0,0,2,0,2,35,Average
229,student0229@student.hitech.lk,ACTIVE,STUDENT,7,BM-COMM-110,ACTIVE,Cloud Computing,COMPLETED,OPEN,35000.0,3,WEEKS,1,166,13,11,2,0,0,92.31,13,3,3,7,9,11,3,5,3,1,1,1,1,100.0,100.0,100.0,1,0,0,0,100.0,SUCCESS,2,1,35000.0,1,0,0,0,0,0,0,1,0,1,3,Good
673,student0673@student.hitech.lk,ACTIVE,STUDENT,12,GD-UIUX-101,ACTIVE,Business Management,ACTIVE,ADMIN_ONLY,45000.0,8,WEEKS,1,80,9,2,2,5,0,33.33,12,2,0,6,8,14,4,5,5,3,0,0,0,0.0,0.0,0.0,0,0,0,0,0.0,SUCCESS,1,0,45000.0,1,2,1,0,1,0,1,1,0,1,48,Low
62,student0062@student.hitech.lk,ACTIVE,STUDENT,1,SE-JAVA-101,ACTIVE,Software Engineering,COMPLETED,OPEN,40000.0,3,WEEKS,2,249,15,4,3,8,0,36.67,15,10,1,14,11,12,4,7,1,4,3,3,3,60.96,63.51,58.96,3,0,0,2,60.43,SUCCESS,1,0,40000.0,2,0,0,0,0,0,0,1,0,1,24,Medium
467,student0467@student.hitech.lk,ACTIVE,STUDENT,7,BM-COMM-110,ACTIVE,Cloud Computing,ACTIVE,OPEN,35000.0,3,WEEKS,1,15,2,2,0,0,0,100.0,13,3,3,7,9,11,3,5,3,1,1,1,1,89.29,89.29,89.29,1,0,0,0,96.44,SUCCESS,1,0,35000.0,1,0,0,0,0,0,0,2,2,0,7,Good
122,student0122@student.hitech.lk,ACTIVE,STUDENT,4,DS-PY-101,ACTIVE,Business Management,ACTIVE,OPEN,50000.0,4,MONTHS,2,82,9,6,1,2,0,72.22,28,5,0,29,4,7,3,2,2,3,2,2,2,69.15,73.7,64.61,2,0,0,1,71.39,SUCCESS,1,0,50000.0,1,0,0,0,0,0,0,1,1,0,12,Average
41,student0041@student.hitech.lk,ACTIVE,STUDENT,1,SE-JAVA-101,ACTIVE,Software Engineering,ACTIVE,OPEN,40000.0,3,WEEKS,2,50,9,4,3,2,0,61.11,15,10,1,14,11,12,4,7,1,4,3,3,3,70.11,76.66,66.34,3,0,0,0,67.04,SUCCESS,1,1,40000.0,1,1,0,0,0,0,1,0,0,0,5,Average
499,student0499@student.hitech.lk,ACTIVE,STUDENT,9,DM-SEO-101,ARCHIVED,Software Engineering,COMPLETED,OPEN,30000.0,12,WEEKS,2,150,13,10,1,2,0,80.77,13,2,0,5,10,13,4,6,3,5,5,5,4,72.45,80.03,68.53,4,0,1,0,78.73,SUCCESS,1,0,30000.0,1,0,0,0,0,0,0,0,0,0,7,Good
340,student0340@student.hitech.lk,ACTIVE,STUDENT,7,BM-COMM-110,ACTIVE,Cloud Computing,ACTIVE,OPEN,35000.0,3,WEEKS,1,151,13,4,2,7,0,38.46,13,3,3,7,9,11,3,5,3,1,0,0,0,0.0,0.0,0.0,0,0,0,0,0.0,FAILED,0,1,0.0,1,1,1,0,0,0,1,2,2,0,49,Low
523,student0523@student.hitech.lk,INACTIVE,STUDENT,12,GD-UIUX-101,ACTIVE,Business Management,ACTIVE,ADMIN_ONLY,45000.0,8,WEEKS,1,135,12,7,0,4,1,64.58,12,2,0,6,8,14,4,5,5,3,2,2,2,51.33,54.03,48.63,1,1,0,1,47.72,SUCCESS,1,0,45000.0,1,1,1,0,0,0,1,2,1,1,66,Medium
256,student0256@student.hitech.lk,ACTIVE,STUDENT,6,CY-SEC-110,ACTIVE,Information Technology,ACTIVE,OPEN,50000.0,16,WEEKS,1,99,14,12,0,2,0,85.71,20,9,0,15,14,17,4,8,5,5,5,5,5,85.8,93.8,78.92,5,0,0,0,84.26,SUCCESS,1,0,50000.0,1,0,0,0,0,0,0,0,0,0,1,Good
481,student0481@student.hitech.lk,ACTIVE,STUDENT,2,SE-WEB-120,DRAFT,Data Science,ACTIVE,ADMIN_ONLY,25000.0,16,WEEKS,3,142,1,0,1,0,0,50.0,28,10,0,16,22,9,5,4,0,1,1,1,1,86.52,86.52,86.52,1,0,0,0,87.44,SUCCESS,1,0,25000.0,1,0,0,0,0,0,0,0,0,0,7,Average
448,student0448@student.hitech.lk,ACTIVE,STUDENT,7,BM-COMM-110,ACTIVE,Cloud Computing,ACTIVE,OPEN,35000.0,3,WEEKS,1,111,13,9,1,2,1,78.85,13,3,3,7,9,11,3,5,3,1,1,1,1,82.07,82.07,82.07,1,0,0,0,83.12,SUCCESS,1,0,35000.0,1,1,0,0,0,0,1,1,0,1,18,Average
515,student0515@student.hitech.lk,PENDING_VERIFICATION,STUDENT,1,SE-JAVA-101,ACTIVE,Software Engineering,ACTIVE,OPEN,40000.0,3,WEEKS,2,186,15,8,0,7,0,53.33,15,10,1,14,11,12,4,7,1,4,2,2,2,50.07,53.28,46.86,1,1,0,1,48.7,SUCCESS,3,1,40000.0,2,4,1,0,1,2,1,3,1,2,20,Medium
515,student0515@student.hitech.lk,ACTIVE,STUDENT,3,SE-DB-130,ACTIVE,Cybersecurity,ACTIVE,OPEN,50000.0,4,MONTHS,1,87,15,9,1,5,0,63.33,26,8,2,32,2,9,3,4,2,4,2,2,2,75.65,80.14,71.16,2,0,0,0,80.16,SUCCESS,1,0,50000.0,1,1,0,0,1,0,0,2,2,0,12,Average
363,student0363@student.hitech.lk,ACTIVE,STUDENT,7,BM-COMM-110,ACTIVE,Cloud Computing,ACTIVE,OPEN,35000.0,3,WEEKS,1,116,13,4,2,7,0,38.46,13,3,3,7,9,11,3,5,3,1,0,0,0,0.0,0.0,0.0,0,0,0,0,0.0,PENDING,0,0,0.0,1,2,0,1,1,1,0,0,0,0,45,Low
1,student0001@student.hitech.lk,ACTIVE,STUDENT,9,DM-SEO-101,ARCHIVED,Software Engineering,ACTIVE,OPEN,30000.0,12,WEEKS,2,24,2,1,1,0,0,75.0,13,2,0,5,10,13,4,6,3,5,2,1,1,59.61,59.61,59.61,1,0,0,1,60.75,SUCCESS,1,0,30000.0,1,0,0,0,0,0,0,0,0,0,8,Average
779,student0779@student.hitech.lk,ACTIVE,STUDENT,3,SE-DB-130,ACTIVE,Cybersecurity,ACTIVE,OPEN,50000.0,4,MONTHS,1,125,20,9,2,9,0,50.0,26,8,2,32,2,9,3,4,2,4,2,2,2,59.75,62.98,56.53,2,0,0,1,61.84,SUCCESS,1,0,50000.0,2,0,0,0,0,0,0,1,1,0,32,Medium
132,student0132@student.hitech.lk,ACTIVE,STUDENT,5,DS-ML-210,ACTIVE,Digital Marketing,ACTIVE,OPEN,45000.0,10,WEEKS,2,28,3,0,1,2,0,16.67,8,9,1,16,1,5,2,3,0,5,1,1,1,32.8,32.8,32.8,0,1,0,4,32.33,SUCCESS,1,0,45000.0,2,1,0,0,0,0,1,1,1,0,70,Low
838,student0838@student.hitech.lk,INACTIVE,STUDENT,1,SE-JAVA-101,ACTIVE,Software Engineering,ACTIVE,OPEN,40000.0,3,WEEKS,2,319,15,9,1,4,1,68.33,15,10,1,14,11,12,4,7,1,4,3,3,3,65.9,68.95,63.72,3,0,0,1,72.27,SUCCESS,1,0,40000.0,1,0,0,0,0,0,0,0,0,0,19,Average
607,student0607@student.hitech.lk,ACTIVE,STUDENT,9,DM-SEO-101,ARCHIVED,Software Engineering,ACTIVE,OPEN,30000.0,12,WEEKS,2,103,13,8,1,4,0,65.38,13,2,0,5,10,13,4,6,3,5,2,2,2,68.88,70.2,67.56,2,0,0,2,57.89,SUCCESS,2,1,30000.0,1,1,0,0,1,0,0,0,0,0,13,Average
832,student0832@student.hitech.lk,ACTIVE,STUDENT,2,SE-WEB-120,DRAFT,Data Science,ACTIVE,ADMIN_ONLY,25000.0,16,WEEKS,3,50,0,0,0,0,0,0.0,28,10,0,16,22,9,5,4,0,1,0,0,0,0.0,0.0,0.0,0,0,0,0,0.0,SUCCESS,1,0,25000.0,2,1,0,0,0,1,0,0,0,0,32,Medium
224,student0224@student.hitech.lk,ACTIVE,STUDENT,6,CY-SEC-110,ACTIVE,Information Technology,ACTIVE,OPEN,50000.0,16,WEEKS,1,248,20,10,4,6,0,60.0,20,9,0,15,14,17,4,8,5,5,3,3,3,68.08,80.57,56.75,3,0,0,0,63.57,PENDING,0,0,0.0,1,0,0,0,0,0,0,2,1,1,15,Average
817,student0817@student.hitech.lk,ACTIVE,STUDENT,9,DM-SEO-101,ARCHIVED,Software Engineering,COMPLETED,OPEN,30000.0,12,WEEKS,2,206,13,8,0,4,1,67.31,13,2,0,5,10,13,4,6,3,5,3,3,3,61.16,66.44,58.24,3,0,0,0,63.25,PENDING,0,0,0.0,1,0,0,0,0,0,0,2,1,1,11,Average
776,student0776@student.hitech.lk,ACTIVE,STUDENT,4,DS-PY-101,ACTIVE,Business Management,REMOVED,OPEN,50000.0,4,MONTHS,2,51,6,1,3,1,1,54.17,28,5,0,29,4,7,3,2,2,3,2,1,1,70.38,70.38,70.38,1,0,0,3,67.61,FAILED,0,1,0.0,0,0,0,0,0,0,0,0,0,0,26,Medium
65,student0065@student.hitech.lk,ACTIVE,STUDENT,6,CY-SEC-110,ACTIVE,Information Technology,ACTIVE,OPEN,50000.0,16,WEEKS,1,24,3,2,1,0,0,83.33,20,9,0,15,14,17,4,8,5,5,5,5,5,80.43,88.66,76.72,5,0,0,0,83.45,SUCCESS,1,0,50000.0,1,0,0,0,0,0,0,3,3,0,3,Good
261,student0261@student.hitech.lk,ACTIVE,STUDENT,2,SE-WEB-120,DRAFT,Data Science,COMPLETED,ADMIN_ONLY,25000.0,16,WEEKS,3,77,0,0,0,0,0,0.0,28,10,0,16,22,9,5,4,0,1,1,0,0,0.0,0.0,0.0,0,0,0,0,0.0,SUCCESS,2,0,25000.0,1,1,0,0,0,0,1,1,1,0,5,Average
750,student0750@student.hitech.lk,ACTIVE,STUDENT,9,DM-SEO-101,ARCHIVED,Software Engineering,COMPLETED,OPEN,30000.0,12,WEEKS,2,229,13,13,0,0,0,100.0,13,2,0,5,10,13,4,6,3,5,5,5,5,87.21,93.68,83.4,5,0,0,0,91.36,SUCCESS,1,0,30000.0,1,0,0,0,0,0,0,0,0,0,4,Good
484,student0484@student.hitech.lk,ACTIVE,STUDENT,6,CY-SEC-110,ACTIVE,Information Technology,COMPLETED,OPEN,50000.0,16,WEEKS,1,82,10,7,1,1,1,82.5,20,9,0,15,14,17,4,8,5,5,3,3,3,69.53,74.66,64.06,3,0,0,0,68.96,FAILED,0,2,0.0,1,0,0,0,0,0,0,0,0,0,15,Average
755,student0755@student.hitech.lk,ACTIVE,STUDENT,7,BM-COMM-110,ACTIVE,Cloud Computing,ACTIVE,OPEN,35000.0,3,WEEKS,1,50,6,5,0,0,1,95.83,13,3,3,7,9,11,3,5,3,1,1,0,0,0.0,0.0,0.0,0,0,0,0,0.0,SUCCESS,1,1,35000.0,1,0,0,0,0,0,0,0,0,0,6,Good
133,student0133@student.hitech.lk,ACTIVE,STUDENT,8,BM-MGMT-201,ACTIVE,Graphic Design,ACTIVE,ADMIN_ONLY,50000.0,3,WEEKS,2,42,6,1,2,2,1,45.83,7,6,0,10,3,13,7,5,1,1,0,0,0,0.0,0.0,0.0,0,0,0,0,0.0,SUCCESS,1,0,50000.0,1,0,0,0,0,0,0,1,0,1,31,Low
79,student0079@student.hitech.lk,ACTIVE,STUDENT,7,BM-COMM-110,ACTIVE,Cloud Computing,ACTIVE,OPEN,35000.0,3,WEEKS,1,65,9,5,1,3,0,61.11,13,3,3,7,9,11,3,5,3,1,1,0,0,0.0,0.0,0.0,0,0,0,0,0.0,SUCCESS,1,0,35000.0,1,0,0,0,0,0,0,1,1,0,14,Average
813,student0813@student.hitech.lk,ACTIVE,STUDENT,1,SE-JAVA-101,ACTIVE,Software Engineering,ACTIVE,OPEN,40000.0,3,WEEKS,2,48,5,1,3,1,0,50.0,15,10,1,14,11,12,4,7,1,4,2,2,2,42.22,52.19,32.26,1,1,0,2,45.53,SUCCESS,1,0,40000.0,1,0,0,0,0,0,0,0,0,0,15,Medium
622,student0622@student.hitech.lk,INACTIVE,STUDENT,6,CY-SEC-110,ACTIVE,Information Technology,ACTIVE,OPEN,50000.0,16,WEEKS,1,89,12,7,1,4,0,62.5,20,9,0,15,14,17,4,8,5,5,5,5,5,64.75,71.43,57.59,5,0,0,0,68.2,PENDING,0,0,0.0,1,1,1,0,0,0,1,2,2,0,24,Average
63,student0063@student.hitech.lk,ACTIVE,STUDENT,2,SE-WEB-120,DRAFT,Data Science,ACTIVE,ADMIN_ONLY,25000.0,16,WEEKS,3,35,1,0,1,0,0,50.0,28,10,0,16,22,9,5,4,0,1,1,1,1,51.45,51.45,51.45,1,0,0,0,55.68,SUCCESS,2,0,25000.0,1,1,0,0,1,0,0,1,1,0,15,Medium
269,student0269@student.hitech.lk,PENDING_VERIFICATION,STUDENT,2,SE-WEB-120,DRAFT,Data Science,COMPLETED,ADMIN_ONLY,25000.0,16,WEEKS,3,132,1,0,1,0,0,50.0,28,10,0,16,22,9,5,4,0,1,0,0,0,0.0,0.0,0.0,0,0,0,0,0.0,PENDING,0,0,0.0,1,0,0,0,0,0,0,0,0,0,43,Medium
526,student0526@student.hitech.lk,ACTIVE,STUDENT,6,CY-SEC-110,ACTIVE,Information Technology,ACTIVE,OPEN,50000.0,16,WEEKS,1,114,13,9,2,0,2,88.46,20,9,0,15,14,17,4,8,5,5,3,3,2,52.57,53.61,51.53,2,0,1,0,60.05,SUCCESS,2,0,50000.0,2,0,0,0,0,0,0,0,0,0,7,Average
764,student0764@student.hitech.lk,ACTIVE,STUDENT,3,SE-DB-130,ACTIVE,Cybersecurity,ACTIVE,OPEN,50000.0,4,MONTHS,1,57,11,10,1,0,0,95.45,26,8,2,32,2,9,3,4,2,4,4,4,4,88.67,97.11,81.95,4,0,0,0,90.46,FAILED,0,1,0.0,0,0,0,0,0,0,0,0,0,0,7,Good
486,student0486@student.hitech.lk,ACTIVE,STUDENT,10,IT-NET-100,ARCHIVED,Data Science,ACTIVE,OPEN,35000.0,8,WEEKS,1,142,23,6,4,13,0,34.78,26,8,0,16,18,14,5,7,2,1,0,0,0,0.0,0.0,0.0,0,0,0,0,0.0,PENDING,0,1,0.0,1,0,0,0,0,0,0,0,0,0,56,Low
593,student0593@student.hitech.lk,ACTIVE,STUDENT,6,CY-SEC-110,ACTIVE,Information Technology,ACTIVE,OPEN,50000.0,16,WEEKS,1,82,12,5,1,6,0,45.83,20,9,0,15,14,17,4,8,5,5,1,1,1,25.74,25.74,25.74,0,1,0,1,24.55,FAILED,0,1,0.0,1,0,0,0,0,0,0,0,0,0,53,Low
410,student0410@student.hitech.lk,ACTIVE,STUDENT,7,BM-COMM-110,ACTIVE,Cloud Computing,ACTIVE,OPEN,35000.0,3,WEEKS,1,41,5,4,1,0,0,90.0,13,3,3,7,9,11,3,5,3,1,1,1,1,83.07,83.07,83.07,1,0,0,0,82.58,SUCCESS,2,0,35000.0,1,0,0,0,0,0,0,2,2,0,6,Good
332,student0332@student.hitech.lk,ACTIVE,STUDENT,12,GD-UIUX-101,ACTIVE,Business Management,COMPLETED,ADMIN_ONLY,45000.0,8,WEEKS,1,153,12,4,4,4,0,50.0,12,2,0,6,8,14,4,5,5,3,1,1,1,57.05,57.05,57.05,1,0,0,0,53.92,SUCCESS,1,0,45000.0,1,1,0,1,0,0,1,0,0,0,22,Medium
605,student0605@student.hitech.lk,ACTIVE,STUDENT,1,SE-JAVA-101,ACTIVE,Software Engineering,ACTIVE,OPEN,40000.0,3,WEEKS,2,49,5,5,0,0,0,100.0,15,10,1,14,11,12,4,7,1,4,4,4,3,78.7,80.29,76.14,3,0,1,0,76.83,SUCCESS,1,0,40000.0,1,1,0,0,0,0,1,0,0,0,0,Good
425,student0425@student.hitech.lk,INACTIVE,STUDENT,1,SE-JAVA-101,ACTIVE,Software Engineering,COMPLETED,OPEN,40000.0,3,WEEKS,2,136,15,9,2,4,0,66.67,15,10,1,14,11,12,4,7,1,4,4,4,4,74.79,85.84,61.62,4,0,0,0,79.06,PENDING,0,1,0.0,1,0,0,0,0,0,0,0,0,0,25,Good
365,student0365@student.hitech.lk,PENDING_VERIFICATION,STUDENT,5,DS-ML-210,ACTIVE,Digital Marketing,ACTIVE,OPEN,45000.0,10,WEEKS,2,183,8,4,2,1,1,71.88,8,9,1,16,1,5,2,3,0,5,4,4,4,51.9,65.21,41.8,2,2,0,1,50.87,SUCCESS,3,0,45000.0,1,0,0,0,0,0,0,0,0,0,20,Medium
835,student0835@student.hitech.lk,ACTIVE,STUDENT,12,GD-UIUX-101,ACTIVE,Business Management,ACTIVE,ADMIN_ONLY,45000.0,8,WEEKS,1,55,6,4,0,2,0,66.67,12,2,0,6,8,14,4,5,5,3,2,2,1,48.56,48.56,48.56,0,1,1,2,47.51,SUCCESS,1,0,45000.0,1,2,1,0,0,1,1,1,0,1,21,Medium
317,student0317@student.hitech.lk,ACTIVE,STUDENT,6,CY-SEC-110,ACTIVE,Information Technology,ACTIVE,OPEN,50000.0,16,WEEKS,1,58,6,3,2,1,0,66.67,20,9,0,15,14,17,4,8,5,5,3,2,2,47.28,57.17,37.39,1,1,0,1,37.35,FAILED,0,1,0.0,0,3,0,0,2,1,0,1,1,0,31,Medium
663,student0663@student.hitech.lk,ACTIVE,STUDENT,7,BM-COMM-110,ACTIVE,Cloud Computing,ACTIVE,OPEN,35000.0,3,WEEKS,1,33,5,3,1,1,0,70.0,13,3,3,7,9,11,3,5,3,1,1,1,1,92.12,92.12,92.12,1,0,0,0,90.42,PENDING,0,1,0.0,1,0,0,0,0,0,0,2,2,0,5,Good
125,student0125@student.hitech.lk,ACTIVE,STUDENT,1,SE-JAVA-101,ACTIVE,Software Engineering,ACTIVE,OPEN,40000.0,3,WEEKS,2,33,4,4,0,0,0,100.0,15,10,1,14,11,12,4,7,1,4,4,3,3,92.56,100.0,77.68,3,0,0,2,93.84,SUCCESS,1,0,40000.0,1,0,0,0,0,0,0,2,2,0,0,Good
720,student0720@student.hitech.lk,ACTIVE,STUDENT,12,GD-UIUX-101,ACTIVE,Business Management,ACTIVE,ADMIN_ONLY,45000.0,8,WEEKS,1,111,12,5,0,7,0,41.67,12,2,0,6,8,14,4,5,5,3,1,1,1,39.84,39.84,39.84,0,1,0,2,36.15,FAILED,0,1,0.0,1,4,1,0,2,0,2,2,2,0,52,Low
319,student0319@student.hitech.lk,PENDING_VERIFICATION,STUDENT,3,SE-DB-130,ACTIVE,Cybersecurity,ACTIVE,OPEN,50000.0,4,MONTHS,1,110,13,11,0,2,0,84.62,26,8,2,32,2,9,3,4,2,4,3,3,3,89.57,91.25,87.85,3,0,0,0,88.27,SUCCESS,1,0,50000.0,1,0,0,0,0,0,0,1,1,0,6,Good
74,student0074@student.hitech.lk,ACTIVE,STUDENT,7,BM-COMM-110,ACTIVE,Cloud Computing,COMPLETED,OPEN,35000.0,3,WEEKS,1,211,13,11,1,1,0,88.46,13,3,3,7,9,11,3,5,3,1,1,1,1,79.22,79.22,79.22,1,0,0,2,73.18,SUCCESS,2,0,35000.0,1,0,0,0,0,0,0,1,0,1,3,Average
323,student0323@student.hitech.lk,ACTIVE,STUDENT,1,SE-JAVA-101,ACTIVE,Software Engineering,ACTIVE,OPEN,40000.0,3,WEEKS,2,50,8,5,2,1,0,75.0,15,10,1,14,11,12,4,7,1,4,2,2,2,55.98,57.91,54.04,2,0,0,0,62.04,SUCCESS,1,0,40000.0,1,0,0,0,0,0,0,0,0,0,13,Average
532,student0532@student.hitech.lk,ACTIVE,STUDENT,12,GD-UIUX-101,ACTIVE,Business Management,ACTIVE,ADMIN_ONLY,45000.0,8,WEEKS,1,29,3,3,0,0,0,100.0,12,2,0,6,8,14,4,5,5,3,3,3,3,95.55,100.0,92.3,3,0,0,0,92.93,SUCCESS,3,0,45000.0,1,0,0,0,0,0,0,0,0,0,5,Good
480,student0480@student.hitech.lk,ACTIVE,STUDENT,12,GD-UIUX-101,ACTIVE,Business Management,ACTIVE,ADMIN_ONLY,45000.0,8,WEEKS,1,51,5,4,0,1,0,80.0,12,2,0,6,8,14,4,5,5,3,2,2,2,80.65,87.04,74.26,2,0,0,0,81.46,PENDING,0,1,0.0,1,1,0,0,0,0,1,4,3,1,14,Average
818,student0818@student.hitech.lk,ACTIVE,STUDENT,11,CC-AWS-101,ACTIVE,Cybersecurity,ACTIVE,ADMIN_ONLY,40000.0,12,WEEKS,1,45,4,2,0,1,1,68.75,4,14,0,4,14,7,2,3,2,4,3,3,3,64.59,73.55,58.07,3,0,0,0,60.17,SUCCESS,2,0,40000.0,1,0,0,0,0,0,0,0,0,0,9,Average
581,student0581@student.hitech.lk,ACTIVE,STUDENT,9,DM-SEO-101,ARCHIVED,Software Engineering,ACTIVE,OPEN,30000.0,12,WEEKS,2,74,11,5,2,4,0,54.55,13,2,0,5,10,13,4,6,3,5,2,2,2,57.53,60.18,54.89,2,0,0,0,54.89,PENDING,0,1,0.0,1,2,0,0,1,1,0,1,1,0,28,Medium
726,student0726@student.hitech.lk,ACTIVE,STUDENT,7,BM-COMM-110,ACTIVE,Cloud Computing,ACTIVE,OPEN,35000.0,3,WEEKS,1,108,13,6,3,4,0,57.69,13,3,3,7,9,11,3,5,3,1,1,1,0,0.0,0.0,0.0,0,0,1,2,0.0,SUCCESS,1,0,35000.0,1,1,0,0,0,0,1,1,1,0,13,Average
655,student0655@student.hitech.lk,ACTIVE,STUDENT,4,DS-PY-101,ACTIVE,Business Management,COMPLETED,OPEN,50000.0,4,MONTHS,2,88,17,11,4,2,0,76.47,28,5,0,29,4,7,3,2,2,3,3,3,3,96.24,100.0,90.23,3,0,0,0,86.03,SUCCESS,1,0,50000.0,2,2,0,0,0,2,0,0,0,0,7,Good
735,student0735@student.hitech.lk,ACTIVE,STUDENT,5,DS-ML-210,ACTIVE,Digital Marketing,ACTIVE,OPEN,45000.0,10,WEEKS,2,30,4,4,0,0,0,100.0,8,9,1,16,1,5,2,3,0,5,5,4,4,96.88,100.0,92.97,4,0,0,0,100.0,SUCCESS,1,0,45000.0,1,0,0,0,0,0,0,1,1,0,6,Good
656,student0656@student.hitech.lk,ACTIVE,STUDENT,12,GD-UIUX-101,ACTIVE,Business Management,ACTIVE,ADMIN_ONLY,45000.0,8,WEEKS,1,95,12,3,3,6,0,37.5,12,2,0,6,8,14,4,5,5,3,2,1,1,43.91,43.91,43.91,0,1,0,3,45.49,PENDING,0,1,0.0,1,0,0,0,0,0,0,2,1,1,37,Medium
705,student0705@student.hitech.lk,ACTIVE,STUDENT,12,GD-UIUX-101,ACTIVE,Business Management,COMPLETED,ADMIN_ONLY,45000.0,8,WEEKS,1,82,12,9,1,2,0,79.17,12,2,0,6,8,14,4,5,5,3,3,3,3,72.49,80.94,64.49,3,0,0,0,79.1,SUCCESS,1,0,45000.0,1,2,1,1,1,1,0,1,1,0,15,Average
385,student0385@student.hitech.lk,ACTIVE,STUDENT,3,SE-DB-130,ACTIVE,Cybersecurity,ACTIVE,OPEN,50000.0,4,MONTHS,1,31,3,2,0,1,0,66.67,26,8,2,32,2,9,3,4,2,4,3,3,3,76.7,89.84,69.02,3,0,0,0,77.66,SUCCESS,1,0,50000.0,1,0,0,0,0,0,0,1,1,0,7,Good
685,student0685@student.hitech.lk,INACTIVE,STUDENT,3,SE-DB-130,ACTIVE,Cybersecurity,ACTIVE,OPEN,50000.0,4,MONTHS,1,97,15,13,1,0,1,95.0,26,8,2,32,2,9,3,4,2,4,3,3,3,72.68,89.02,60.16,3,0,0,0,73.36,SUCCESS,1,0,50000.0,1,0,0,0,0,0,0,1,1,0,25,Good
355,student0355@student.hitech.lk,PENDING_VERIFICATION,STUDENT,11,CC-AWS-101,ACTIVE,Cybersecurity,COMPLETED,ADMIN_ONLY,40000.0,12,WEEKS,1,79,4,0,2,2,0,25.0,4,14,0,4,14,7,2,3,2,4,2,2,2,51.44,51.96,50.91,2,0,0,4,55.45,SUCCESS,1,0,40000.0,1,0,0,0,0,0,0,1,0,1,40,Medium
363,student0363@student.hitech.lk,ACTIVE,STUDENT,12,GD-UIUX-101,ACTIVE,Business Management,COMPLETED,ADMIN_ONLY,45000.0,8,WEEKS,1,149,12,12,0,0,0,100.0,12,2,0,6,8,14,4,5,5,3,2,2,2,80.21,82.21,78.22,2,0,0,0,80.58,SUCCESS,1,0,45000.0,1,1,1,0,0,1,0,0,0,0,6,Good
521,student0521@student.hitech.lk,ACTIVE,STUDENT,1,SE-JAVA-101,ACTIVE,Software Engineering,ACTIVE,OPEN,40000.0,3,WEEKS,2,96,15,8,1,6,0,56.67,15,10,1,14,11,12,4,7,1,4,2,2,2,54.46,59.42,49.49,1,1,0,0,51.5,SUCCESS,1,0,40000.0,1,1,1,0,1,0,0,1,1,0,11,Medium
790,student0790@student.hitech.lk,ACTIVE,STUDENT,2,SE-WEB-120,DRAFT,Data Science,COMPLETED,ADMIN_ONLY,25000.0,16,WEEKS,3,73,0,0,0,0,0,0.0,28,10,0,16,22,9,5,4,0,1,1,1,1,85.01,85.01,85.01,1,0,0,0,85.7,SUCCESS,1,0,25000.0,1,0,0,0,0,0,0,1,0,1,3,Good
350,student0350@student.hitech.lk,PENDING_VERIFICATION,STUDENT,2,SE-WEB-120,DRAFT,Data Science,COMPLETED,ADMIN_ONLY,25000.0,16,WEEKS,3,107,2,0,1,1,0,25.0,28,10,0,16,22,9,5,4,0,1,1,1,1,53.59,53.59,53.59,1,0,0,0,52.76,PENDING,0,1,0.0,1,0,0,0,0,0,0,0,0,0,20,Average
470,student0470@student.hitech.lk,ACTIVE,STUDENT,7,BM-COMM-110,ACTIVE,Cloud Computing,REMOVED,OPEN,35000.0,3,WEEKS,1,26,4,3,0,0,1,93.75,13,3,3,7,9,11,3,5,3,1,1,0,0,0.0,0.0,0.0,0,0,0,0,0.0,SUCCESS,1,2,35000.0,1,2,0,0,1,0,1,5,4,1,25,Medium
661,student0661@student.hitech.lk,ACTIVE,STUDENT,5,DS-ML-210,ACTIVE,Digital Marketing,COMPLETED,OPEN,45000.0,10,WEEKS,2,244,8,2,3,3,0,43.75,8,9,1,16,1,5,2,3,0,5,2,2,2,63.93,75.67,52.2,2,0,0,2,55.88,FAILED,0,1,0.0,1,2,0,0,0,0,2,0,0,0,21,Medium
258,student0258@student.hitech.lk,ACTIVE,STUDENT,11,CC-AWS-101,ACTIVE,Cybersecurity,ACTIVE,ADMIN_ONLY,40000.0,12,WEEKS,1,61,4,3,1,0,0,87.5,4,14,0,4,14,7,2,3,2,4,3,3,3,87.53,89.68,83.31,3,0,0,1,88.68,SUCCESS,2,0,40000.0,1,0,0,0,0,0,0,1,1,0,7,Good
715,student0715@student.hitech.lk,ACTIVE,STUDENT,5,DS-ML-210,ACTIVE,Digital Marketing,ACTIVE,OPEN,45000.0,10,WEEKS,2,40,4,3,0,0,1,93.75,8,9,1,16,1,5,2,3,0,5,4,4,4,81.47,98.29,71.8,4,0,0,0,83.02,SUCCESS,2,0,45000.0,1,0,0,0,0,0,0,0,0,0,2,Good
699,student0699@student.hitech.lk,ACTIVE,STUDENT,12,GD-UIUX-101,ACTIVE,Business Management,COMPLETED,ADMIN_ONLY,45000.0,8,WEEKS,1,195,12,3,3,6,0,37.5,12,2,0,6,8,14,4,5,5,3,2,2,2,53.56,56.14,50.98,2,0,0,0,54.08,FAILED,0,2,0.0,1,0,0,0,0,0,0,0,0,0,36,Medium
260,student0260@student.hitech.lk,ACTIVE,STUDENT,2,SE-WEB-120,DRAFT,Data Science,ACTIVE,ADMIN_ONLY,25000.0,16,WEEKS,3,60,3,3,0,0,0,100.0,28,10,0,16,22,9,5,4,0,1,1,1,1,91.04,91.04,91.04,1,0,0,1,85.96,FAILED,0,3,0.0,1,0,0,0,0,0,0,0,0,0,4,Good
60,student0060@student.hitech.lk,ACTIVE,STUDENT,7,BM-COMM-110,ACTIVE,Cloud Computing,ACTIVE,OPEN,35000.0,3,WEEKS,1,156,13,12,0,0,1,98.08,13,3,3,7,9,11,3,5,3,1,1,1,1,83.43,83.43,83.43,1,0,0,1,85.93,SUCCESS,1,0,35000.0,1,0,0,0,0,0,0,1,1,0,5,Good
802,student0802@student.hitech.lk,ACTIVE,STUDENT,1,SE-JAVA-101,ACTIVE,Software Engineering,ACTIVE,OPEN,40000.0,3,WEEKS,2,40,6,4,0,2,0,66.67,15,10,1,14,11,12,4,7,1,4,1,1,1,54.02,54.02,54.02,1,0,0,3,47.06,SUCCESS,1,1,40000.0,1,0,0,0,0,0,0,0,0,0,24,Medium
422,student0422@student.hitech.lk,ACTIVE,STUDENT,5,DS-ML-210,ACTIVE,Digital Marketing,ACTIVE,OPEN,45000.0,10,WEEKS,2,115,8,2,3,1,2,62.5,8,9,1,16,1,5,2,3,0,5,2,1,0,0.0,0.0,0.0,0,0,1,1,0.0,SUCCESS,1,0,45000.0,2,2,1,1,1,1,0,0,0,0,39,Medium
490,student0490@student.hitech.lk,INACTIVE,STUDENT,7,BM-COMM-110,ACTIVE,Cloud Computing,COMPLETED,OPEN,35000.0,3,WEEKS,1,86,10,4,1,4,1,52.5,13,3,3,7,9,11,3,5,3,1,1,1,1,54.5,54.5,54.5,1,0,0,1,59.47,SUCCESS,1,0,35000.0,1,1,0,1,0,0,1,2,2,0,22,Average
754,student0754@student.hitech.lk,ACTIVE,STUDENT,4,DS-PY-101,ACTIVE,Business Management,COMPLETED,OPEN,50000.0,4,MONTHS,2,155,28,23,2,3,0,85.71,28,5,0,29,4,7,3,2,2,3,3,2,1,85.91,85.91,85.91,1,0,1,0,81.22,SUCCESS,1,0,50000.0,1,0,0,0,0,0,0,0,0,0,3,Good
268,student0268@student.hitech.lk,ACTIVE,STUDENT,10,IT-NET-100,ARCHIVED,Data Science,ACTIVE,OPEN,35000.0,8,WEEKS,1,73,13,6,0,6,1,51.92,26,8,0,16,18,14,5,7,2,1,1,1,1,53.12,53.12,53.12,1,0,0,2,46.11,SUCCESS,2,0,35000.0,1,0,0,0,0,0,0,1,1,0,17,Medium
204,student0204@student.hitech.lk,ACTIVE,STUDENT,11,CC-AWS-101,ACTIVE,Cybersecurity,REMOVED,ADMIN_ONLY,40000.0,12,WEEKS,1,61,4,0,2,0,2,62.5,4,14,0,4,14,7,2,3,2,4,1,1,0,0.0,0.0,0.0,0,0,1,1,0.0,SUCCESS,1,0,40000.0,1,2,1,1,1,1,0,0,0,0,41,Low
711,student0711@student.hitech.lk,ACTIVE,STUDENT,3,SE-DB-130,ACTIVE,Cybersecurity,ACTIVE,OPEN,50000.0,4,MONTHS,1,63,7,6,0,1,0,85.71,26,8,2,32,2,9,3,4,2,4,3,3,3,84.69,87.51,82.4,3,0,0,0,81.34,SUCCESS,2,0,50000.0,1,0,0,0,0,0,0,1,1,0,1,Good
195,student0195@student.hitech.lk,ACTIVE,STUDENT,5,DS-ML-210,ACTIVE,Digital Marketing,ACTIVE,OPEN,45000.0,10,WEEKS,2,160,8,3,3,1,1,65.62,8,9,1,16,1,5,2,3,0,5,2,2,2,57.06,63.94,50.17,2,0,0,1,59.48,SUCCESS,1,0,45000.0,2,2,1,1,0,1,1,0,0,0,23,Medium
36,student0036@student.hitech.lk,ACTIVE,STUDENT,10,IT-NET-100,ARCHIVED,Data Science,ACTIVE,OPEN,35000.0,8,WEEKS,1,79,9,8,1,0,0,94.44,26,8,0,16,18,14,5,7,2,1,1,1,0,0.0,0.0,0.0,0,0,1,0,0.0,SUCCESS,1,0,35000.0,1,0,0,0,0,0,0,2,2,0,1,Good
523,student0523@student.hitech.lk,ACTIVE,STUDENT,5,DS-ML-210,ACTIVE,Digital Marketing,ACTIVE,OPEN,45000.0,10,WEEKS,2,67,8,6,1,0,1,90.62,8,9,1,16,1,5,2,3,0,5,5,5,5,95.31,100.0,90.53,5,0,0,1,93.68,SUCCESS,1,0,45000.0,1,0,0,0,0,0,0,2,1,1,2,Good
676,student0676@student.hitech.lk,INACTIVE,STUDENT,4,DS-PY-101,ACTIVE,Business Management,ACTIVE,OPEN,50000.0,4,MONTHS,2,76,10,6,2,1,1,77.5,28,5,0,29,4,7,3,2,2,3,2,2,2,59.99,66.47,53.5,2,0,0,0,54.95,SUCCESS,1,0,50000.0,1,0,0,0,0,0,0,0,0,0,36,Average
231,student0231@student.hitech.lk,ACTIVE,STUDENT,9,DM-SEO-101,ARCHIVED,Software Engineering,COMPLETED,OPEN,30000.0,12,WEEKS,2,125,13,11,0,0,2,96.15,13,2,0,5,10,13,4,6,3,5,4,4,4,66.46,74.45,56.11,4,0,0,0,62.9,SUCCESS,2,0,30000.0,2,1,1,0,1,0,0,1,0,1,17,Average
308,student0308@student.hitech.lk,ACTIVE,STUDENT,7,BM-COMM-110,ACTIVE,Cloud Computing,ACTIVE,OPEN,35000.0,3,WEEKS,1,53,8,5,1,2,0,68.75,13,3,3,7,9,11,3,5,3,1,1,1,1,54.42,54.42,54.42,1,0,0,0,59.38,FAILED,0,3,0.0,1,1,0,0,0,0,1,1,0,1,14,Average
623,student0623@student.hitech.lk,ACTIVE,STUDENT,12,GD-UIUX-101,ACTIVE,Business Management,COMPLETED,ADMIN_ONLY,45000.0,8,WEEKS,1,235,12,5,1,6,0,45.83,12,2,0,6,8,14,4,5,5,3,2,2,2,65.16,72.8,57.51,2,0,0,0,66.17,SUCCESS,1,0,45000.0,1,1,1,0,0,1,0,0,0,0,13,Medium
766,student0766@student.hitech.lk,ACTIVE,STUDENT,7,BM-COMM-110,ACTIVE,Cloud Computing,ACTIVE,OPEN,35000.0,3,WEEKS,1,196,13,0,4,7,2,26.92,13,3,3,7,9,11,3,5,3,1,0,0,0,0.0,0.0,0.0,0,0,0,0,0.0,SUCCESS,1,1,35000.0,1,2,1,1,1,1,0,1,0,1,28,Low
236,student0236@student.hitech.lk,ACTIVE,STUDENT,12,GD-UIUX-101,ACTIVE,Business Management,REMOVED,ADMIN_ONLY,45000.0,8,WEEKS,1,6,1,0,0,0,1,75.0,12,2,0,6,8,14,4,5,5,3,0,0,0,0.0,0.0,0.0,0,0,0,0,0.0,PENDING,0,0,0.0,1,2,2,1,0,2,0,1,0,1,54,Low
406,student0406@student.hitech.lk,ACTIVE,STUDENT,5,DS-ML-210,ACTIVE,Digital Marketing,ACTIVE,OPEN,45000.0,10,WEEKS,2,66,8,5,1,1,1,78.12,8,9,1,16,1,5,2,3,0,5,3,3,3,59.25,65.55,54.09,3,0,0,1,58.73,SUCCESS,1,0,45000.0,2,0,0,0,0,0,0,0,0,0,32,Medium
543,student0543@student.hitech.lk,ACTIVE,STUDENT,10,IT-NET-100,ARCHIVED,Data Science,ACTIVE,OPEN,35000.0,8,WEEKS,1,127,20,11,1,8,0,57.5,26,8,0,16,18,14,5,7,2,1,1,1,1,49.38,49.38,49.38,0,1,0,1,49.59,FAILED,0,1,0.0,0,2,0,0,2,0,0,1,1,0,17,Medium
783,student0783@student.hitech.lk,PENDING_VERIFICATION,STUDENT,5,DS-ML-210,ACTIVE,Digital Marketing,ACTIVE,OPEN,45000.0,10,WEEKS,2,101,8,5,1,2,0,68.75,8,9,1,16,1,5,2,3,0,5,4,4,4,74.47,85.06,66.36,4,0,0,0,79.4,SUCCESS,2,1,45000.0,1,0,0,0,0,0,0,0,0,0,7,Good
1,student0001@student.hitech.lk,ACTIVE,STUDENT,1,SE-JAVA-101,ACTIVE,Software Engineering,COMPLETED,OPEN,40000.0,3,WEEKS,2,94,13,9,1,2,1,78.85,15,10,1,14,11,12,4,7,1,4,4,3,3,70.53,79.55,64.25,3,0,0,1,69.98,SUCCESS,1,0,40000.0,2,0,0,0,0,0,0,2,1,1,18,Average
596,student0596@student.hitech.lk,ACTIVE,STUDENT,12,GD-UIUX-101,ACTIVE,Business Management,ACTIVE,ADMIN_ONLY,45000.0,8,WEEKS,1,19,3,2,1,0,0,83.33,12,2,0,6,8,14,4,5,5,3,3,3,3,80.3,92.21,67.34,3,0,0,1,77.48,SUCCESS,1,0,45000.0,1,0,0,0,0,0,0,0,0,0,5,Good
235,student0235@student.hitech.lk,INACTIVE,STUDENT,9,DM-SEO-101,ARCHIVED,Software Engineering,ACTIVE,OPEN,30000.0,12,WEEKS,2,48,7,3,2,2,0,57.14,13,2,0,5,10,13,4,6,3,5,3,3,3,62.79,68.3,53.05,3,0,0,1,61.95,SUCCESS,2,0,30000.0,1,1,1,0,0,0,1,1,1,0,16,Average
734,student0734@student.hitech.lk,ACTIVE,STUDENT,3,SE-DB-130,ACTIVE,Cybersecurity,COMPLETED,OPEN,50000.0,4,MONTHS,1,191,22,18,0,3,1,85.23,26,8,2,32,2,9,3,4,2,4,4,3,3,74.9,81.58,65.99,3,0,0,0,72.58,SUCCESS,2,1,50000.0,1,0,0,0,0,0,0,1,1,0,7,Good
549,student0549@student.hitech.lk,ACTIVE,STUDENT,10,IT-NET-100,ARCHIVED,Data Science,ACTIVE,OPEN,35000.0,8,WEEKS,1,66,8,5,2,1,0,75.0,26,8,0,16,18,14,5,7,2,1,1,1,1,84.13,84.13,84.13,1,0,0,0,74.49,SUCCESS,1,0,35000.0,1,0,0,0,0,0,0,1,1,0,3,Good
479,student0479@student.hitech.lk,ACTIVE,STUDENT,8,BM-MGMT-201,ACTIVE,Graphic Design,ACTIVE,ADMIN_ONLY,50000.0,3,WEEKS,2,31,4,3,0,1,0,75.0,7,6,0,10,3,13,7,5,1,1,1,1,1,83.6,83.6,83.6,1,0,0,3,77.72,SUCCESS,1,0,50000.0,1,1,0,0,0,0,1,1,0,1,16,Average
92,student0092@student.hitech.lk,ACTIVE,STUDENT,9,DM-SEO-101,ARCHIVED,Software Engineering,ACTIVE,OPEN,30000.0,12,WEEKS,2,64,10,3,2,4,1,47.5,13,2,0,5,10,13,4,6,3,5,0,0,0,0.0,0.0,0.0,0,0,0,0,0.0,PENDING,0,0,0.0,1,1,0,0,0,0,1,1,0,1,73,Low
34,student0034@student.hitech.lk,ACTIVE,STUDENT,1,SE-JAVA-101,ACTIVE,Software Engineering,ACTIVE,OPEN,40000.0,3,WEEKS,2,88,9,6,0,2,1,75.0,15,10,1,14,11,12,4,7,1,4,2,2,2,62.61,65.1,60.13,2,0,0,1,68.32,PENDING,0,0,0.0,1,2,2,1,1,0,1,0,0,0,13,Medium
707,student0707@student.hitech.lk,ACTIVE,STUDENT,7,BM-COMM-110,ACTIVE,Cloud Computing,ACTIVE,OPEN,35000.0,3,WEEKS,1,177,13,0,4,9,0,15.38,13,3,3,7,9,11,3,5,3,1,0,0,0,0.0,0.0,0.0,0,0,0,0,0.0,FAILED,0,1,0.0,1,1,0,0,1,0,0,1,1,0,25,Low
136,student0136@student.hitech.lk,ACTIVE,STUDENT,7,BM-COMM-110,ACTIVE,Cloud Computing,ACTIVE,OPEN,35000.0,3,WEEKS,1,68,13,6,0,7,0,46.15,13,3,3,7,9,11,3,5,3,1,0,0,0,0.0,0.0,0.0,0,0,0,0,0.0,FAILED,0,1,0.0,0,1,0,0,0,1,0,0,0,0,41,Low
317,student0317@student.hitech.lk,ACTIVE,STUDENT,3,SE-DB-130,ACTIVE,Cybersecurity,ACTIVE,OPEN,50000.0,4,MONTHS,1,51,6,1,4,1,0,50.0,26,8,2,32,2,9,3,4,2,4,4,3,3,77.76,88.46,72.12,3,0,0,1,74.15,SUCCESS,1,0,50000.0,1,0,0,0,0,0,0,1,1,0,7,Good
48,student0048@student.hitech.lk,ACTIVE,STUDENT,8,BM-MGMT-201,ACTIVE,Graphic Design,ACTIVE,ADMIN_ONLY,50000.0,3,WEEKS,2,57,7,4,2,0,1,82.14,7,6,0,10,3,13,7,5,1,1,1,1,1,80.06,80.06,80.06,1,0,0,0,81.71,SUCCESS,2,0,50000.0,1,3,0,0,1,1,1,0,0,0,8,Average
89,student0089@student.hitech.lk,ACTIVE,STUDENT,9,DM-SEO-101,ARCHIVED,Software Engineering,COMPLETED,OPEN,30000.0,12,WEEKS,2,119,13,6,1,5,1,55.77,13,2,0,5,10,13,4,6,3,5,2,2,2,46.02,48.31,43.72,0,2,0,0,47.9,PENDING,0,0,0.0,1,0,0,0,0,0,0,0,0,0,38,Medium
707,student0707@student.hitech.lk,ACTIVE,STUDENT,2,SE-WEB-120,DRAFT,Data Science,ACTIVE,ADMIN_ONLY,25000.0,16,WEEKS,3,56,1,0,1,0,0,50.0,28,10,0,16,22,9,5,4,0,1,1,1,1,48.3,48.3,48.3,0,1,0,0,51.68,SUCCESS,1,0,25000.0,2,0,0,0,0,0,0,0,0,0,16,Average
704,student0704@student.hitech.lk,ACTIVE,STUDENT,11,CC-AWS-101,ACTIVE,Cybersecurity,ACTIVE,ADMIN_ONLY,40000.0,12,WEEKS,1,12,1,0,1,0,0,50.0,4,14,0,4,14,7,2,3,2,4,2,2,2,49.28,49.98,48.58,0,2,0,0,45.69,SUCCESS,1,0,40000.0,1,1,0,0,0,0,1,1,0,1,37,Medium
82,student0082@student.hitech.lk,ACTIVE,STUDENT,1,SE-JAVA-101,ACTIVE,Software Engineering,ACTIVE,OPEN,40000.0,3,WEEKS,2,49,8,3,2,2,1,59.38,15,10,1,14,11,12,4,7,1,4,2,2,2,74.68,80.0,69.35,2,0,0,0,73.35,SUCCESS,3,0,40000.0,1,0,0,0,0,0,0,1,0,1,19,Medium
631,student0631@student.hitech.lk,ACTIVE,STUDENT,2,SE-WEB-120,DRAFT,Data Science,ACTIVE,ADMIN_ONLY,25000.0,16,WEEKS,3,48,0,0,0,0,0,0.0,28,10,0,16,22,9,5,4,0,1,1,1,1,39.76,39.76,39.76,0,1,0,3,45.08,PENDING,0,0,0.0,1,1,0,0,0,1,0,4,2,2,18,Medium
444,student0444@student.hitech.lk,INACTIVE,STUDENT,7,BM-COMM-110,ACTIVE,Cloud Computing,COMPLETED,OPEN,35000.0,3,WEEKS,1,82,11,8,1,2,0,77.27,13,3,3,7,9,11,3,5,3,1,1,1,1,57.02,57.02,57.02,1,0,0,0,50.71,SUCCESS,1,0,35000.0,1,0,0,0,0,0,0,0,0,0,21,Good
26,student0026@student.hitech.lk,ACTIVE,STUDENT,12,GD-UIUX-101,ACTIVE,Business Management,ACTIVE,ADMIN_ONLY,45000.0,8,WEEKS,1,254,12,6,2,3,1,64.58,12,2,0,6,8,14,4,5,5,3,2,2,2,58.96,73.55,44.38,1,1,0,0,57.94,PENDING,0,1,0.0,1,2,0,0,1,0,1,1,1,0,27,Medium
645,student0645@student.hitech.lk,ACTIVE,STUDENT,7,BM-COMM-110,ACTIVE,Cloud Computing,COMPLETED,OPEN,35000.0,3,WEEKS,1,105,11,11,0,0,0,100.0,13,3,3,7,9,11,3,5,3,1,1,1,1,83.86,83.86,83.86,1,0,0,0,82.69,SUCCESS,1,0,35000.0,1,1,0,0,0,0,1,1,1,0,0,Good
533,student0533@student.hitech.lk,ACTIVE,STUDENT,6,CY-SEC-110,ACTIVE,Information Technology,ACTIVE,OPEN,50000.0,16,WEEKS,1,136,20,18,0,2,0,90.0,20,9,0,15,14,17,4,8,5,5,4,3,3,89.51,92.54,87.45,3,0,0,0,94.43,SUCCESS,1,0,50000.0,1,0,0,0,0,0,0,1,1,0,3,Good
850,student0850@student.hitech.lk,PENDING_VERIFICATION,STUDENT,12,GD-UIUX-101,ACTIVE,Business Management,ACTIVE,ADMIN_ONLY,45000.0,8,WEEKS,1,130,12,8,0,1,3,85.42,12,2,0,6,8,14,4,5,5,3,2,2,2,69.11,69.35,68.88,2,0,0,2,69.31,PENDING,0,0,0.0,1,1,0,0,0,0,1,0,0,0,15,Average
158,student0158@student.hitech.lk,PENDING_VERIFICATION,STUDENT,2,SE-WEB-120,DRAFT,Data Science,ACTIVE,ADMIN_ONLY,25000.0,16,WEEKS,3,144,1,0,0,1,0,0.0,28,10,0,16,22,9,5,4,0,1,1,1,1,56.34,56.34,56.34,1,0,0,1,59.74,SUCCESS,1,0,25000.0,1,0,0,0,0,0,0,1,0,1,35,Medium
433,student0433@student.hitech.lk,ACTIVE,STUDENT,5,DS-ML-210,ACTIVE,Digital Marketing,ACTIVE,OPEN,45000.0,10,WEEKS,2,44,5,0,3,1,1,45.0,8,9,1,16,1,5,2,3,0,5,3,3,3,56.46,67.22,42.63,2,1,0,2,55.08,SUCCESS,1,0,45000.0,1,1,0,0,1,0,0,0,0,0,11,Medium
822,student0822@student.hitech.lk,ACTIVE,STUDENT,8,BM-MGMT-201,ACTIVE,Graphic Design,ACTIVE,ADMIN_ONLY,50000.0,3,WEEKS,2,84,7,6,0,1,0,85.71,7,6,0,10,3,13,7,5,1,1,1,1,1,90.6,90.6,90.6,1,0,0,1,84.23,SUCCESS,1,1,50000.0,1,1,0,0,0,0,1,2,2,0,2,Good
343,student0343@student.hitech.lk,ACTIVE,STUDENT,12,GD-UIUX-101,ACTIVE,Business Management,COMPLETED,ADMIN_ONLY,45000.0,8,WEEKS,1,156,12,12,0,0,0,100.0,12,2,0,6,8,14,4,5,5,3,3,3,3,86.84,89.41,84.46,3,0,0,1,90.8,SUCCESS,2,0,45000.0,1,0,0,0,0,0,0,0,0,0,2,Good
557,student0557@student.hitech.lk,ACTIVE,STUDENT,3,SE-DB-130,ACTIVE,Cybersecurity,ACTIVE,OPEN,50000.0,4,MONTHS,1,92,11,4,0,6,1,43.18,26,8,2,32,2,9,3,4,2,4,1,1,1,44.03,44.03,44.03,0,1,0,2,41.15,PENDING,0,0,0.0,1,1,1,0,0,0,1,0,0,0,51,Low
248,student0248@student.hitech.lk,ACTIVE,STUDENT,9,DM-SEO-101,ARCHIVED,Software Engineering,REMOVED,OPEN,30000.0,12,WEEKS,2,63,7,0,3,3,1,32.14,13,2,0,5,10,13,4,6,3,5,1,1,1,31.41,31.41,31.41,0,1,0,5,32.94,PENDING,0,0,0.0,1,1,0,1,0,1,0,1,0,1,73,Low
9,student0009@student.hitech.lk,ACTIVE,STUDENT,1,SE-JAVA-101,ACTIVE,Software Engineering,ACTIVE,OPEN,40000.0,3,WEEKS,2,126,14,9,0,5,0,64.29,15,10,1,14,11,12,4,7,1,4,3,3,3,65.56,78.84,54.97,3,0,0,0,63.87,PENDING,0,0,0.0,1,0,0,0,0,0,0,0,0,0,29,Medium
751,student0751@student.hitech.lk,ACTIVE,STUDENT,10,IT-NET-100,ARCHIVED,Data Science,COMPLETED,OPEN,35000.0,8,WEEKS,1,239,26,22,0,3,1,87.5,26,8,0,16,18,14,5,7,2,1,1,1,1,81.79,81.79,81.79,1,0,0,0,80.89,PENDING,0,0,0.0,1,1,0,0,0,0,1,1,1,0,9,Average
748,student0748@student.hitech.lk,ACTIVE,STUDENT,1,SE-JAVA-101,ACTIVE,Software Engineering,ACTIVE,OPEN,40000.0,3,WEEKS,2,169,15,6,1,7,1,48.33,15,10,1,14,11,12,4,7,1,4,1,1,1,63.67,63.67,63.67,1,0,0,2,68.07,SUCCESS,3,0,40000.0,1,0,0,0,0,0,0,1,1,0,26,Medium
261,student0261@student.hitech.lk,ACTIVE,STUDENT,10,IT-NET-100,ARCHIVED,Data Science,ACTIVE,OPEN,35000.0,8,WEEKS,1,185,26,20,4,0,2,90.38,26,8,0,16,18,14,5,7,2,1,1,1,1,97.05,97.05,97.05,1,0,0,0,99.7,SUCCESS,1,0,35000.0,1,0,0,0,0,0,0,1,1,0,4,Good
818,student0818@student.hitech.lk,ACTIVE,STUDENT,10,IT-NET-100,ARCHIVED,Data Science,ACTIVE,OPEN,35000.0,8,WEEKS,1,42,6,4,0,2,0,66.67,26,8,0,16,18,14,5,7,2,1,1,1,0,0.0,0.0,0.0,0,0,1,0,0.0,SUCCESS,2,0,35000.0,1,0,0,0,0,0,0,0,0,0,18,Average
417,student0417@student.hitech.lk,ACTIVE,STUDENT,6,CY-SEC-110,ACTIVE,Information Technology,ACTIVE,OPEN,50000.0,16,WEEKS,1,46,6,3,1,2,0,58.33,20,9,0,15,14,17,4,8,5,5,2,2,2,52.83,66.32,39.34,1,1,0,1,56.97,FAILED,0,1,0.0,1,0,0,0,0,0,0,0,0,0,34,Medium
716,student0716@student.hitech.lk,ACTIVE,STUDENT,8,BM-MGMT-201,ACTIVE,Graphic Design,COMPLETED,ADMIN_ONLY,50000.0,3,WEEKS,2,124,7,5,1,0,1,89.29,7,6,0,10,3,13,7,5,1,1,1,1,1,61.73,61.73,61.73,1,0,0,0,65.5,SUCCESS,1,0,50000.0,2,1,0,0,1,0,0,0,0,0,6,Average
49,student0049@student.hitech.lk,ACTIVE,STUDENT,10,IT-NET-100,ARCHIVED,Data Science,ACTIVE,OPEN,35000.0,8,WEEKS,1,85,9,4,1,4,0,50.0,26,8,0,16,18,14,5,7,2,1,1,1,1,51.66,51.66,51.66,1,0,0,0,50.87,PENDING,0,1,0.0,1,1,1,0,1,0,0,0,0,0,28,Medium
443,student0443@student.hitech.lk,ACTIVE,STUDENT,3,SE-DB-130,ACTIVE,Cybersecurity,REMOVED,OPEN,50000.0,4,MONTHS,1,5,0,0,0,0,0,0.0,26,8,2,32,2,9,3,4,2,4,2,2,2,48.63,50.13,47.13,1,1,0,1,48.43,SUCCESS,1,0,50000.0,1,0,0,0,0,0,0,0,0,0,31,Medium
844,student0844@student.hitech.lk,ACTIVE,STUDENT,12,GD-UIUX-101,ACTIVE,Business Management,COMPLETED,ADMIN_ONLY,45000.0,8,WEEKS,1,242,12,8,3,0,1,85.42,12,2,0,6,8,14,4,5,5,3,3,3,3,89.41,98.4,79.64,3,0,0,0,78.05,SUCCESS,1,1,45000.0,1,0,0,0,0,0,0,0,0,0,0,Good
564,student0564@student.hitech.lk,ACTIVE,STUDENT,2,SE-WEB-120,DRAFT,Data Science,COMPLETED,ADMIN_ONLY,25000.0,16,WEEKS,3,166,3,1,1,1,0,50.0,28,10,0,16,22,9,5,4,0,1,1,1,1,55.08,55.08,55.08,1,0,0,1,58.6,SUCCESS,1,2,25000.0,1,1,0,0,0,0,1,3,3,0,16,Medium
433,student0433@student.hitech.lk,ACTIVE,STUDENT,7,BM-COMM-110,ACTIVE,Cloud Computing,ACTIVE,OPEN,35000.0,3,WEEKS,1,76,8,2,2,4,0,37.5,13,3,3,7,9,11,3,5,3,1,1,1,1,42.37,42.37,42.37,0,1,0,0,42.01,PENDING,0,1,0.0,1,1,0,0,0,0,1,3,2,1,27,Medium
615,student0615@student.hitech.lk,ACTIVE,STUDENT,3,SE-DB-130,ACTIVE,Cybersecurity,ACTIVE,OPEN,50000.0,4,MONTHS,1,123,14,3,2,9,0,28.57,26,8,2,32,2,9,3,4,2,4,0,0,0,0.0,0.0,0.0,0,0,0,0,0.0,SUCCESS,1,0,50000.0,1,1,0,0,0,0,1,0,0,0,89,Low
781,student0781@student.hitech.lk,ACTIVE,STUDENT,11,CC-AWS-101,ACTIVE,Cybersecurity,ACTIVE,ADMIN_ONLY,40000.0,12,WEEKS,1,145,4,2,1,0,1,81.25,4,14,0,4,14,7,2,3,2,4,3,3,3,78.84,87.44,68.92,3,0,0,0,79.69,SUCCESS,1,0,40000.0,2,0,0,0,0,0,0,2,2,0,2,Good
454,student0454@student.hitech.lk,ACTIVE,STUDENT,11,CC-AWS-101,ACTIVE,Cybersecurity,ACTIVE,ADMIN_ONLY,40000.0,12,WEEKS,1,42,4,1,2,1,0,50.0,4,14,0,4,14,7,2,3,2,4,3,2,2,75.58,85.83,65.33,2,0,0,0,78.13,SUCCESS,1,0,40000.0,2,0,0,0,0,0,0,2,2,0,17,Average
722,student0722@student.hitech.lk,ACTIVE,STUDENT,9,DM-SEO-101,ARCHIVED,Software Engineering,COMPLETED,OPEN,30000.0,12,WEEKS,2,207,13,13,0,0,0,100.0,13,2,0,5,10,13,4,6,3,5,4,4,4,70.5,78.4,64.54,4,0,0,0,76.66,SUCCESS,1,0,30000.0,1,0,0,0,0,0,0,0,0,0,7,Good
594,student0594@student.hitech.lk,ACTIVE,STUDENT,5,DS-ML-210,ACTIVE,Digital Marketing,ACTIVE,OPEN,45000.0,10,WEEKS,2,50,7,6,0,1,0,85.71,8,9,1,16,1,5,2,3,0,5,3,3,3,58.08,63.26,49.74,2,1,0,1,52.5,SUCCESS,1,0,45000.0,1,3,1,0,0,1,2,2,1,1,10,Average
333,student0333@student.hitech.lk,ACTIVE,STUDENT,10,IT-NET-100,ARCHIVED,Data Science,ACTIVE,OPEN,35000.0,8,WEEKS,1,159,22,12,1,9,0,56.82,26,8,0,16,18,14,5,7,2,1,1,1,1,64.89,64.89,64.89,1,0,0,1,68.15,SUCCESS,1,0,35000.0,1,0,0,0,0,0,0,1,1,0,14,Average
697,student0697@student.hitech.lk,ACTIVE,STUDENT,1,SE-JAVA-101,ACTIVE,Software Engineering,ACTIVE,OPEN,40000.0,3,WEEKS,2,101,13,9,2,2,0,76.92,15,10,1,14,11,12,4,7,1,4,3,3,3,57.58,65.75,51.07,3,0,0,0,52.71,SUCCESS,1,0,40000.0,1,1,1,0,0,0,1,0,0,0,10,Average
94,student0094@student.hitech.lk,ACTIVE,STUDENT,6,CY-SEC-110,ACTIVE,Information Technology,ACTIVE,OPEN,50000.0,16,WEEKS,1,151,19,14,1,4,0,76.32,20,9,0,15,14,17,4,8,5,5,5,5,5,91.77,100.0,84.84,5,0,0,0,92.22,SUCCESS,1,0,50000.0,1,1,0,0,0,0,1,0,0,0,0,Good
149,student0149@student.hitech.lk,ACTIVE,STUDENT,5,DS-ML-210,ACTIVE,Digital Marketing,COMPLETED,OPEN,45000.0,10,WEEKS,2,164,8,4,1,3,0,56.25,8,9,1,16,1,5,2,3,0,5,3,3,3,72.36,75.25,69.34,3,0,0,1,69.06,SUCCESS,1,0,45000.0,1,0,0,0,0,0,0,0,0,0,4,Average
11,student0011@student.hitech.lk,ACTIVE,STUDENT,4,DS-PY-101,ACTIVE,Business Management,REMOVED,OPEN,50000.0,4,MONTHS,2,19,3,1,1,1,0,50.0,28,5,0,29,4,7,3,2,2,3,1,1,1,46.16,46.16,46.16,0,1,0,2,50.73,PENDING,0,0,0.0,1,0,0,0,0,0,0,0,0,0,21,Medium
665,student0665@student.hitech.lk,ACTIVE,STUDENT,5,DS-ML-210,ACTIVE,Digital Marketing,ACTIVE,OPEN,45000.0,10,WEEKS,2,89,8,7,1,0,0,93.75,8,9,1,16,1,5,2,3,0,5,4,4,4,81.3,84.92,76.83,4,0,0,1,77.1,SUCCESS,2,0,45000.0,1,1,0,0,0,1,0,1,1,0,7,Good
471,student0471@student.hitech.lk,ACTIVE,STUDENT,6,CY-SEC-110,ACTIVE,Information Technology,ACTIVE,OPEN,50000.0,16,WEEKS,1,68,8,3,2,3,0,50.0,20,9,0,15,14,17,4,8,5,5,3,3,3,56.95,61.05,50.01,3,0,0,1,52.73,PENDING,0,0,0.0,1,0,0,0,0,0,0,0,0,0,32,Medium
189,student0189@student.hitech.lk,ACTIVE,STUDENT,3,SE-DB-130,ACTIVE,Cybersecurity,ACTIVE,OPEN,50000.0,4,MONTHS,1,86,16,11,2,3,0,75.0,26,8,2,32,2,9,3,4,2,4,3,3,3,65.47,68.12,63.08,3,0,0,0,58.03,PENDING,0,1,0.0,1,2,0,0,0,1,1,2,2,0,12,Average
562,student0562@student.hitech.lk,ACTIVE,STUDENT,11,CC-AWS-101,ACTIVE,Cybersecurity,ACTIVE,ADMIN_ONLY,40000.0,12,WEEKS,1,163,4,3,0,0,1,93.75,4,14,0,4,14,7,2,3,2,4,3,2,2,56.37,57.17,55.56,2,0,0,2,51.55,SUCCESS,1,0,40000.0,1,1,0,0,0,0,1,1,1,0,14,Average
28,student0028@student.hitech.lk,ACTIVE,STUDENT,11,CC-AWS-101,ACTIVE,Cybersecurity,ACTIVE,ADMIN_ONLY,40000.0,12,WEEKS,1,85,4,2,1,1,0,62.5,4,14,0,4,14,7,2,3,2,4,3,3,3,63.19,71.36,56.13,3,0,0,0,61.89,SUCCESS,2,1,40000.0,1,1,0,0,0,1,0,2,1,1,16,Average
70,student0070@student.hitech.lk,ACTIVE,STUDENT,11,CC-AWS-101,ACTIVE,Cybersecurity,ACTIVE,ADMIN_ONLY,40000.0,12,WEEKS,1,39,4,2,0,1,1,68.75,4,14,0,4,14,7,2,3,2,4,2,2,2,45.03,48.7,41.35,0,2,0,0,44.33,SUCCESS,1,0,40000.0,1,0,0,0,0,0,0,2,2,0,13,Medium
25,student0025@student.hitech.lk,ACTIVE,STUDENT,3,SE-DB-130,ACTIVE,Cybersecurity,ACTIVE,OPEN,50000.0,4,MONTHS,1,54,8,0,3,4,1,28.12,26,8,2,32,2,9,3,4,2,4,1,1,1,46.94,46.94,46.94,0,1,0,2,43.12,SUCCESS,1,0,50000.0,1,2,1,0,1,0,1,2,1,1,18,Medium
596,student0596@student.hitech.lk,ACTIVE,STUDENT,3,SE-DB-130,ACTIVE,Cybersecurity,ACTIVE,OPEN,50000.0,4,MONTHS,1,86,14,11,1,1,1,87.5,26,8,2,32,2,9,3,4,2,4,2,2,1,76.25,76.25,76.25,1,0,1,0,74.53,PENDING,0,0,0.0,1,0,0,0,0,0,0,2,2,0,4,Average
514,student0514@student.hitech.lk,ACTIVE,STUDENT,10,IT-NET-100,ARCHIVED,Data Science,ACTIVE,OPEN,35000.0,8,WEEKS,1,113,15,9,0,6,0,60.0,26,8,0,16,18,14,5,7,2,1,1,1,1,73.43,73.43,73.43,1,0,0,0,70.62,SUCCESS,2,0,35000.0,1,1,1,0,1,0,0,1,1,0,13,Average
252,student0252@student.hitech.lk,ACTIVE,STUDENT,12,GD-UIUX-101,ACTIVE,Business Management,ACTIVE,ADMIN_ONLY,45000.0,8,WEEKS,1,18,2,0,2,0,0,50.0,12,2,0,6,8,14,4,5,5,3,2,2,2,93.45,100.0,86.89,2,0,0,0,90.58,SUCCESS,1,0,45000.0,1,0,0,0,0,0,0,1,1,0,6,Good
364,student0364@student.hitech.lk,ACTIVE,STUDENT,12,GD-UIUX-101,ACTIVE,Business Management,ACTIVE,ADMIN_ONLY,45000.0,8,WEEKS,1,26,3,1,1,1,0,50.0,12,2,0,6,8,14,4,5,5,3,1,1,1,67.32,67.32,67.32,1,0,0,0,65.77,PENDING,0,0,0.0,1,0,0,0,0,0,0,0,0,0,14,Average
148,student0148@student.hitech.lk,ACTIVE,STUDENT,10,IT-NET-100,ARCHIVED,Data Science,REMOVED,OPEN,35000.0,8,WEEKS,1,8,1,0,0,1,0,0.0,26,8,0,16,18,14,5,7,2,1,1,1,1,31.94,31.94,31.94,0,1,0,2,28.88,FAILED,0,1,0.0,1,2,0,0,1,0,1,2,1,1,32,Low
761,student0761@student.hitech.lk,ACTIVE,STUDENT,1,SE-JAVA-101,ACTIVE,Software Engineering,ACTIVE,OPEN,40000.0,3,WEEKS,2,93,15,11,1,3,0,76.67,15,10,1,14,11,12,4,7,1,4,3,3,3,73.24,78.38,69.79,3,0,0,0,76.61,SUCCESS,1,0,40000.0,1,0,0,0,0,0,0,0,0,0,3,Average
660,student0660@student.hitech.lk,ACTIVE,STUDENT,8,BM-MGMT-201,ACTIVE,Graphic Design,ACTIVE,ADMIN_ONLY,50000.0,3,WEEKS,2,68,7,5,1,1,0,78.57,7,6,0,10,3,13,7,5,1,1,1,0,0,0.0,0.0,0.0,0,0,0,1,0.0,SUCCESS,2,0,50000.0,1,1,0,0,0,1,0,0,0,0,11,Average
101,student0101@student.hitech.lk,ACTIVE,STUDENT,1,SE-JAVA-101,ACTIVE,Software Engineering,COMPLETED,OPEN,40000.0,3,WEEKS,2,81,11,7,0,4,0,63.64,15,10,1,14,11,12,4,7,1,4,3,3,3,59.53,75.52,44.93,2,1,0,0,63.72,PENDING,0,1,0.0,1,0,0,0,0,0,0,0,0,0,15,Average
423,student0423@student.hitech.lk,ACTIVE,STUDENT,9,DM-SEO-101,ARCHIVED,Software Engineering,ACTIVE,OPEN,30000.0,12,WEEKS,2,42,6,2,0,3,1,45.83,13,2,0,5,10,13,4,6,3,5,0,0,0,0.0,0.0,0.0,0,0,0,0,0.0,PENDING,0,0,0.0,1,3,2,0,0,1,2,2,0,2,51,Low
620,student0620@student.hitech.lk,ACTIVE,STUDENT,5,DS-ML-210,ACTIVE,Digital Marketing,ACTIVE,OPEN,45000.0,10,WEEKS,2,32,3,0,2,1,0,33.33,8,9,1,16,1,5,2,3,0,5,5,5,5,93.9,97.57,85.84,5,0,0,0,99.06,SUCCESS,1,0,45000.0,1,1,0,0,1,0,0,0,0,0,6,Good
143,student0143@student.hitech.lk,ACTIVE,STUDENT,11,CC-AWS-101,ACTIVE,Cybersecurity,ACTIVE,ADMIN_ONLY,40000.0,12,WEEKS,1,81,4,3,1,0,0,87.5,4,14,0,4,14,7,2,3,2,4,4,4,4,81.85,88.62,76.55,4,0,0,0,85.45,SUCCESS,1,0,40000.0,1,0,0,0,0,0,0,2,2,0,1,Good
74,student0074@student.hitech.lk,ACTIVE,STUDENT,1,SE-JAVA-101,ACTIVE,Software Engineering,ACTIVE,OPEN,40000.0,3,WEEKS,2,41,4,1,2,1,0,50.0,15,10,1,14,11,12,4,7,1,4,3,3,3,70.97,76.81,59.49,3,0,0,0,75.32,SUCCESS,1,1,40000.0,1,1,0,0,1,0,0,2,1,1,5,Average
303,student0303@student.hitech.lk,ACTIVE,STUDENT,11,CC-AWS-101,ACTIVE,Cybersecurity,COMPLETED,ADMIN_ONLY,40000.0,12,WEEKS,1,155,4,2,0,0,2,87.5,4,14,0,4,14,7,2,3,2,4,2,1,1,63.71,63.71,63.71,1,0,0,0,70.1,SUCCESS,1,0,40000.0,1,0,0,0,0,0,0,0,0,0,29,Medium
778,student0778@student.hitech.lk,ACTIVE,STUDENT,12,GD-UIUX-101,ACTIVE,Business Management,ACTIVE,ADMIN_ONLY,45000.0,8,WEEKS,1,32,3,2,1,0,0,83.33,12,2,0,6,8,14,4,5,5,3,3,2,1,76.98,76.98,76.98,1,0,1,0,74.82,SUCCESS,1,0,45000.0,1,0,0,0,0,0,0,2,1,1,7,Good
131,student0131@student.hitech.lk,ACTIVE,STUDENT,5,DS-ML-210,ACTIVE,Digital Marketing,COMPLETED,OPEN,45000.0,10,WEEKS,2,184,8,2,3,3,0,43.75,8,9,1,16,1,5,2,3,0,5,3,2,2,66.85,71.9,61.79,2,0,0,0,67.19,SUCCESS,1,0,45000.0,1,0,0,0,0,0,0,1,1,0,26,Medium
183,student0183@student.hitech.lk,ACTIVE,STUDENT,6,CY-SEC-110,ACTIVE,Information Technology,ACTIVE,OPEN,50000.0,16,WEEKS,1,108,20,2,4,14,0,20.0,20,9,0,15,14,17,4,8,5,5,1,1,1,37.66,37.66,37.66,0,1,0,3,34.35,SUCCESS,1,1,50000.0,1,0,0,0,0,0,0,2,1,1,71,Low
471,student0471@student.hitech.lk,ACTIVE,STUDENT,10,IT-NET-100,ARCHIVED,Data Science,ACTIVE,OPEN,35000.0,8,WEEKS,1,88,15,9,1,4,1,68.33,26,8,0,16,18,14,5,7,2,1,1,1,1,68.45,68.45,68.45,1,0,0,1,67.9,PENDING,0,0,0.0,1,1,0,0,0,1,0,3,2,1,6,Average
673,student0673@student.hitech.lk,ACTIVE,STUDENT,4,DS-PY-101,ACTIVE,Business Management,COMPLETED,OPEN,50000.0,4,MONTHS,2,69,8,4,1,3,0,56.25,28,5,0,29,4,7,3,2,2,3,2,2,2,67.85,72.07,63.64,2,0,0,2,63.51,FAILED,0,1,0.0,1,2,0,0,0,1,1,1,0,1,35,Medium
451,student0451@student.hitech.lk,ACTIVE,STUDENT,8,BM-MGMT-201,ACTIVE,Graphic Design,COMPLETED,ADMIN_ONLY,50000.0,3,WEEKS,2,106,7,6,1,0,0,92.86,7,6,0,10,3,13,7,5,1,1,1,0,0,0.0,0.0,0.0,0,0,0,0,0.0,SUCCESS,1,0,50000.0,1,0,0,0,0,0,0,0,0,0,0,Good
146,student0146@student.hitech.lk,ACTIVE,STUDENT,10,IT-NET-100,ARCHIVED,Data Science,ACTIVE,OPEN,35000.0,8,WEEKS,1,90,17,14,2,1,0,88.24,26,8,0,16,18,14,5,7,2,1,1,1,1,83.32,83.32,83.32,1,0,0,1,86.92,SUCCESS,1,0,35000.0,2,1,0,0,0,0,1,0,0,0,3,Good
664,student0664@student.hitech.lk,ACTIVE,STUDENT,12,GD-UIUX-101,ACTIVE,Business Management,ACTIVE,ADMIN_ONLY,45000.0,8,WEEKS,1,68,8,8,0,0,0,100.0,12,2,0,6,8,14,4,5,5,3,2,2,2,78.21,82.28,74.15,2,0,0,0,80.82,SUCCESS,1,0,45000.0,1,0,0,0,0,0,0,0,0,0,0,Good
686,student0686@student.hitech.lk,ACTIVE,STUDENT,2,SE-WEB-120,DRAFT,Data Science,ACTIVE,ADMIN_ONLY,25000.0,16,WEEKS,3,59,0,0,0,0,0,0.0,28,10,0,16,22,9,5,4,0,1,0,0,0,0.0,0.0,0.0,0,0,0,0,0.0,FAILED,0,1,0.0,0,3,0,1,2,0,1,2,0,2,70,Low
108,student0108@student.hitech.lk,ACTIVE,STUDENT,7,BM-COMM-110,ACTIVE,Cloud Computing,ACTIVE,OPEN,35000.0,3,WEEKS,1,112,13,11,1,0,1,94.23,13,3,3,7,9,11,3,5,3,1,1,1,1,91.08,91.08,91.08,1,0,0,0,86.82,SUCCESS,1,0,35000.0,1,0,0,0,0,0,0,2,2,0,6,Good
77,student0077@student.hitech.lk,ACTIVE,STUDENT,9,DM-SEO-101,ARCHIVED,Software Engineering,ACTIVE,OPEN,30000.0,12,WEEKS,2,151,13,8,2,3,0,69.23,13,2,0,5,10,13,4,6,3,5,4,4,4,70.34,83.66,61.7,4,0,0,1,70.28,SUCCESS,1,0,30000.0,1,0,0,0,0,0,0,0,0,0,15,Average
190,student0190@student.hitech.lk,ACTIVE,STUDENT,9,DM-SEO-101,ARCHIVED,Software Engineering,REMOVED,OPEN,30000.0,12,WEEKS,2,31,4,0,1,3,0,12.5,13,2,0,5,10,13,4,6,3,5,1,1,0,0.0,0.0,0.0,0,0,1,2,0.0,FAILED,0,1,0.0,0,1,1,0,1,0,0,0,0,0,78,Low
554,student0554@student.hitech.lk,ACTIVE,STUDENT,3,SE-DB-130,ACTIVE,Cybersecurity,ACTIVE,OPEN,50000.0,4,MONTHS,1,57,7,6,0,1,0,85.71,26,8,2,32,2,9,3,4,2,4,2,2,1,75.48,75.48,75.48,1,0,1,0,73.7,SUCCESS,1,1,50000.0,1,0,0,0,0,0,0,0,0,0,3,Average
39,student0039@student.hitech.lk,ACTIVE,STUDENT,1,SE-JAVA-101,ACTIVE,Software Engineering,ACTIVE,OPEN,40000.0,3,WEEKS,2,42,4,0,2,2,0,25.0,15,10,1,14,11,12,4,7,1,4,2,1,1,51.19,51.19,51.19,1,0,0,0,48.29,SUCCESS,1,0,40000.0,1,0,0,0,0,0,0,0,0,0,10,Medium
803,student0803@student.hitech.lk,PENDING_VERIFICATION,STUDENT,7,BM-COMM-110,ACTIVE,Cloud Computing,ACTIVE,OPEN,35000.0,3,WEEKS,1,162,13,8,1,3,1,71.15,13,3,3,7,9,11,3,5,3,1,1,0,0,0.0,0.0,0.0,0,0,0,1,0.0,FAILED,0,1,0.0,1,3,0,1,2,0,1,0,0,0,36,Medium
820,student0820@student.hitech.lk,ACTIVE,STUDENT,5,DS-ML-210,ACTIVE,Digital Marketing,COMPLETED,OPEN,45000.0,10,WEEKS,2,157,8,0,2,6,0,12.5,8,9,1,16,1,5,2,3,0,5,2,2,1,36.14,36.14,36.14,0,1,1,3,42.09,SUCCESS,1,0,45000.0,1,2,1,1,1,0,1,0,0,0,74,Low
307,student0307@student.hitech.lk,ACTIVE,STUDENT,11,CC-AWS-101,ACTIVE,Cybersecurity,ACTIVE,ADMIN_ONLY,40000.0,12,WEEKS,1,48,4,0,2,2,0,25.0,4,14,0,4,14,7,2,3,2,4,3,3,2,61.66,63.74,59.58,2,0,1,0,61.81,SUCCESS,1,0,40000.0,2,1,0,0,0,0,1,0,0,0,39,Medium
700,student0700@student.hitech.lk,ACTIVE,STUDENT,11,CC-AWS-101,ACTIVE,Cybersecurity,ACTIVE,ADMIN_ONLY,40000.0,12,WEEKS,1,123,4,3,1,0,0,87.5,4,14,0,4,14,7,2,3,2,4,3,3,3,91.61,100.0,82.8,3,0,0,0,95.08,FAILED,0,1,0.0,1,1,1,0,0,0,1,1,1,0,0,Good
549,student0549@student.hitech.lk,ACTIVE,STUDENT,3,SE-DB-130,ACTIVE,Cybersecurity,REMOVED,OPEN,50000.0,4,MONTHS,1,7,1,0,1,0,0,50.0,26,8,2,32,2,9,3,4,2,4,4,4,3,77.73,91.89,67.29,3,0,1,0,75.84,SUCCESS,1,0,50000.0,1,1,0,0,0,0,1,0,0,0,0,Good
661,student0661@student.hitech.lk,ACTIVE,STUDENT,11,CC-AWS-101,ACTIVE,Cybersecurity,ACTIVE,ADMIN_ONLY,40000.0,12,WEEKS,1,45,4,0,2,2,0,25.0,4,14,0,4,14,7,2,3,2,4,2,2,2,60.07,64.39,55.74,2,0,0,1,59.52,SUCCESS,2,0,40000.0,1,0,0,0,0,0,0,0,0,0,17,Medium
399,student0399@student.hitech.lk,ACTIVE,STUDENT,9,DM-SEO-101,ARCHIVED,Software Engineering,COMPLETED,OPEN,30000.0,12,WEEKS,2,224,13,7,1,5,0,57.69,13,2,0,5,10,13,4,6,3,5,2,2,2,48.2,58.25,38.15,1,1,0,1,55.05,PENDING,0,0,0.0,1,1,0,0,1,0,0,3,3,0,34,Medium
785,student0785@student.hitech.lk,ACTIVE,STUDENT,4,DS-PY-101,ACTIVE,Business Management,ACTIVE,OPEN,50000.0,4,MONTHS,2,88,10,10,0,0,0,100.0,28,5,0,29,4,7,3,2,2,3,2,2,2,61.08,62.33,59.84,2,0,0,1,64.96,SUCCESS,2,0,50000.0,1,0,0,0,0,0,0,1,1,0,7,Average
304,student0304@student.hitech.lk,ACTIVE,STUDENT,12,GD-UIUX-101,ACTIVE,Business Management,ACTIVE,ADMIN_ONLY,45000.0,8,WEEKS,1,171,12,10,0,2,0,83.33,12,2,0,6,8,14,4,5,5,3,3,3,2,79.24,81.01,77.47,2,0,1,0,77.54,SUCCESS,1,0,45000.0,1,0,0,0,0,0,0,2,2,0,1,Good
25,student0025@student.hitech.lk,PENDING_VERIFICATION,STUDENT,5,DS-ML-210,ACTIVE,Digital Marketing,ACTIVE,OPEN,45000.0,10,WEEKS,2,74,8,0,3,5,0,18.75,8,9,1,16,1,5,2,3,0,5,3,3,3,41.97,44.49,38.02,0,3,0,0,34.29,SUCCESS,1,0,45000.0,2,0,0,0,0,0,0,0,0,0,45,Medium
378,student0378@student.hitech.lk,ACTIVE,STUDENT,6,CY-SEC-110,ACTIVE,Information Technology,REMOVED,OPEN,50000.0,16,WEEKS,1,39,5,0,1,4,0,10.0,20,9,0,15,14,17,4,8,5,5,1,1,1,47.42,47.42,47.42,0,1,0,1,51.0,PENDING,0,0,0.0,1,2,0,1,0,2,0,1,1,0,66,Low
457,student0457@student.hitech.lk,ACTIVE,STUDENT,8,BM-MGMT-201,ACTIVE,Graphic Design,ACTIVE,ADMIN_ONLY,50000.0,3,WEEKS,2,89,7,0,4,3,0,28.57,7,6,0,10,3,13,7,5,1,1,0,0,0,0.0,0.0,0.0,0,0,0,0,0.0,SUCCESS,1,0,50000.0,1,1,0,0,1,0,0,1,0,1,28,Medium
798,student0798@student.hitech.lk,ACTIVE,STUDENT,3,SE-DB-130,ACTIVE,Cybersecurity,ACTIVE,OPEN,50000.0,4,MONTHS,1,120,18,13,0,5,0,72.22,26,8,2,32,2,9,3,4,2,4,3,3,3,55.21,58.78,52.17,3,0,0,0,51.87,PENDING,0,0,0.0,1,0,0,0,0,0,0,0,0,0,18,Average
83,student0083@student.hitech.lk,PENDING_VERIFICATION,STUDENT,4,DS-PY-101,ACTIVE,Business Management,ACTIVE,OPEN,50000.0,4,MONTHS,2,92,10,3,0,6,1,37.5,28,5,0,29,4,7,3,2,2,3,1,1,1,22.14,22.14,22.14,0,1,0,3,22.89,SUCCESS,1,1,50000.0,1,1,0,0,1,0,0,1,0,1,57,Low
775,student0775@student.hitech.lk,ACTIVE,STUDENT,6,CY-SEC-110,ACTIVE,Information Technology,COMPLETED,OPEN,50000.0,16,WEEKS,1,131,20,19,1,0,0,97.5,20,9,0,15,14,17,4,8,5,5,5,5,5,81.55,92.13,75.94,5,0,0,0,83.7,SUCCESS,1,0,50000.0,1,1,0,0,0,0,1,0,0,0,6,Good
93,student0093@student.hitech.lk,ACTIVE,STUDENT,12,GD-UIUX-101,ACTIVE,Business Management,REMOVED,ADMIN_ONLY,45000.0,8,WEEKS,1,18,2,0,1,1,0,25.0,12,2,0,6,8,14,4,5,5,3,1,0,0,0.0,0.0,0.0,0,0,0,2,0.0,SUCCESS,1,0,45000.0,2,3,1,1,3,0,0,0,0,0,39,Low
742,student0742@student.hitech.lk,ACTIVE,STUDENT,10,IT-NET-100,ARCHIVED,Data Science,ACTIVE,OPEN,35000.0,8,WEEKS,1,41,5,2,2,1,0,60.0,26,8,0,16,18,14,5,7,2,1,1,1,1,78.35,78.35,78.35,1,0,0,0,77.62,SUCCESS,1,1,35000.0,1,1,1,0,0,0,1,0,0,0,18,Average
827,student0827@student.hitech.lk,ACTIVE,STUDENT,11,CC-AWS-101,ACTIVE,Cybersecurity,ACTIVE,ADMIN_ONLY,40000.0,12,WEEKS,1,31,4,2,1,1,0,62.5,4,14,0,4,14,7,2,3,2,4,3,2,2,77.73,78.67,76.79,2,0,0,0,79.44,SUCCESS,3,0,40000.0,1,1,1,0,0,0,1,0,0,0,9,Average
605,student0605@student.hitech.lk,ACTIVE,STUDENT,10,IT-NET-100,ARCHIVED,Data Science,COMPLETED,OPEN,35000.0,8,WEEKS,1,115,12,8,3,1,0,79.17,26,8,0,16,18,14,5,7,2,1,1,1,1,78.38,78.38,78.38,1,0,0,0,83.33,SUCCESS,1,0,35000.0,1,0,0,0,0,0,0,1,1,0,2,Good
24,student0024@student.hitech.lk,PENDING_VERIFICATION,STUDENT,2,SE-WEB-120,DRAFT,Data Science,ACTIVE,ADMIN_ONLY,25000.0,16,WEEKS,3,42,2,1,1,0,0,75.0,28,10,0,16,22,9,5,4,0,1,1,1,1,92.87,92.87,92.87,1,0,0,0,91.42,SUCCESS,2,0,25000.0,1,0,0,0,0,0,0,0,0,0,17,Good
222,student0222@student.hitech.lk,ACTIVE,STUDENT,10,IT-NET-100,ARCHIVED,Data Science,COMPLETED,OPEN,35000.0,8,WEEKS,1,189,26,22,0,4,0,84.62,26,8,0,16,18,14,5,7,2,1,1,1,1,64.99,64.99,64.99,1,0,0,0,64.75,SUCCESS,1,1,35000.0,1,0,0,0,0,0,0,1,0,1,10,Average
366,student0366@student.hitech.lk,ACTIVE,STUDENT,7,BM-COMM-110,ACTIVE,Cloud Computing,ACTIVE,OPEN,35000.0,3,WEEKS,1,95,13,7,2,3,1,67.31,13,3,3,7,9,11,3,5,3,1,1,1,0,0.0,0.0,0.0,0,0,1,1,0.0,SUCCESS,1,1,35000.0,1,0,0,0,0,0,0,0,0,0,29,Medium
310,student0310@student.hitech.lk,ACTIVE,STUDENT,11,CC-AWS-101,ACTIVE,Cybersecurity,ACTIVE,ADMIN_ONLY,40000.0,12,WEEKS,1,63,4,2,2,0,0,75.0,4,14,0,4,14,7,2,3,2,4,3,3,3,88.03,95.19,78.57,3,0,0,0,90.28,SUCCESS,1,0,40000.0,1,0,0,0,0,0,0,0,0,0,6,Good
447,student0447@student.hitech.lk,PENDING_VERIFICATION,STUDENT,6,CY-SEC-110,ACTIVE,Information Technology,REMOVED,OPEN,50000.0,16,WEEKS,1,8,0,0,0,0,0,0.0,20,9,0,15,14,17,4,8,5,5,0,0,0,0.0,0.0,0.0,0,0,0,0,0.0,FAILED,0,1,0.0,0,0,0,0,0,0,0,0,0,0,59,Low
666,student0666@student.hitech.lk,ACTIVE,STUDENT,2,SE-WEB-120,DRAFT,Data Science,REMOVED,ADMIN_ONLY,25000.0,16,WEEKS,3,54,1,0,1,0,0,50.0,28,10,0,16,22,9,5,4,0,1,1,1,1,53.59,53.59,53.59,1,0,0,2,56.43,SUCCESS,1,0,25000.0,2,0,0,0,0,0,0,1,1,0,23,Medium
221,student0221@student.hitech.lk,INACTIVE,STUDENT,8,BM-MGMT-201,ACTIVE,Graphic Design,COMPLETED,ADMIN_ONLY,50000.0,3,WEEKS,2,173,7,4,0,3,0,57.14,7,6,0,10,3,13,7,5,1,1,1,1,1,73.97,73.97,73.97,1,0,0,1,75.85,SUCCESS,1,0,50000.0,1,0,0,0,0,0,0,1,0,1,50,Average
253,student0253@student.hitech.lk,ACTIVE,STUDENT,12,GD-UIUX-101,ACTIVE,Business Management,COMPLETED,ADMIN_ONLY,45000.0,8,WEEKS,1,177,12,4,3,5,0,45.83,12,2,0,6,8,14,4,5,5,3,2,2,2,51.53,57.67,45.39,1,1,0,1,60.78,PENDING,0,1,0.0,1,1,0,0,0,0,1,1,0,1,14,Medium
259,student0259@student.hitech.lk,ACTIVE,STUDENT,3,SE-DB-130,ACTIVE,Cybersecurity,ACTIVE,OPEN,50000.0,4,MONTHS,1,16,2,1,0,1,0,50.0,26,8,2,32,2,9,3,4,2,4,2,2,2,29.52,30.12,28.92,0,2,0,1,31.06,FAILED,0,1,0.0,1,2,0,0,2,0,0,0,0,0,72,Low
545,student0545@student.hitech.lk,PENDING_VERIFICATION,STUDENT,8,BM-MGMT-201,ACTIVE,Graphic Design,ACTIVE,ADMIN_ONLY,50000.0,3,WEEKS,2,74,7,5,0,2,0,71.43,7,6,0,10,3,13,7,5,1,1,1,1,1,88.24,88.24,88.24,1,0,0,0,90.27,SUCCESS,1,0,50000.0,1,0,0,0,0,0,0,0,0,0,18,Good
323,student0323@student.hitech.lk,ACTIVE,STUDENT,8,BM-MGMT-201,ACTIVE,Graphic Design,ACTIVE,ADMIN_ONLY,50000.0,3,WEEKS,2,45,5,0,2,2,1,35.0,7,6,0,10,3,13,7,5,1,1,0,0,0,0.0,0.0,0.0,0,0,0,0,0.0,SUCCESS,1,1,50000.0,1,1,1,0,1,0,0,0,0,0,35,Medium
830,student0830@student.hitech.lk,ACTIVE,STUDENT,2,SE-WEB-120,DRAFT,Data Science,COMPLETED,ADMIN_ONLY,25000.0,16,WEEKS,3,121,1,1,0,0,0,100.0,28,10,0,16,22,9,5,4,0,1,1,1,1,91.71,91.71,91.71,1,0,0,0,91.1,SUCCESS,1,0,25000.0,1,0,0,0,0,0,0,0,0,0,5,Good
207,student0207@student.hitech.lk,ACTIVE,STUDENT,6,CY-SEC-110,ACTIVE,Information Technology,COMPLETED,OPEN,50000.0,16,WEEKS,1,176,20,15,1,4,0,77.5,20,9,0,15,14,17,4,8,5,5,3,3,3,63.34,72.27,53.41,3,0,0,0,68.63,SUCCESS,1,0,50000.0,1,1,0,0,0,1,0,0,0,0,15,Average
793,student0793@student.hitech.lk,ACTIVE,STUDENT,5,DS-ML-210,ACTIVE,Digital Marketing,COMPLETED,OPEN,45000.0,10,WEEKS,2,199,8,8,0,0,0,100.0,8,9,1,16,1,5,2,3,0,5,5,5,5,86.63,100.0,73.65,5,0,0,0,88.81,SUCCESS,1,0,45000.0,1,0,0,0,0,0,0,1,1,0,6,Good
524,student0524@student.hitech.lk,ACTIVE,STUDENT,1,SE-JAVA-101,ACTIVE,Software Engineering,ACTIVE,OPEN,40000.0,3,WEEKS,2,222,15,7,2,6,0,53.33,15,10,1,14,11,12,4,7,1,4,2,2,2,43.36,49.1,37.62,0,2,0,0,47.36,SUCCESS,2,0,40000.0,1,0,0,0,0,0,0,2,1,1,36,Medium
499,student0499@student.hitech.lk,ACTIVE,STUDENT,6,CY-SEC-110,ACTIVE,Information Technology,REMOVED,OPEN,50000.0,16,WEEKS,1,15,2,0,2,0,0,50.0,20,9,0,15,14,17,4,8,5,5,3,3,3,47.68,53.98,43.64,1,2,0,0,47.84,FAILED,0,1,0.0,1,3,0,0,2,1,0,1,1,0,13,Medium
469,student0469@student.hitech.lk,ACTIVE,STUDENT,10,IT-NET-100,ARCHIVED,Data Science,ACTIVE,OPEN,35000.0,8,WEEKS,1,32,3,0,2,1,0,33.33,26,8,0,16,18,14,5,7,2,1,0,0,0,0.0,0.0,0.0,0,0,0,0,0.0,FAILED,0,2,0.0,0,2,0,0,2,0,0,0,0,0,53,Low
28,student0028@student.hitech.lk,ACTIVE,STUDENT,7,BM-COMM-110,ACTIVE,Cloud Computing,ACTIVE,OPEN,35000.0,3,WEEKS,1,80,9,2,2,4,1,41.67,13,3,3,7,9,11,3,5,3,1,1,1,1,52.59,52.59,52.59,1,0,0,0,51.4,SUCCESS,2,0,35000.0,1,1,1,0,0,0,1,0,0,0,10,Medium
730,student0730@student.hitech.lk,INACTIVE,STUDENT,3,SE-DB-130,ACTIVE,Cybersecurity,ACTIVE,OPEN,50000.0,4,MONTHS,1,18,2,0,1,1,0,25.0,26,8,2,32,2,9,3,4,2,4,2,2,2,46.28,47.79,44.77,0,2,0,2,45.52,SUCCESS,1,0,50000.0,1,0,0,0,0,0,0,2,2,0,29,Medium
685,student0685@student.hitech.lk,ACTIVE,STUDENT,7,BM-COMM-110,ACTIVE,Cloud Computing,ACTIVE,OPEN,35000.0,3,WEEKS,1,146,13,10,1,2,0,80.77,13,3,3,7,9,11,3,5,3,1,1,1,1,89.77,89.77,89.77,1,0,0,0,95.98,SUCCESS,1,0,35000.0,2,0,0,0,0,0,0,2,2,0,6,Good
538,student0538@student.hitech.lk,ACTIVE,STUDENT,11,CC-AWS-101,ACTIVE,Cybersecurity,COMPLETED,ADMIN_ONLY,40000.0,12,WEEKS,1,183,4,3,0,1,0,75.0,4,14,0,4,14,7,2,3,2,4,4,4,4,85.98,98.15,75.71,4,0,0,0,86.03,SUCCESS,2,0,40000.0,1,0,0,0,0,0,0,0,0,0,6,Good
384,student0384@student.hitech.lk,ACTIVE,STUDENT,9,DM-SEO-101,ARCHIVED,Software Engineering,ACTIVE,OPEN,30000.0,12,WEEKS,2,62,6,0,2,2,2,41.67,13,2,0,5,10,13,4,6,3,5,1,1,1,46.03,46.03,46.03,0,1,0,1,42.35,SUCCESS,1,0,30000.0,1,3,1,0,1,1,1,0,0,0,81,Low
26,student0026@student.hitech.lk,ACTIVE,STUDENT,4,DS-PY-101,ACTIVE,Business Management,COMPLETED,OPEN,50000.0,4,MONTHS,2,108,17,11,2,4,0,70.59,28,5,0,29,4,7,3,2,2,3,2,2,1,72.09,72.09,72.09,1,0,1,1,66.53,SUCCESS,1,0,50000.0,1,0,0,0,0,0,0,1,0,1,13,Average
652,student0652@student.hitech.lk,ACTIVE,STUDENT,4,DS-PY-101,ACTIVE,Business Management,ACTIVE,OPEN,50000.0,4,MONTHS,2,94,13,0,4,8,1,21.15,28,5,0,29,4,7,3,2,2,3,1,0,0,0.0,0.0,0.0,0,0,0,2,0.0,SUCCESS,1,1,50000.0,1,2,0,0,1,1,0,0,0,0,90,Low
780,student0780@student.hitech.lk,ACTIVE,STUDENT,5,DS-ML-210,ACTIVE,Digital Marketing,COMPLETED,OPEN,45000.0,10,WEEKS,2,151,8,7,0,0,1,96.88,8,9,1,16,1,5,2,3,0,5,5,4,4,93.37,97.67,85.53,4,0,0,1,91.29,SUCCESS,1,0,45000.0,1,1,0,0,0,0,1,1,1,0,0,Good
172,student0172@student.hitech.lk,ACTIVE,STUDENT,7,BM-COMM-110,ACTIVE,Cloud Computing,COMPLETED,OPEN,35000.0,3,WEEKS,1,204,13,11,0,2,0,84.62,13,3,3,7,9,11,3,5,3,1,1,0,0,0.0,0.0,0.0,0,0,0,0,0.0,SUCCESS,1,0,35000.0,1,0,0,0,0,0,0,2,1,1,11,Average
303,student0303@student.hitech.lk,ACTIVE,STUDENT,12,GD-UIUX-101,ACTIVE,Business Management,ACTIVE,ADMIN_ONLY,45000.0,8,WEEKS,1,104,12,8,0,4,0,66.67,12,2,0,6,8,14,4,5,5,3,2,2,2,69.15,71.38,66.91,2,0,0,0,73.96,SUCCESS,2,0,45000.0,1,0,0,0,0,0,0,1,0,1,15,Average
284,student0284@student.hitech.lk,ACTIVE,STUDENT,10,IT-NET-100,ARCHIVED,Data Science,REMOVED,OPEN,35000.0,8,WEEKS,1,53,9,1,2,6,0,22.22,26,8,0,16,18,14,5,7,2,1,0,0,0,0.0,0.0,0.0,0,0,0,0,0.0,SUCCESS,2,0,35000.0,1,1,0,0,1,0,0,0,0,0,77,Low
844,student0844@student.hitech.lk,PENDING_VERIFICATION,STUDENT,10,IT-NET-100,ARCHIVED,Data Science,ACTIVE,OPEN,35000.0,8,WEEKS,1,119,17,9,3,5,0,61.76,26,8,0,16,18,14,5,7,2,1,1,1,1,87.0,87.0,87.0,1,0,0,0,94.62,SUCCESS,1,1,35000.0,1,0,0,0,0,0,0,1,1,0,9,Good
353,student0353@student.hitech.lk,ACTIVE,STUDENT,8,BM-MGMT-201,ACTIVE,Graphic Design,ACTIVE,ADMIN_ONLY,50000.0,3,WEEKS,2,68,7,5,1,1,0,78.57,7,6,0,10,3,13,7,5,1,1,1,1,1,67.58,67.58,67.58,1,0,0,0,68.29,SUCCESS,1,0,50000.0,1,0,0,0,0,0,0,1,1,0,7,Good
134,student0134@student.hitech.lk,ACTIVE,STUDENT,1,SE-JAVA-101,ACTIVE,Software Engineering,ACTIVE,OPEN,40000.0,3,WEEKS,2,28,5,0,2,2,1,35.0,15,10,1,14,11,12,4,7,1,4,2,2,2,46.98,47.55,46.41,0,2,0,0,38.06,PENDING,0,0,0.0,1,2,1,1,1,0,1,1,1,0,39,Low
158,student0158@student.hitech.lk,ACTIVE,STUDENT,4,DS-PY-101,ACTIVE,Business Management,ACTIVE,OPEN,50000.0,4,MONTHS,2,47,8,2,4,1,1,59.38,28,5,0,29,4,7,3,2,2,3,2,2,2,51.27,56.51,46.03,1,1,0,1,51.0,SUCCESS,2,1,50000.0,1,2,0,0,1,0,1,3,2,1,21,Medium
831,student0831@student.hitech.lk,ACTIVE,STUDENT,9,DM-SEO-101,ARCHIVED,Software Engineering,COMPLETED,OPEN,30000.0,12,WEEKS,2,184,13,11,1,0,1,94.23,13,2,0,5,10,13,4,6,3,5,4,4,4,81.77,86.89,76.73,4,0,0,0,75.01,SUCCESS,1,0,30000.0,1,1,0,0,0,1,0,0,0,0,0,Good
755,student0755@student.hitech.lk,ACTIVE,STUDENT,12,GD-UIUX-101,ACTIVE,Business Management,ACTIVE,ADMIN_ONLY,45000.0,8,WEEKS,1,81,9,8,0,1,0,88.89,12,2,0,6,8,14,4,5,5,3,2,2,2,88.84,92.05,85.64,2,0,0,0,84.23,SUCCESS,1,0,45000.0,1,0,0,0,0,0,0,0,0,0,7,Good
76,student0076@student.hitech.lk,ACTIVE,STUDENT,8,BM-MGMT-201,ACTIVE,Graphic Design,ACTIVE,ADMIN_ONLY,50000.0,3,WEEKS,2,18,2,1,0,1,0,50.0,7,6,0,10,3,13,7,5,1,1,1,1,1,78.54,78.54,78.54,1,0,0,0,77.64,SUCCESS,1,0,50000.0,1,0,0,0,0,0,0,0,0,0,15,Average
260,student0260@student.hitech.lk,INACTIVE,STUDENT,10,IT-NET-100,ARCHIVED,Data Science,ACTIVE,OPEN,35000.0,8,WEEKS,1,103,18,14,2,2,0,83.33,26,8,0,16,18,14,5,7,2,1,1,1,0,0.0,0.0,0.0,0,0,1,0,0.0,SUCCESS,1,0,35000.0,2,0,0,0,0,0,0,2,2,0,17,Good
454,student0454@student.hitech.lk,PENDING_VERIFICATION,STUDENT,6,CY-SEC-110,ACTIVE,Information Technology,ACTIVE,OPEN,50000.0,16,WEEKS,1,64,11,9,0,2,0,81.82,20,9,0,15,14,17,4,8,5,5,5,4,4,88.09,100.0,77.69,4,0,0,0,83.85,SUCCESS,3,1,50000.0,1,2,0,0,0,1,1,0,0,0,18,Good
338,student0338@student.hitech.lk,ACTIVE,STUDENT,1,SE-JAVA-101,ACTIVE,Software Engineering,COMPLETED,OPEN,40000.0,3,WEEKS,2,225,15,15,0,0,0,100.0,15,10,1,14,11,12,4,7,1,4,3,3,3,88.12,100.0,77.61,3,0,0,0,82.5,SUCCESS,1,0,40000.0,1,0,0,0,0,0,0,0,0,0,6,Good
453,student0453@student.hitech.lk,ACTIVE,STUDENT,2,SE-WEB-120,DRAFT,Data Science,ACTIVE,ADMIN_ONLY,25000.0,16,WEEKS,3,65,2,2,0,0,0,100.0,28,10,0,16,22,9,5,4,0,1,1,1,1,70.99,70.99,70.99,1,0,0,0,66.18,SUCCESS,1,0,25000.0,1,0,0,0,0,0,0,0,0,0,15,Average
196,student0196@student.hitech.lk,ACTIVE,STUDENT,11,CC-AWS-101,ACTIVE,Cybersecurity,ACTIVE,ADMIN_ONLY,40000.0,12,WEEKS,1,68,4,1,2,1,0,50.0,4,14,0,4,14,7,2,3,2,4,3,2,2,68.68,72.55,64.82,2,0,0,0,61.11,SUCCESS,1,0,40000.0,1,0,0,0,0,0,0,2,1,1,16,Average
179,student0179@student.hitech.lk,ACTIVE,STUDENT,11,CC-AWS-101,ACTIVE,Cybersecurity,ACTIVE,ADMIN_ONLY,40000.0,12,WEEKS,1,62,4,2,1,0,1,81.25,4,14,0,4,14,7,2,3,2,4,2,1,1,51.22,51.22,51.22,1,0,0,0,53.46,SUCCESS,1,1,40000.0,1,2,1,1,1,1,0,4,3,1,5,Average
242,student0242@student.hitech.lk,ACTIVE,STUDENT,8,BM-MGMT-201,ACTIVE,Graphic Design,COMPLETED,ADMIN_ONLY,50000.0,3,WEEKS,2,205,7,7,0,0,0,100.0,7,6,0,10,3,13,7,5,1,1,1,1,1,96.76,96.76,96.76,1,0,0,1,97.6,FAILED,0,2,0.0,1,0,0,0,0,0,0,0,0,0,6,Good
168,student0168@student.hitech.lk,ACTIVE,STUDENT,1,SE-JAVA-101,ACTIVE,Software Engineering,REMOVED,OPEN,40000.0,3,WEEKS,2,26,4,2,1,0,1,81.25,15,10,1,14,11,12,4,7,1,4,3,3,3,55.39,59.11,53.35,3,0,0,0,56.32,SUCCESS,1,0,40000.0,1,0,0,0,0,0,0,1,1,0,17,Average
823,student0823@student.hitech.lk,ACTIVE,STUDENT,6,CY-SEC-110,ACTIVE,Information Technology,ACTIVE,OPEN,50000.0,16,WEEKS,1,88,12,10,0,2,0,83.33,20,9,0,15,14,17,4,8,5,5,3,3,3,66.99,72.66,56.12,3,0,0,1,70.6,FAILED,0,2,0.0,0,0,0,0,0,0,0,0,0,0,4,Average
386,student0386@student.hitech.lk,PENDING_VERIFICATION,STUDENT,11,CC-AWS-101,ACTIVE,Cybersecurity,ACTIVE,ADMIN_ONLY,40000.0,12,WEEKS,1,48,4,3,0,1,0,75.0,4,14,0,4,14,7,2,3,2,4,4,4,4,93.92,100.0,88.8,4,0,0,1,82.31,SUCCESS,1,0,40000.0,1,0,0,0,0,0,0,0,0,0,15,Good
544,student0544@student.hitech.lk,PENDING_VERIFICATION,STUDENT,10,IT-NET-100,ARCHIVED,Data Science,ACTIVE,OPEN,35000.0,8,WEEKS,1,107,13,8,2,3,0,69.23,26,8,0,16,18,14,5,7,2,1,1,1,1,75.89,75.89,75.89,1,0,0,0,70.21,SUCCESS,1,0,35000.0,1,1,1,0,0,1,0,1,1,0,20,Average
716,student0716@student.hitech.lk,ACTIVE,STUDENT,1,SE-JAVA-101,ACTIVE,Software Engineering,REMOVED,OPEN,40000.0,3,WEEKS,2,46,6,2,1,2,1,54.17,15,10,1,14,11,12,4,7,1,4,0,0,0,0.0,0.0,0.0,0,0,0,0,0.0,SUCCESS,1,0,40000.0,1,2,1,0,1,0,1,1,0,1,59,Low
229,student0229@student.hitech.lk,ACTIVE,STUDENT,11,CC-AWS-101,ACTIVE,Cybersecurity,ACTIVE,ADMIN_ONLY,40000.0,12,WEEKS,1,109,4,1,2,1,0,50.0,4,14,0,4,14,7,2,3,2,4,2,1,1,73.73,73.73,73.73,1,0,0,0,79.83,PENDING,0,0,0.0,1,0,0,0,0,0,0,0,0,0,11,Average
281,student0281@student.hitech.lk,ACTIVE,STUDENT,7,BM-COMM-110,ACTIVE,Cloud Computing,ACTIVE,OPEN,35000.0,3,WEEKS,1,54,7,3,1,2,1,60.71,13,3,3,7,9,11,3,5,3,1,1,1,1,55.55,55.55,55.55,1,0,0,0,59.81,PENDING,0,1,0.0,1,0,0,0,0,0,0,0,0,0,18,Medium
28,student0028@student.hitech.lk,ACTIVE,STUDENT,4,DS-PY-101,ACTIVE,Business Management,ACTIVE,OPEN,50000.0,4,MONTHS,2,57,9,7,0,2,0,77.78,28,5,0,29,4,7,3,2,2,3,3,3,3,92.16,92.35,91.92,3,0,0,0,87.0,SUCCESS,1,0,50000.0,1,0,0,0,0,0,0,2,0,2,3,Good
319,student0319@student.hitech.lk,ACTIVE,STUDENT,5,DS-ML-210,ACTIVE,Digital Marketing,REMOVED,OPEN,45000.0,10,WEEKS,2,45,7,0,1,6,0,7.14,8,9,1,16,1,5,2,3,0,5,0,0,0,0.0,0.0,0.0,0,0,0,0,0.0,FAILED,0,1,0.0,1,2,0,0,1,1,0,0,0,0,55,Low
256,student0256@student.hitech.lk,ACTIVE,STUDENT,8,BM-MGMT-201,ACTIVE,Graphic Design,COMPLETED,ADMIN_ONLY,50000.0,3,WEEKS,2,188,7,6,1,0,0,92.86,7,6,0,10,3,13,7,5,1,1,1,1,1,76.35,76.35,76.35,1,0,0,0,75.93,SUCCESS,1,0,50000.0,1,1,0,0,0,0,1,0,0,0,6,Good
742,student0742@student.hitech.lk,ACTIVE,STUDENT,2,SE-WEB-120,DRAFT,Data Science,ACTIVE,ADMIN_ONLY,25000.0,16,WEEKS,3,138,2,0,2,0,0,50.0,28,10,0,16,22,9,5,4,0,1,1,1,1,94.45,94.45,94.45,1,0,0,0,91.46,SUCCESS,1,0,25000.0,1,0,0,0,0,0,0,2,2,0,2,Good
733,student0733@student.hitech.lk,ACTIVE,STUDENT,7,BM-COMM-110,ACTIVE,Cloud Computing,REMOVED,OPEN,35000.0,3,WEEKS,1,18,2,0,1,0,1,62.5,13,3,3,7,9,11,3,5,3,1,0,0,0,0.0,0.0,0.0,0,0,0,0,0.0,PENDING,0,0,0.0,1,1,0,0,0,0,1,0,0,0,51,Low
493,student0493@student.hitech.lk,ACTIVE,STUDENT,3,SE-DB-130,ACTIVE,Cybersecurity,ACTIVE,OPEN,50000.0,4,MONTHS,1,85,15,10,1,4,0,70.0,26,8,2,32,2,9,3,4,2,4,3,3,3,59.99,65.09,55.56,3,0,0,2,63.21,SUCCESS,1,0,50000.0,1,0,0,0,0,0,0,1,1,0,16,Average
179,student0179@student.hitech.lk,ACTIVE,STUDENT,6,CY-SEC-110,ACTIVE,Information Technology,COMPLETED,OPEN,50000.0,16,WEEKS,1,180,20,14,0,6,0,70.0,20,9,0,15,14,17,4,8,5,5,4,4,4,64.59,70.51,56.8,4,0,0,1,62.81,SUCCESS,1,0,50000.0,1,0,0,0,0,0,0,2,2,0,14,Average
595,student0595@student.hitech.lk,ACTIVE,STUDENT,9,DM-SEO-101,ARCHIVED,Software Engineering,COMPLETED,OPEN,30000.0,12,WEEKS,2,220,13,13,0,0,0,100.0,13,2,0,5,10,13,4,6,3,5,4,4,4,64.41,70.66,56.46,4,0,0,1,63.26,SUCCESS,1,0,30000.0,1,0,0,0,0,0,0,1,1,0,5,Average
406,student0406@student.hitech.lk,ACTIVE,STUDENT,1,SE-JAVA-101,ACTIVE,Software Engineering,ACTIVE,OPEN,40000.0,3,WEEKS,2,70,12,6,1,4,1,60.42,15,10,1,14,11,12,4,7,1,4,2,2,2,48.78,51.54,46.02,1,1,0,0,48.59,SUCCESS,1,1,40000.0,1,0,0,0,0,0,0,1,0,1,36,Medium
190,student0190@student.hitech.lk,ACTIVE,STUDENT,11,CC-AWS-101,ACTIVE,Cybersecurity,ACTIVE,ADMIN_ONLY,40000.0,12,WEEKS,1,100,4,2,1,1,0,62.5,4,14,0,4,14,7,2,3,2,4,3,3,3,70.79,72.53,68.51,3,0,0,1,75.88,SUCCESS,1,1,40000.0,1,1,0,0,1,0,0,0,0,0,12,Average
26,student0026@student.hitech.lk,ACTIVE,STUDENT,11,CC-AWS-101,ACTIVE,Cybersecurity,ACTIVE,ADMIN_ONLY,40000.0,12,WEEKS,1,197,4,2,0,2,0,50.0,4,14,0,4,14,7,2,3,2,4,3,3,3,55.89,68.07,46.98,2,1,0,1,57.57,SUCCESS,1,1,40000.0,1,3,2,0,0,2,1,0,0,0,24,Medium
221,student0221@student.hitech.lk,ACTIVE,STUDENT,10,IT-NET-100,ARCHIVED,Data Science,COMPLETED,OPEN,35000.0,8,WEEKS,1,135,17,14,0,3,0,82.35,26,8,0,16,18,14,5,7,2,1,1,1,1,98.52,98.52,98.52,1,0,0,1,93.91,SUCCESS,1,0,35000.0,1,0,0,0,0,0,0,0,0,0,3,Good
29,student0029@student.hitech.lk,ACTIVE,STUDENT,5,DS-ML-210,ACTIVE,Digital Marketing,ACTIVE,OPEN,45000.0,10,WEEKS,2,82,8,6,0,2,0,75.0,8,9,1,16,1,5,2,3,0,5,4,4,4,61.4,73.61,49.06,3,1,0,0,64.97,SUCCESS,1,0,45000.0,1,0,0,0,0,0,0,1,1,0,16,Average
688,student0688@student.hitech.lk,ACTIVE,STUDENT,12,GD-UIUX-101,ACTIVE,Business Management,COMPLETED,ADMIN_ONLY,45000.0,8,WEEKS,1,182,12,8,1,3,0,70.83,12,2,0,6,8,14,4,5,5,3,2,2,2,79.19,84.44,73.95,2,0,0,1,78.25,SUCCESS,1,0,45000.0,1,0,0,0,0,0,0,1,1,0,18,Average
475,student0475@student.hitech.lk,ACTIVE,STUDENT,11,CC-AWS-101,ACTIVE,Cybersecurity,ACTIVE,ADMIN_ONLY,40000.0,12,WEEKS,1,135,4,0,2,1,1,43.75,4,14,0,4,14,7,2,3,2,4,2,2,1,70.81,70.81,70.81,1,0,1,3,69.78,SUCCESS,2,1,40000.0,1,0,0,0,0,0,0,1,1,0,10,Medium
102,student0102@student.hitech.lk,PENDING_VERIFICATION,STUDENT,4,DS-PY-101,ACTIVE,Business Management,ACTIVE,OPEN,50000.0,4,MONTHS,2,150,22,16,0,6,0,72.73,28,5,0,29,4,7,3,2,2,3,2,1,1,63.45,63.45,63.45,1,0,0,2,56.8,SUCCESS,1,0,50000.0,2,0,0,0,0,0,0,1,0,1,30,Average
145,student0145@student.hitech.lk,ACTIVE,STUDENT,7,BM-COMM-110,ACTIVE,Cloud Computing,ACTIVE,OPEN,35000.0,3,WEEKS,1,55,8,7,0,0,1,96.88,13,3,3,7,9,11,3,5,3,1,1,1,1,68.33,68.33,68.33,1,0,0,0,71.6,SUCCESS,2,0,35000.0,2,0,0,0,0,0,0,0,0,0,2,Good
232,student0232@student.hitech.lk,ACTIVE,STUDENT,2,SE-WEB-120,DRAFT,Data Science,ACTIVE,ADMIN_ONLY,25000.0,16,WEEKS,3,38,1,1,0,0,0,100.0,28,10,0,16,22,9,5,4,0,1,1,0,0,0.0,0.0,0.0,0,0,0,2,0.0,SUCCESS,2,0,25000.0,2,0,0,0,0,0,0,1,0,1,18,Medium
199,student0199@student.hitech.lk,ACTIVE,STUDENT,10,IT-NET-100,ARCHIVED,Data Science,COMPLETED,OPEN,35000.0,8,WEEKS,1,111,13,8,1,3,1,71.15,26,8,0,16,18,14,5,7,2,1,1,1,1,50.04,50.04,50.04,1,0,0,1,44.12,FAILED,0,1,0.0,1,0,0,0,0,0,0,2,0,2,18,Average
226,student0226@student.hitech.lk,ACTIVE,STUDENT,9,DM-SEO-101,ARCHIVED,Software Engineering,ACTIVE,OPEN,30000.0,12,WEEKS,2,258,13,6,0,6,1,51.92,13,2,0,5,10,13,4,6,3,5,4,4,4,57.22,62.86,50.83,4,0,0,2,51.62,FAILED,0,1,0.0,0,2,0,0,1,0,1,1,1,0,26,Medium
774,student0774@student.hitech.lk,ACTIVE,STUDENT,6,CY-SEC-110,ACTIVE,Information Technology,ACTIVE,OPEN,50000.0,16,WEEKS,1,84,14,14,0,0,0,100.0,20,9,0,15,14,17,4,8,5,5,4,4,4,84.89,100.0,75.5,4,0,0,0,83.76,SUCCESS,1,1,50000.0,1,0,0,0,0,0,0,0,0,0,0,Good
103,student0103@student.hitech.lk,ACTIVE,STUDENT,11,CC-AWS-101,ACTIVE,Cybersecurity,ACTIVE,ADMIN_ONLY,40000.0,12,WEEKS,1,159,4,1,2,0,1,68.75,4,14,0,4,14,7,2,3,2,4,3,3,3,69.38,72.9,65.88,3,0,0,1,76.47,SUCCESS,1,1,40000.0,2,0,0,0,0,0,0,0,0,0,11,Average
420,student0420@student.hitech.lk,ACTIVE,STUDENT,7,BM-COMM-110,ACTIVE,Cloud Computing,ACTIVE,OPEN,35000.0,3,WEEKS,1,119,13,5,2,6,0,46.15,13,3,3,7,9,11,3,5,3,1,0,0,0,0.0,0.0,0.0,0,0,0,0,0.0,SUCCESS,1,0,35000.0,1,1,1,0,0,1,0,1,1,0,38,Medium
440,student0440@student.hitech.lk,ACTIVE,STUDENT,5,DS-ML-210,ACTIVE,Digital Marketing,ACTIVE,OPEN,45000.0,10,WEEKS,2,72,8,8,0,0,0,100.0,8,9,1,16,1,5,2,3,0,5,5,5,4,86.61,97.13,73.7,4,0,1,0,87.49,SUCCESS,2,0,45000.0,1,0,0,0,0,0,0,0,0,0,5,Good
414,student0414@student.hitech.lk,ACTIVE,STUDENT,11,CC-AWS-101,ACTIVE,Cybersecurity,ACTIVE,ADMIN_ONLY,40000.0,12,WEEKS,1,65,4,4,0,0,0,100.0,4,14,0,4,14,7,2,3,2,4,4,3,3,91.18,100.0,83.51,3,0,0,0,92.36,SUCCESS,1,1,40000.0,1,0,0,0,0,0,0,0,0,0,1,Good
846,student0846@student.hitech.lk,ACTIVE,STUDENT,3,SE-DB-130,ACTIVE,Cybersecurity,COMPLETED,OPEN,50000.0,4,MONTHS,1,82,9,7,1,1,0,83.33,26,8,2,32,2,9,3,4,2,4,4,4,4,76.9,85.96,65.04,4,0,0,0,75.75,SUCCESS,1,0,50000.0,1,0,0,0,0,0,0,1,0,1,4,Good
849,student0849@student.hitech.lk,ACTIVE,STUDENT,4,DS-PY-101,ACTIVE,Business Management,ACTIVE,OPEN,50000.0,4,MONTHS,2,20,3,3,0,0,0,100.0,28,5,0,29,4,7,3,2,2,3,2,2,2,67.41,72.36,62.46,2,0,0,0,75.01,SUCCESS,1,0,50000.0,1,0,0,0,0,0,0,0,0,0,9,Average
18,student0018@student.hitech.lk,ACTIVE,STUDENT,11,CC-AWS-101,ACTIVE,Cybersecurity,ACTIVE,ADMIN_ONLY,40000.0,12,WEEKS,1,16,2,1,1,0,0,75.0,4,14,0,4,14,7,2,3,2,4,1,1,1,61.91,61.91,61.91,1,0,0,0,60.11,PENDING,0,0,0.0,1,1,1,0,0,0,1,1,0,1,33,Medium
136,student0136@student.hitech.lk,ACTIVE,STUDENT,5,DS-ML-210,ACTIVE,Digital Marketing,ACTIVE,OPEN,45000.0,10,WEEKS,2,61,8,4,1,3,0,56.25,8,9,1,16,1,5,2,3,0,5,2,2,2,45.54,49.57,41.52,0,2,0,1,43.93,SUCCESS,1,0,45000.0,2,1,1,0,1,0,0,0,0,0,38,Medium
14,student0014@student.hitech.lk,ACTIVE,STUDENT,10,IT-NET-100,ARCHIVED,Data Science,ACTIVE,OPEN,35000.0,8,WEEKS,1,131,25,12,2,11,0,52.0,26,8,0,16,18,14,5,7,2,1,0,0,0,0.0,0.0,0.0,0,0,0,0,0.0,SUCCESS,1,0,35000.0,1,2,1,0,1,1,0,1,0,1,33,Medium
844,student0844@student.hitech.lk,ACTIVE,STUDENT,5,DS-ML-210,ACTIVE,Digital Marketing,ACTIVE,OPEN,45000.0,10,WEEKS,2,67,8,3,1,4,0,43.75,8,9,1,16,1,5,2,3,0,5,2,1,1,65.44,65.44,65.44,1,0,0,2,67.66,SUCCESS,2,2,45000.0,1,0,0,0,0,0,0,1,0,1,26,Medium
282,student0282@student.hitech.lk,ACTIVE,STUDENT,7,BM-COMM-110,ACTIVE,Cloud Computing,COMPLETED,OPEN,35000.0,3,WEEKS,1,224,13,12,0,1,0,92.31,13,3,3,7,9,11,3,5,3,1,1,1,1,80.66,80.66,80.66,1,0,0,1,78.95,SUCCESS,1,0,35000.0,1,0,0,0,0,0,0,0,0,0,5,Good
541,student0541@student.hitech.lk,ACTIVE,STUDENT,6,CY-SEC-110,ACTIVE,Information Technology,REMOVED,OPEN,50000.0,16,WEEKS,1,36,5,1,2,2,0,40.0,20,9,0,15,14,17,4,8,5,5,1,1,1,47.36,47.36,47.36,0,1,0,1,44.14,PENDING,0,1,0.0,1,4,3,1,2,0,2,1,1,0,29,Low
119,student0119@student.hitech.lk,ACTIVE,STUDENT,4,DS-PY-101,ACTIVE,Business Management,COMPLETED,OPEN,50000.0,4,MONTHS,2,120,13,10,1,1,1,86.54,28,5,0,29,4,7,3,2,2,3,3,2,2,91.11,93.22,88.99,2,0,0,1,93.3,SUCCESS,1,0,50000.0,1,0,0,0,0,0,0,0,0,0,3,Good
488,student0488@student.hitech.lk,ACTIVE,STUDENT,7,BM-COMM-110,ACTIVE,Cloud Computing,ACTIVE,OPEN,35000.0,3,WEEKS,1,121,13,8,1,3,1,71.15,13,3,3,7,9,11,3,5,3,1,1,1,0,0.0,0.0,0.0,0,0,1,1,0.0,SUCCESS,1,0,35000.0,1,0,0,0,0,0,0,0,0,0,20,Medium
659,student0659@student.hitech.lk,ACTIVE,STUDENT,4,DS-PY-101,ACTIVE,Business Management,ACTIVE,OPEN,50000.0,4,MONTHS,2,21,3,2,0,1,0,66.67,28,5,0,29,4,7,3,2,2,3,2,1,1,88.11,88.11,88.11,1,0,0,0,88.93,SUCCESS,1,0,50000.0,2,1,1,1,1,0,0,0,0,0,16,Average
691,student0691@student.hitech.lk,ACTIVE,STUDENT,3,SE-DB-130,ACTIVE,Cybersecurity,ACTIVE,OPEN,50000.0,4,MONTHS,1,99,12,8,1,3,0,70.83,26,8,2,32,2,9,3,4,2,4,1,1,1,47.4,47.4,47.4,0,1,0,2,50.07,PENDING,0,1,0.0,1,0,0,0,0,0,0,1,1,0,36,Medium
502,student0502@student.hitech.lk,ACTIVE,STUDENT,12,GD-UIUX-101,ACTIVE,Business Management,COMPLETED,ADMIN_ONLY,45000.0,8,WEEKS,1,243,12,9,0,2,1,81.25,12,2,0,6,8,14,4,5,5,3,2,2,2,69.61,71.8,67.41,2,0,0,2,74.08,SUCCESS,1,0,45000.0,1,0,0,0,0,0,0,0,0,0,17,Average
819,student0819@student.hitech.lk,ACTIVE,STUDENT,7,BM-COMM-110,ACTIVE,Cloud Computing,ACTIVE,OPEN,35000.0,3,WEEKS,1,68,9,5,1,3,0,61.11,13,3,3,7,9,11,3,5,3,1,1,1,1,58.97,58.97,58.97,1,0,0,0,58.86,SUCCESS,1,0,35000.0,1,0,0,0,0,0,0,0,0,0,3,Average
495,student0495@student.hitech.lk,ACTIVE,STUDENT,12,GD-UIUX-101,ACTIVE,Business Management,ACTIVE,ADMIN_ONLY,45000.0,8,WEEKS,1,20,3,1,2,0,0,66.67,12,2,0,6,8,14,4,5,5,3,3,3,3,92.42,95.41,88.29,3,0,0,0,97.12,PENDING,0,0,0.0,1,0,0,0,0,0,0,0,0,0,1,Good
24,student0024@student.hitech.lk,ACTIVE,STUDENT,7,BM-COMM-110,ACTIVE,Cloud Computing,COMPLETED,OPEN,35000.0,3,WEEKS,1,112,13,8,0,3,2,73.08,13,3,3,7,9,11,3,5,3,1,1,1,0,0.0,0.0,0.0,0,0,1,0,0.0,SUCCESS,1,0,35000.0,1,1,1,0,1,0,0,1,1,0,4,Average
289,student0289@student.hitech.lk,PENDING_VERIFICATION,STUDENT,8,BM-MGMT-201,ACTIVE,Graphic Design,REMOVED,ADMIN_ONLY,50000.0,3,WEEKS,2,67,7,3,1,2,1,60.71,7,6,0,10,3,13,7,5,1,1,1,1,1,46.8,46.8,46.8,0,1,0,0,42.76,FAILED,0,2,0.0,0,1,0,0,0,1,0,0,0,0,26,Average
91,student0091@student.hitech.lk,ACTIVE,STUDENT,9,DM-SEO-101,ARCHIVED,Software Engineering,ACTIVE,OPEN,30000.0,12,WEEKS,2,52,6,6,0,0,0,100.0,13,2,0,5,10,13,4,6,3,5,5,5,5,82.79,90.72,73.78,5,0,0,0,81.13,SUCCESS,2,0,30000.0,1,0,0,0,0,0,0,0,0,0,6,Good
60,student0060@student.hitech.lk,ACTIVE,STUDENT,12,GD-UIUX-101,ACTIVE,Business Management,ACTIVE,ADMIN_ONLY,45000.0,8,WEEKS,1,59,11,10,0,1,0,90.91,12,2,0,6,8,14,4,5,5,3,3,2,1,100.0,100.0,100.0,1,0,1,0,100.0,SUCCESS,1,0,45000.0,1,0,0,0,0,0,0,1,1,0,5,Good
768,student0768@student.hitech.lk,ACTIVE,STUDENT,10,IT-NET-100,ARCHIVED,Data Science,ACTIVE,OPEN,35000.0,8,WEEKS,1,58,8,1,3,4,0,31.25,26,8,0,16,18,14,5,7,2,1,0,0,0,0.0,0.0,0.0,0,0,0,0,0.0,FAILED,0,1,0.0,1,0,0,0,0,0,0,0,0,0,36,Medium
726,student0726@student.hitech.lk,ACTIVE,STUDENT,2,SE-WEB-120,DRAFT,Data Science,ACTIVE,ADMIN_ONLY,25000.0,16,WEEKS,3,100,1,0,1,0,0,50.0,28,10,0,16,22,9,5,4,0,1,1,1,1,89.62,89.62,89.62,1,0,0,0,86.05,PENDING,0,0,0.0,1,0,0,0,0,0,0,2,2,0,5,Good
602,student0602@student.hitech.lk,ACTIVE,STUDENT,1,SE-JAVA-101,ACTIVE,Software Engineering,ACTIVE,OPEN,40000.0,3,WEEKS,2,36,5,0,2,2,1,35.0,15,10,1,14,11,12,4,7,1,4,1,1,1,31.35,31.35,31.35,0,1,0,1,34.84,FAILED,0,1,0.0,0,4,4,1,3,0,1,0,0,0,60,Low
339,student0339@student.hitech.lk,PENDING_VERIFICATION,STUDENT,10,IT-NET-100,ARCHIVED,Data Science,COMPLETED,OPEN,35000.0,8,WEEKS,1,103,11,6,2,3,0,63.64,26,8,0,16,18,14,5,7,2,1,1,1,1,56.05,56.05,56.05,1,0,0,0,56.23,SUCCESS,1,0,35000.0,1,2,0,0,0,0,2,2,2,0,20,Average
224,student0224@student.hitech.lk,ACTIVE,STUDENT,8,BM-MGMT-201,ACTIVE,Graphic Design,COMPLETED,ADMIN_ONLY,50000.0,3,WEEKS,2,87,7,6,0,1,0,85.71,7,6,0,10,3,13,7,5,1,1,1,1,1,65.15,65.15,65.15,1,0,0,0,64.36,SUCCESS,1,0,50000.0,1,0,0,0,0,0,0,1,1,0,15,Average
256,student0256@student.hitech.lk,ACTIVE,STUDENT,5,DS-ML-210,ACTIVE,Digital Marketing,COMPLETED,OPEN,45000.0,10,WEEKS,2,171,8,3,2,2,1,59.38,8,9,1,16,1,5,2,3,0,5,2,2,1,29.7,29.7,29.7,0,1,1,0,27.85,SUCCESS,2,0,45000.0,2,0,0,0,0,0,0,2,1,1,20,Medium
72,student0072@student.hitech.lk,ACTIVE,STUDENT,4,DS-PY-101,ACTIVE,Business Management,ACTIVE,OPEN,50000.0,4,MONTHS,2,31,5,1,2,2,0,40.0,28,5,0,29,4,7,3,2,2,3,1,1,1,60.3,60.3,60.3,1,0,0,3,60.08,PENDING,0,1,0.0,1,2,2,0,2,0,0,1,0,1,37,Medium
583,student0583@student.hitech.lk,ACTIVE,STUDENT,4,DS-PY-101,ACTIVE,Business Management,ACTIVE,OPEN,50000.0,4,MONTHS,2,38,5,1,2,1,1,55.0,28,5,0,29,4,7,3,2,2,3,1,1,1,60.36,60.36,60.36,1,0,0,2,62.77,SUCCESS,1,0,50000.0,1,2,1,1,0,1,1,2,2,0,24,Medium
158,student0158@student.hitech.lk,ACTIVE,STUDENT,7,BM-COMM-110,ACTIVE,Cloud Computing,ACTIVE,OPEN,35000.0,3,WEEKS,1,82,11,10,1,0,0,95.45,13,3,3,7,9,11,3,5,3,1,1,1,1,80.13,80.13,80.13,1,0,0,0,80.78,FAILED,0,2,0.0,1,0,0,0,0,0,0,1,1,0,5,Good
168,student0168@student.hitech.lk,ACTIVE,STUDENT,12,GD-UIUX-101,ACTIVE,Business Management,COMPLETED,ADMIN_ONLY,45000.0,8,WEEKS,1,61,10,8,1,1,0,85.0,12,2,0,6,8,14,4,5,5,3,3,3,3,71.61,73.71,67.77,3,0,0,0,70.32,SUCCESS,1,0,45000.0,1,1,0,0,0,0,1,0,0,0,7,Good
723,student0723@student.hitech.lk,ACTIVE,STUDENT,3,SE-DB-130,ACTIVE,Cybersecurity,ACTIVE,OPEN,50000.0,4,MONTHS,1,52,6,1,2,3,0,33.33,26,8,2,32,2,9,3,4,2,4,2,1,1,52.27,52.27,52.27,1,0,0,0,52.73,PENDING,0,0,0.0,1,0,0,0,0,0,0,1,0,1,23,Medium
373,student0373@student.hitech.lk,ACTIVE,STUDENT,4,DS-PY-101,ACTIVE,Business Management,COMPLETED,OPEN,50000.0,4,MONTHS,2,103,13,10,0,3,0,76.92,28,5,0,29,4,7,3,2,2,3,2,2,2,80.6,85.56,75.63,2,0,0,0,82.04,SUCCESS,2,0,50000.0,1,0,0,0,0,0,0,2,1,1,14,Average
546,student0546@student.hitech.lk,ACTIVE,STUDENT,12,GD-UIUX-101,ACTIVE,Business Management,COMPLETED,ADMIN_ONLY,45000.0,8,WEEKS,1,82,11,9,0,1,1,88.64,12,2,0,6,8,14,4,5,5,3,3,3,3,80.13,86.31,68.94,3,0,0,1,83.98,SUCCESS,1,0,45000.0,2,0,0,0,0,0,0,0,0,0,5,Good
780,student0780@student.hitech.lk,ACTIVE,STUDENT,7,BM-COMM-110,ACTIVE,Cloud Computing,ACTIVE,OPEN,35000.0,3,WEEKS,1,132,13,8,1,4,0,65.38,13,3,3,7,9,11,3,5,3,1,1,1,1,85.59,85.59,85.59,1,0,0,0,80.48,PENDING,0,0,0.0,1,0,0,0,0,0,0,0,0,0,7,Average
373,student0373@student.hitech.lk,ACTIVE,STUDENT,11,CC-AWS-101,ACTIVE,Cybersecurity,ACTIVE,ADMIN_ONLY,40000.0,12,WEEKS,1,118,4,4,0,0,0,100.0,4,14,0,4,14,7,2,3,2,4,4,4,4,77.2,83.25,60.84,4,0,0,0,77.05,SUCCESS,1,0,40000.0,1,0,0,0,0,0,0,0,0,0,5,Good
361,student0361@student.hitech.lk,ACTIVE,STUDENT,12,GD-UIUX-101,ACTIVE,Business Management,ACTIVE,ADMIN_ONLY,45000.0,8,WEEKS,1,94,12,11,1,0,0,95.83,12,2,0,6,8,14,4,5,5,3,3,2,2,96.41,98.54,94.28,2,0,0,0,92.91,SUCCESS,1,0,45000.0,1,0,0,0,0,0,0,1,1,0,6,Good
551,student0551@student.hitech.lk,ACTIVE,STUDENT,1,SE-JAVA-101,ACTIVE,Software Engineering,COMPLETED,OPEN,40000.0,3,WEEKS,2,70,10,6,1,2,1,72.5,15,10,1,14,11,12,4,7,1,4,3,3,3,52.16,58.31,44.82,2,1,0,1,51.29,PENDING,0,1,0.0,1,2,0,0,0,1,1,0,0,0,32,Medium
439,student0439@student.hitech.lk,ACTIVE,STUDENT,9,DM-SEO-101,ARCHIVED,Software Engineering,REMOVED,OPEN,30000.0,12,WEEKS,2,51,7,2,0,4,1,39.29,13,2,0,5,10,13,4,6,3,5,2,2,1,23.1,23.1,23.1,0,1,1,2,26.9,FAILED,0,1,0.0,1,1,1,0,0,0,1,1,0,1,51,Low
287,student0287@student.hitech.lk,ACTIVE,STUDENT,12,GD-UIUX-101,ACTIVE,Business Management,ACTIVE,ADMIN_ONLY,45000.0,8,WEEKS,1,49,7,4,1,2,0,64.29,12,2,0,6,8,14,4,5,5,3,1,1,1,69.45,69.45,69.45,1,0,0,0,63.45,SUCCESS,1,0,45000.0,1,0,0,0,0,0,0,1,0,1,9,Average
2,student0002@student.hitech.lk,ACTIVE,STUDENT,2,SE-WEB-120,DRAFT,Data Science,COMPLETED,ADMIN_ONLY,25000.0,16,WEEKS,3,140,2,1,1,0,0,75.0,28,10,0,16,22,9,5,4,0,1,1,1,1,64.98,64.98,64.98,1,0,0,0,59.12,PENDING,0,0,0.0,1,0,0,0,0,0,0,1,0,1,11,Average
533,student0533@student.hitech.lk,ACTIVE,STUDENT,1,SE-JAVA-101,ACTIVE,Software Engineering,ACTIVE,OPEN,40000.0,3,WEEKS,2,291,15,3,4,7,1,38.33,15,10,1,14,11,12,4,7,1,4,2,2,2,45.14,47.1,43.18,0,2,0,0,54.62,SUCCESS,1,0,40000.0,1,0,0,0,0,0,0,0,0,0,62,Low
356,student0356@student.hitech.lk,ACTIVE,STUDENT,1,SE-JAVA-101,ACTIVE,Software Engineering,ACTIVE,OPEN,40000.0,3,WEEKS,2,80,11,7,2,2,0,72.73,15,10,1,14,11,12,4,7,1,4,4,4,4,79.98,90.16,72.57,4,0,0,0,75.76,SUCCESS,1,0,40000.0,1,0,0,0,0,0,0,2,2,0,7,Good
243,student0243@student.hitech.lk,PENDING_VERIFICATION,STUDENT,1,SE-JAVA-101,ACTIVE,Software Engineering,ACTIVE,OPEN,40000.0,3,WEEKS,2,108,14,8,1,5,0,60.71,15,10,1,14,11,12,4,7,1,4,2,2,2,56.09,57.35,54.83,2,0,0,1,55.21,PENDING,0,0,0.0,1,1,0,0,0,0,1,0,0,0,26,Medium
125,student0125@student.hitech.lk,ACTIVE,STUDENT,8,BM-MGMT-201,ACTIVE,Graphic Design,ACTIVE,ADMIN_ONLY,50000.0,3,WEEKS,2,34,3,3,0,0,0,100.0,7,6,0,10,3,13,7,5,1,1,1,1,1,72.34,72.34,72.34,1,0,0,0,64.54,SUCCESS,1,0,50000.0,2,0,0,0,0,0,0,1,1,0,7,Good
332,student0332@student.hitech.lk,ACTIVE,STUDENT,2,SE-WEB-120,DRAFT,Data Science,COMPLETED,ADMIN_ONLY,25000.0,16,WEEKS,3,145,0,0,0,0,0,0.0,28,10,0,16,22,9,5,4,0,1,1,1,0,0.0,0.0,0.0,0,0,1,0,0.0,PENDING,0,0,0.0,1,1,0,0,0,1,0,1,1,0,9,Average
795,student0795@student.hitech.lk,ACTIVE,STUDENT,9,DM-SEO-101,ARCHIVED,Software Engineering,COMPLETED,OPEN,30000.0,12,WEEKS,2,105,13,3,3,7,0,34.62,13,2,0,5,10,13,4,6,3,5,0,0,0,0.0,0.0,0.0,0,0,0,0,0.0,SUCCESS,1,0,30000.0,1,1,0,0,0,1,0,0,0,0,76,Low
450,student0450@student.hitech.lk,ACTIVE,STUDENT,11,CC-AWS-101,ACTIVE,Cybersecurity,COMPLETED,ADMIN_ONLY,40000.0,12,WEEKS,1,158,4,4,0,0,0,100.0,4,14,0,4,14,7,2,3,2,4,4,4,4,84.73,92.38,73.21,4,0,0,0,80.47,SUCCESS,1,0,40000.0,1,0,0,0,0,0,0,1,1,0,4,Good
115,student0115@student.hitech.lk,ACTIVE,STUDENT,2,SE-WEB-120,DRAFT,Data Science,REMOVED,ADMIN_ONLY,25000.0,16,WEEKS,3,61,2,0,1,1,0,25.0,28,10,0,16,22,9,5,4,0,1,1,1,1,50.32,50.32,50.32,1,0,0,1,48.53,SUCCESS,2,0,25000.0,1,0,0,0,0,0,0,1,1,0,24,Medium
442,student0442@student.hitech.lk,ACTIVE,STUDENT,4,DS-PY-101,ACTIVE,Business Management,COMPLETED,OPEN,50000.0,4,MONTHS,2,166,25,14,0,10,1,59.0,28,5,0,29,4,7,3,2,2,3,2,2,2,67.61,67.88,67.34,2,0,0,0,69.57,SUCCESS,1,0,50000.0,2,0,0,0,0,0,0,0,0,0,10,Average
646,student0646@student.hitech.lk,ACTIVE,STUDENT,7,BM-COMM-110,ACTIVE,Cloud Computing,ACTIVE,OPEN,35000.0,3,WEEKS,1,23,2,1,1,0,0,75.0,13,3,3,7,9,11,3,5,3,1,0,0,0,0.0,0.0,0.0,0,0,0,0,0.0,SUCCESS,1,0,35000.0,1,1,0,0,1,0,0,0,0,0,11,Average
383,student0383@student.hitech.lk,ACTIVE,STUDENT,12,GD-UIUX-101,ACTIVE,Business Management,ACTIVE,ADMIN_ONLY,45000.0,8,WEEKS,1,13,2,1,1,0,0,75.0,12,2,0,6,8,14,4,5,5,3,2,2,2,71.83,72.61,71.06,2,0,0,1,68.08,SUCCESS,1,0,45000.0,1,0,0,0,0,0,0,0,0,0,15,Average
658,student0658@student.hitech.lk,ACTIVE,STUDENT,3,SE-DB-130,ACTIVE,Cybersecurity,COMPLETED,OPEN,50000.0,4,MONTHS,1,248,26,11,0,13,2,48.08,26,8,2,32,2,9,3,4,2,4,1,1,1,19.59,19.59,19.59,0,1,0,4,18.01,FAILED,0,1,0.0,1,0,0,0,0,0,0,1,0,1,52,Low
544,student0544@student.hitech.lk,ACTIVE,STUDENT,4,DS-PY-101,ACTIVE,Business Management,COMPLETED,OPEN,50000.0,4,MONTHS,2,230,28,28,0,0,0,100.0,28,5,0,29,4,7,3,2,2,3,3,3,3,80.33,85.39,77.1,3,0,0,0,83.55,SUCCESS,1,0,50000.0,1,1,1,0,1,0,0,0,0,0,6,Good
56,student0056@student.hitech.lk,ACTIVE,STUDENT,12,GD-UIUX-101,ACTIVE,Business Management,ACTIVE,ADMIN_ONLY,45000.0,8,WEEKS,1,79,9,7,2,0,0,88.89,12,2,0,6,8,14,4,5,5,3,3,3,3,92.34,100.0,84.44,3,0,0,0,81.35,SUCCESS,1,0,45000.0,1,0,0,0,0,0,0,1,1,0,3,Good
238,student0238@student.hitech.lk,PENDING_VERIFICATION,STUDENT,12,GD-UIUX-101,ACTIVE,Business Management,ACTIVE,ADMIN_ONLY,45000.0,8,WEEKS,1,20,2,1,0,1,0,50.0,12,2,0,6,8,14,4,5,5,3,3,3,3,81.8,90.19,74.25,3,0,0,0,83.87,SUCCESS,1,0,45000.0,1,0,0,0,0,0,0,0,0,0,11,Good
292,student0292@student.hitech.lk,ACTIVE,STUDENT,2,SE-WEB-120,DRAFT,Data Science,ACTIVE,ADMIN_ONLY,25000.0,16,WEEKS,3,51,0,0,0,0,0,0.0,28,10,0,16,22,9,5,4,0,1,1,1,1,100.0,100.0,100.0,1,0,0,0,100.0,SUCCESS,1,0,25000.0,1,0,0,0,0,0,0,0,0,0,5,Good
503,student0503@student.hitech.lk,ACTIVE,STUDENT,12,GD-UIUX-101,ACTIVE,Business Management,ACTIVE,ADMIN_ONLY,45000.0,8,WEEKS,1,103,12,4,1,7,0,37.5,12,2,0,6,8,14,4,5,5,3,0,0,0,0.0,0.0,0.0,0,0,0,0,0.0,SUCCESS,1,0,45000.0,1,0,0,0,0,0,0,0,0,0,31,Low
37,student0037@student.hitech.lk,ACTIVE,STUDENT,12,GD-UIUX-101,ACTIVE,Business Management,REMOVED,ADMIN_ONLY,45000.0,8,WEEKS,1,29,3,2,0,0,1,91.67,12,2,0,6,8,14,4,5,5,3,1,1,1,29.55,29.55,29.55,0,1,0,4,38.84,SUCCESS,2,1,45000.0,1,1,1,0,1,0,0,0,0,0,27,Low
542,student0542@student.hitech.lk,ACTIVE,STUDENT,2,SE-WEB-120,DRAFT,Data Science,ACTIVE,ADMIN_ONLY,25000.0,16,WEEKS,3,54,1,0,0,1,0,0.0,28,10,0,16,22,9,5,4,0,1,0,0,0,0.0,0.0,0.0,0,0,0,0,0.0,FAILED,0,1,0.0,0,1,0,0,0,0,1,1,1,0,58,Low
782,student0782@student.hitech.lk,ACTIVE,STUDENT,6,CY-SEC-110,ACTIVE,Information Technology,ACTIVE,OPEN,50000.0,16,WEEKS,1,143,20,4,3,13,0,27.5,20,9,0,15,14,17,4,8,5,5,3,3,3,37.14,37.93,36.57,0,3,0,3,36.32,FAILED,0,1,0.0,1,3,1,1,1,1,1,2,1,1,74,Low
767,student0767@student.hitech.lk,ACTIVE,STUDENT,1,SE-JAVA-101,ACTIVE,Software Engineering,COMPLETED,OPEN,40000.0,3,WEEKS,2,120,15,5,2,8,0,40.0,15,10,1,14,11,12,4,7,1,4,2,2,2,50.92,59.9,41.94,1,1,0,0,51.2,SUCCESS,2,0,40000.0,1,0,0,0,0,0,0,0,0,0,39,Medium
786,student0786@student.hitech.lk,ACTIVE,STUDENT,9,DM-SEO-101,ARCHIVED,Software Engineering,ACTIVE,OPEN,30000.0,12,WEEKS,2,97,13,7,1,5,0,57.69,13,2,0,5,10,13,4,6,3,5,5,5,5,68.38,78.21,64.56,5,0,0,0,71.39,SUCCESS,3,0,30000.0,1,1,0,0,0,1,0,1,1,0,13,Average
57,student0057@student.hitech.lk,ACTIVE,STUDENT,9,DM-SEO-101,ARCHIVED,Software Engineering,ACTIVE,OPEN,30000.0,12,WEEKS,2,229,13,6,0,7,0,46.15,13,2,0,5,10,13,4,6,3,5,0,0,0,0.0,0.0,0.0,0,0,0,0,0.0,SUCCESS,1,0,30000.0,1,3,3,1,2,0,1,2,1,1,49,Low
441,student0441@student.hitech.lk,ACTIVE,STUDENT,2,SE-WEB-120,DRAFT,Data Science,ACTIVE,ADMIN_ONLY,25000.0,16,WEEKS,3,115,1,0,1,0,0,50.0,28,10,0,16,22,9,5,4,0,1,1,0,0,0.0,0.0,0.0,0,0,0,1,0.0,SUCCESS,1,0,25000.0,1,2,0,0,0,2,0,0,0,0,32,Medium
571,student0571@student.hitech.lk,ACTIVE,STUDENT,3,SE-DB-130,ACTIVE,Cybersecurity,ACTIVE,OPEN,50000.0,4,MONTHS,1,162,26,15,2,9,0,61.54,26,8,2,32,2,9,3,4,2,4,2,2,2,55.51,60.83,50.2,2,0,0,3,52.32,PENDING,0,1,0.0,1,1,0,0,0,1,0,1,0,1,35,Medium
83,student0083@student.hitech.lk,ACTIVE,STUDENT,2,SE-WEB-120,DRAFT,Data Science,ACTIVE,ADMIN_ONLY,25000.0,16,WEEKS,3,62,3,1,1,1,0,50.0,28,10,0,16,22,9,5,4,0,1,1,1,1,51.63,51.63,51.63,1,0,0,0,52.15,FAILED,0,1,0.0,1,2,0,0,2,0,0,0,0,0,23,Medium
102,student0102@student.hitech.lk,ACTIVE,STUDENT,1,SE-JAVA-101,ACTIVE,Software Engineering,COMPLETED,OPEN,40000.0,3,WEEKS,2,232,15,7,3,4,1,61.67,15,10,1,14,11,12,4,7,1,4,3,3,3,75.15,83.07,70.34,3,0,0,1,72.08,SUCCESS,2,0,40000.0,1,0,0,0,0,0,0,2,1,1,10,Average
593,student0593@student.hitech.lk,INACTIVE,STUDENT,8,BM-MGMT-201,ACTIVE,Graphic Design,ACTIVE,ADMIN_ONLY,50000.0,3,WEEKS,2,93,7,3,0,3,1,53.57,7,6,0,10,3,13,7,5,1,1,0,0,0,0.0,0.0,0.0,0,0,0,0,0.0,SUCCESS,1,1,50000.0,1,1,1,0,0,0,1,2,2,0,40,Medium
145,student0145@student.hitech.lk,ACTIVE,STUDENT,6,CY-SEC-110,ACTIVE,Information Technology,ACTIVE,OPEN,50000.0,16,WEEKS,1,55,7,0,4,3,0,28.57,20,9,0,15,14,17,4,8,5,5,2,1,1,60.58,60.58,60.58,1,0,0,1,59.31,PENDING,0,0,0.0,1,3,0,0,2,1,0,1,0,1,16,Medium
457,student0457@student.hitech.lk,ACTIVE,STUDENT,5,DS-ML-210,ACTIVE,Digital Marketing,COMPLETED,OPEN,45000.0,10,WEEKS,2,223,8,5,1,2,0,68.75,8,9,1,16,1,5,2,3,0,5,4,4,4,89.61,93.05,87.61,4,0,0,0,98.68,FAILED,0,1,0.0,0,1,0,0,1,0,0,4,4,0,6,Good
546,student0546@student.hitech.lk,ACTIVE,STUDENT,11,CC-AWS-101,ACTIVE,Cybersecurity,COMPLETED,ADMIN_ONLY,40000.0,12,WEEKS,1,173,4,3,0,1,0,75.0,4,14,0,4,14,7,2,3,2,4,4,4,4,80.78,90.15,71.78,4,0,0,1,81.18,SUCCESS,1,0,40000.0,1,0,0,0,0,0,0,0,0,0,3,Good
843,student0843@student.hitech.lk,ACTIVE,STUDENT,10,IT-NET-100,ARCHIVED,Data Science,COMPLETED,OPEN,35000.0,8,WEEKS,1,118,15,12,0,3,0,80.0,26,8,0,16,18,14,5,7,2,1,1,1,1,78.95,78.95,78.95,1,0,0,1,79.59,SUCCESS,1,0,35000.0,2,0,0,0,0,0,0,0,0,0,5,Good
512,student0512@student.hitech.lk,ACTIVE,STUDENT,6,CY-SEC-110,ACTIVE,Information Technology,ACTIVE,OPEN,50000.0,16,WEEKS,1,28,3,3,0,0,0,100.0,20,9,0,15,14,17,4,8,5,5,4,4,4,71.8,84.27,66.87,4,0,0,0,76.72,SUCCESS,1,0,50000.0,1,4,0,0,1,1,2,0,0,0,5,Good
665,student0665@student.hitech.lk,ACTIVE,STUDENT,3,SE-DB-130,ACTIVE,Cybersecurity,ACTIVE,OPEN,50000.0,4,MONTHS,1,81,13,10,2,1,0,84.62,26,8,2,32,2,9,3,4,2,4,4,4,4,92.55,99.26,80.68,4,0,0,0,90.04,SUCCESS,2,0,50000.0,1,0,0,0,0,0,0,2,1,1,4,Good
836,student0836@student.hitech.lk,ACTIVE,STUDENT,12,GD-UIUX-101,ACTIVE,Business Management,ACTIVE,ADMIN_ONLY,45000.0,8,WEEKS,1,172,12,4,2,6,0,41.67,12,2,0,6,8,14,4,5,5,3,1,1,1,66.92,66.92,66.92,1,0,0,1,70.36,SUCCESS,1,0,45000.0,1,0,0,0,0,0,0,1,1,0,21,Medium
756,student0756@student.hitech.lk,ACTIVE,STUDENT,1,SE-JAVA-101,ACTIVE,Software Engineering,ACTIVE,OPEN,40000.0,3,WEEKS,2,54,9,9,0,0,0,100.0,15,10,1,14,11,12,4,7,1,4,4,4,4,82.7,90.13,74.18,4,0,0,0,85.66,SUCCESS,1,0,40000.0,1,0,0,0,0,0,0,0,0,0,7,Good
203,student0203@student.hitech.lk,ACTIVE,STUDENT,9,DM-SEO-101,ARCHIVED,Software Engineering,COMPLETED,OPEN,30000.0,12,WEEKS,2,99,11,10,0,1,0,90.91,13,2,0,5,10,13,4,6,3,5,4,4,4,87.76,97.62,83.58,4,0,0,0,86.74,SUCCESS,2,0,30000.0,1,0,0,0,0,0,0,0,0,0,2,Good
83,student0083@student.hitech.lk,ACTIVE,STUDENT,12,GD-UIUX-101,ACTIVE,Business Management,ACTIVE,ADMIN_ONLY,45000.0,8,WEEKS,1,77,12,2,4,5,1,39.58,12,2,0,6,8,14,4,5,5,3,2,2,2,56.05,59.03,53.06,2,0,0,1,60.75,SUCCESS,1,0,45000.0,2,2,0,1,0,1,1,1,1,0,27,Medium
758,student0758@student.hitech.lk,ACTIVE,STUDENT,10,IT-NET-100,ARCHIVED,Data Science,REMOVED,OPEN,35000.0,8,WEEKS,1,65,7,2,1,2,2,57.14,26,8,0,16,18,14,5,7,2,1,0,0,0,0.0,0.0,0.0,0,0,0,0,0.0,FAILED,0,3,0.0,0,1,1,0,0,0,1,0,0,0,53,Low
54,student0054@student.hitech.lk,PENDING_VERIFICATION,STUDENT,7,BM-COMM-110,ACTIVE,Cloud Computing,ACTIVE,OPEN,35000.0,3,WEEKS,1,119,13,5,2,6,0,46.15,13,3,3,7,9,11,3,5,3,1,1,1,1,50.57,50.57,50.57,1,0,0,1,56.37,PENDING,0,0,0.0,1,1,1,0,1,0,0,0,0,0,31,Medium
13,student0013@student.hitech.lk,ACTIVE,STUDENT,12,GD-UIUX-101,ACTIVE,Business Management,ACTIVE,ADMIN_ONLY,45000.0,8,WEEKS,1,33,3,0,1,1,1,41.67,12,2,0,6,8,14,4,5,5,3,2,2,2,58.49,60.68,56.3,2,0,0,1,57.29,PENDING,0,1,0.0,1,0,0,0,0,0,0,0,0,0,33,Medium
465,student0465@student.hitech.lk,ACTIVE,STUDENT,4,DS-PY-101,ACTIVE,Business Management,ACTIVE,OPEN,50000.0,4,MONTHS,2,69,13,9,4,0,0,84.62,28,5,0,29,4,7,3,2,2,3,2,2,2,80.44,82.88,78.0,2,0,0,0,76.69,SUCCESS,1,0,50000.0,1,0,0,0,0,0,0,1,1,0,4,Good
552,student0552@student.hitech.lk,ACTIVE,STUDENT,6,CY-SEC-110,ACTIVE,Information Technology,COMPLETED,OPEN,50000.0,16,WEEKS,1,127,15,10,2,1,2,83.33,20,9,0,15,14,17,4,8,5,5,5,5,5,87.49,100.0,77.85,5,0,0,0,93.72,SUCCESS,1,0,50000.0,1,0,0,0,0,0,0,1,1,0,1,Good
55,student0055@student.hitech.lk,ACTIVE,STUDENT,10,IT-NET-100,ARCHIVED,Data Science,ACTIVE,OPEN,35000.0,8,WEEKS,1,56,7,6,1,0,0,92.86,26,8,0,16,18,14,5,7,2,1,1,0,0,0.0,0.0,0.0,0,0,0,0,0.0,SUCCESS,1,1,35000.0,1,0,0,0,0,0,0,0,0,0,0,Good
41,student0041@student.hitech.lk,ACTIVE,STUDENT,8,BM-MGMT-201,ACTIVE,Graphic Design,ACTIVE,ADMIN_ONLY,50000.0,3,WEEKS,2,32,3,2,1,0,0,83.33,7,6,0,10,3,13,7,5,1,1,1,1,1,89.56,89.56,89.56,1,0,0,0,85.04,SUCCESS,1,0,50000.0,1,1,0,0,0,0,1,0,0,0,4,Good
617,student0617@student.hitech.lk,PENDING_VERIFICATION,STUDENT,4,DS-PY-101,ACTIVE,Business Management,ACTIVE,OPEN,50000.0,4,MONTHS,2,143,19,13,1,5,0,71.05,28,5,0,29,4,7,3,2,2,3,2,2,2,47.91,53.77,42.06,1,1,0,3,53.24,PENDING,0,0,0.0,1,0,0,0,0,0,0,1,1,0,47,Medium
508,student0508@student.hitech.lk,ACTIVE,STUDENT,2,SE-WEB-120,DRAFT,Data Science,ACTIVE,ADMIN_ONLY,25000.0,16,WEEKS,3,106,1,0,1,0,0,50.0,28,10,0,16,22,9,5,4,0,1,1,1,1,82.17,82.17,82.17,1,0,0,1,83.69,SUCCESS,1,0,25000.0,1,0,0,0,0,0,0,0,0,0,6,Good
259,student0259@student.hitech.lk,ACTIVE,STUDENT,7,BM-COMM-110,ACTIVE,Cloud Computing,ACTIVE,OPEN,35000.0,3,WEEKS,1,62,8,4,3,1,0,68.75,13,3,3,7,9,11,3,5,3,1,1,1,1,99.5,99.5,99.5,1,0,0,0,100.0,SUCCESS,1,0,35000.0,1,0,0,0,0,0,0,0,0,0,7,Good
760,student0760@student.hitech.lk,ACTIVE,STUDENT,10,IT-NET-100,ARCHIVED,Data Science,COMPLETED,OPEN,35000.0,8,WEEKS,1,136,19,15,1,2,1,85.53,26,8,0,16,18,14,5,7,2,1,1,1,1,89.37,89.37,89.37,1,0,0,0,99.59,SUCCESS,2,0,35000.0,1,0,0,0,0,0,0,0,0,0,7,Good
415,student0415@student.hitech.lk,ACTIVE,STUDENT,6,CY-SEC-110,ACTIVE,Information Technology,ACTIVE,OPEN,50000.0,16,WEEKS,1,134,15,10,2,3,0,73.33,20,9,0,15,14,17,4,8,5,5,4,3,3,76.03,80.82,72.58,3,0,0,0,69.44,SUCCESS,1,0,50000.0,1,0,0,0,0,0,0,0,0,0,4,Average
778,student0778@student.hitech.lk,ACTIVE,STUDENT,11,CC-AWS-101,ACTIVE,Cybersecurity,REMOVED,ADMIN_ONLY,40000.0,12,WEEKS,1,120,4,1,2,0,1,68.75,4,14,0,4,14,7,2,3,2,4,2,2,2,51.02,51.07,50.98,2,0,0,2,56.81,PENDING,0,0,0.0,1,2,0,0,1,0,1,0,0,0,35,Medium
55,student0055@student.hitech.lk,ACTIVE,STUDENT,5,DS-ML-210,ACTIVE,Digital Marketing,COMPLETED,OPEN,45000.0,10,WEEKS,2,207,8,4,3,1,0,68.75,8,9,1,16,1,5,2,3,0,5,3,3,3,66.32,79.39,55.59,3,0,0,1,72.19,SUCCESS,1,0,45000.0,1,0,0,0,0,0,0,0,0,0,9,Average
489,student0489@student.hitech.lk,ACTIVE,STUDENT,4,DS-PY-101,ACTIVE,Business Management,ACTIVE,OPEN,50000.0,4,MONTHS,2,14,1,0,0,1,0,0.0,28,5,0,29,4,7,3,2,2,3,1,1,1,52.79,52.79,52.79,1,0,0,2,56.49,SUCCESS,1,1,50000.0,1,0,0,0,0,0,0,1,1,0,50,Low
758,student0758@student.hitech.lk,ACTIVE,STUDENT,2,SE-WEB-120,DRAFT,Data Science,ACTIVE,ADMIN_ONLY,25000.0,16,WEEKS,3,56,1,0,1,0,0,50.0,28,10,0,16,22,9,5,4,0,1,1,1,1,97.06,97.06,97.06,1,0,0,0,96.43,PENDING,0,1,0.0,1,0,0,0,0,0,0,2,2,0,6,Good
410,student0410@student.hitech.lk,PENDING_VERIFICATION,STUDENT,11,CC-AWS-101,ACTIVE,Cybersecurity,REMOVED,ADMIN_ONLY,40000.0,12,WEEKS,1,52,4,1,1,1,1,56.25,4,14,0,4,14,7,2,3,2,4,1,0,0,0.0,0.0,0.0,0,0,0,1,0.0,PENDING,0,1,0.0,1,0,0,0,0,0,0,1,0,1,40,Low
612,student0612@student.hitech.lk,PENDING_VERIFICATION,STUDENT,9,DM-SEO-101,ARCHIVED,Software Engineering,COMPLETED,OPEN,30000.0,12,WEEKS,2,153,13,10,1,2,0,80.77,13,2,0,5,10,13,4,6,3,5,3,2,2,76.63,79.08,74.18,2,0,0,0,75.92,SUCCESS,2,0,30000.0,1,1,0,1,1,0,0,0,0,0,21,Average
139,student0139@student.hitech.lk,ACTIVE,STUDENT,2,SE-WEB-120,DRAFT,Data Science,COMPLETED,ADMIN_ONLY,25000.0,16,WEEKS,3,83,0,0,0,0,0,0.0,28,10,0,16,22,9,5,4,0,1,1,1,1,40.72,40.72,40.72,0,1,0,0,38.84,SUCCESS,1,0,25000.0,1,0,0,0,0,0,0,1,0,1,38,Medium
219,student0219@student.hitech.lk,ACTIVE,STUDENT,1,SE-JAVA-101,ACTIVE,Software Engineering,COMPLETED,OPEN,40000.0,3,WEEKS,2,185,15,9,2,3,1,71.67,15,10,1,14,11,12,4,7,1,4,3,3,3,54.09,64.18,46.53,2,1,0,0,51.36,SUCCESS,1,0,40000.0,1,0,0,0,0,0,0,1,1,0,5,Average
84,student0084@student.hitech.lk,INACTIVE,STUDENT,5,DS-ML-210,ACTIVE,Digital Marketing,COMPLETED,OPEN,45000.0,10,WEEKS,2,153,8,2,2,3,1,46.88,8,9,1,16,1,5,2,3,0,5,3,2,2,57.01,59.56,54.45,2,0,0,2,54.98,PENDING,0,0,0.0,1,0,0,0,0,0,0,2,2,0,57,Medium
775,student0775@student.hitech.lk,ACTIVE,STUDENT,12,GD-UIUX-101,ACTIVE,Business Management,ACTIVE,ADMIN_ONLY,45000.0,8,WEEKS,1,82,11,4,2,5,0,45.45,12,2,0,6,8,14,4,5,5,3,1,1,1,59.47,59.47,59.47,1,0,0,1,61.99,FAILED,0,1,0.0,0,0,0,0,0,0,0,0,0,0,19,Medium
684,student0684@student.hitech.lk,ACTIVE,STUDENT,5,DS-ML-210,ACTIVE,Digital Marketing,ACTIVE,OPEN,45000.0,10,WEEKS,2,67,8,6,1,1,0,81.25,8,9,1,16,1,5,2,3,0,5,3,3,2,72.93,74.16,71.7,2,0,1,0,72.79,SUCCESS,2,1,45000.0,1,1,1,0,1,0,0,2,2,0,8,Average
465,student0465@student.hitech.lk,ACTIVE,STUDENT,11,CC-AWS-101,ACTIVE,Cybersecurity,COMPLETED,ADMIN_ONLY,40000.0,12,WEEKS,1,149,4,1,1,1,1,56.25,4,14,0,4,14,7,2,3,2,4,2,2,2,44.31,48.91,39.72,0,2,0,0,39.01,PENDING,0,1,0.0,1,2,1,1,2,0,0,1,0,1,23,Medium
549,student0549@student.hitech.lk,ACTIVE,STUDENT,9,DM-SEO-101,ARCHIVED,Software Engineering,REMOVED,OPEN,30000.0,12,WEEKS,2,32,5,0,3,2,0,30.0,13,2,0,5,10,13,4,6,3,5,2,2,2,39.07,44.21,33.93,0,2,0,1,40.03,SUCCESS,1,0,30000.0,1,1,0,0,1,0,0,1,1,0,36,Low
660,student0660@student.hitech.lk,INACTIVE,STUDENT,4,DS-PY-101,ACTIVE,Business Management,ACTIVE,OPEN,50000.0,4,MONTHS,2,22,2,1,1,0,0,75.0,28,5,0,29,4,7,3,2,2,3,2,2,2,78.37,78.48,78.26,2,0,0,0,78.33,SUCCESS,1,0,50000.0,1,0,0,0,0,0,0,2,2,0,38,Good
36,student0036@student.hitech.lk,INACTIVE,STUDENT,1,SE-JAVA-101,ACTIVE,Software Engineering,COMPLETED,OPEN,40000.0,3,WEEKS,2,148,15,8,0,7,0,53.33,15,10,1,14,11,12,4,7,1,4,2,2,2,41.72,50.55,32.88,1,1,0,2,39.64,PENDING,0,1,0.0,1,3,0,1,1,0,2,2,1,1,54,Medium
576,student0576@student.hitech.lk,ACTIVE,STUDENT,3,SE-DB-130,ACTIVE,Cybersecurity,ACTIVE,OPEN,50000.0,4,MONTHS,1,34,6,3,1,2,0,58.33,26,8,2,32,2,9,3,4,2,4,2,2,2,69.35,73.02,65.67,2,0,0,0,68.14,PENDING,0,0,0.0,1,1,0,0,1,0,0,1,1,0,12,Average
236,student0236@student.hitech.lk,ACTIVE,STUDENT,1,SE-JAVA-101,ACTIVE,Software Engineering,COMPLETED,OPEN,40000.0,3,WEEKS,2,176,15,7,0,6,2,56.67,15,10,1,14,11,12,4,7,1,4,2,2,2,27.95,31.5,24.39,0,2,0,2,24.0,SUCCESS,1,0,40000.0,1,0,0,0,0,0,0,1,0,1,47,Low
761,student0761@student.hitech.lk,ACTIVE,STUDENT,6,CY-SEC-110,ACTIVE,Information Technology,ACTIVE,OPEN,50000.0,16,WEEKS,1,54,8,2,1,5,0,31.25,20,9,0,15,14,17,4,8,5,5,4,4,4,45.33,52.4,42.27,1,3,0,1,51.81,PENDING,0,0,0.0,1,1,0,1,1,0,0,1,1,0,32,Medium
354,student0354@student.hitech.lk,ACTIVE,STUDENT,10,IT-NET-100,ARCHIVED,Data Science,ACTIVE,OPEN,35000.0,8,WEEKS,1,44,6,3,1,1,1,70.83,26,8,0,16,18,14,5,7,2,1,0,0,0,0.0,0.0,0.0,0,0,0,0,0.0,FAILED,0,1,0.0,1,2,1,1,1,1,0,0,0,0,59,Low
291,student0291@student.hitech.lk,ACTIVE,STUDENT,8,BM-MGMT-201,ACTIVE,Graphic Design,ACTIVE,ADMIN_ONLY,50000.0,3,WEEKS,2,92,7,5,0,2,0,71.43,7,6,0,10,3,13,7,5,1,1,1,1,1,73.99,73.99,73.99,1,0,0,0,79.21,PENDING,0,0,0.0,1,0,0,0,0,0,0,1,1,0,18,Average
752,student0752@student.hitech.lk,ACTIVE,STUDENT,4,DS-PY-101,ACTIVE,Business Management,ACTIVE,OPEN,50000.0,4,MONTHS,2,37,5,4,0,1,0,80.0,28,5,0,29,4,7,3,2,2,3,2,2,2,69.24,75.42,63.05,2,0,0,0,71.24,SUCCESS,1,0,50000.0,1,1,1,0,1,0,0,2,1,1,15,Average
532,student0532@student.hitech.lk,ACTIVE,STUDENT,11,CC-AWS-101,ACTIVE,Cybersecurity,COMPLETED,ADMIN_ONLY,40000.0,12,WEEKS,1,250,4,0,3,0,1,56.25,4,14,0,4,14,7,2,3,2,4,2,2,2,40.64,48.14,33.14,0,2,0,1,32.91,FAILED,0,2,0.0,1,1,1,0,0,0,1,2,2,0,12,Medium
278,student0278@student.hitech.lk,ACTIVE,STUDENT,12,GD-UIUX-101,ACTIVE,Business Management,ACTIVE,ADMIN_ONLY,45000.0,8,WEEKS,1,31,4,1,1,2,0,37.5,12,2,0,6,8,14,4,5,5,3,2,1,1,53.02,53.02,53.02,1,0,0,1,57.46,SUCCESS,1,0,45000.0,1,1,0,0,0,0,1,1,0,1,20,Medium
269,student0269@student.hitech.lk,INACTIVE,STUDENT,7,BM-COMM-110,ACTIVE,Cloud Computing,ACTIVE,OPEN,35000.0,3,WEEKS,1,137,13,7,1,5,0,57.69,13,3,3,7,9,11,3,5,3,1,1,0,0,0.0,0.0,0.0,0,0,0,1,0.0,SUCCESS,1,0,35000.0,1,1,0,0,1,0,0,1,1,0,37,Average
82,student0082@student.hitech.lk,ACTIVE,STUDENT,11,CC-AWS-101,ACTIVE,Cybersecurity,ACTIVE,ADMIN_ONLY,40000.0,12,WEEKS,1,71,4,2,2,0,0,75.0,4,14,0,4,14,7,2,3,2,4,3,3,3,63.78,69.29,58.2,3,0,0,0,63.59,SUCCESS,1,0,40000.0,1,0,0,0,0,0,0,0,0,0,9,Average
272,student0272@student.hitech.lk,ACTIVE,STUDENT,3,SE-DB-130,ACTIVE,Cybersecurity,ACTIVE,OPEN,50000.0,4,MONTHS,1,62,7,5,1,0,1,89.29,26,8,2,32,2,9,3,4,2,4,4,4,4,80.84,86.36,75.07,4,0,0,0,83.35,SUCCESS,1,0,50000.0,1,0,0,0,0,0,0,0,0,0,6,Good
109,student0109@student.hitech.lk,ACTIVE,STUDENT,9,DM-SEO-101,ARCHIVED,Software Engineering,ACTIVE,OPEN,30000.0,12,WEEKS,2,44,5,3,0,2,0,60.0,13,2,0,5,10,13,4,6,3,5,3,3,3,59.44,63.46,53.94,3,0,0,0,62.4,SUCCESS,1,0,30000.0,1,1,1,0,0,1,0,0,0,0,17,Average
111,student0111@student.hitech.lk,ACTIVE,STUDENT,3,SE-DB-130,ACTIVE,Cybersecurity,ACTIVE,OPEN,50000.0,4,MONTHS,1,30,4,3,0,1,0,75.0,26,8,2,32,2,9,3,4,2,4,4,4,4,89.01,93.75,77.94,4,0,0,1,82.69,SUCCESS,1,1,50000.0,2,0,0,0,0,0,0,0,0,0,7,Good
353,student0353@student.hitech.lk,ACTIVE,STUDENT,2,SE-WEB-120,DRAFT,Data Science,ACTIVE,ADMIN_ONLY,25000.0,16,WEEKS,3,60,0,0,0,0,0,0.0,28,10,0,16,22,9,5,4,0,1,1,1,1,63.34,63.34,63.34,1,0,0,0,64.08,SUCCESS,1,0,25000.0,1,0,0,0,0,0,0,2,2,0,15,Average
374,student0374@student.hitech.lk,ACTIVE,STUDENT,2,SE-WEB-120,DRAFT,Data Science,ACTIVE,ADMIN_ONLY,25000.0,16,WEEKS,3,85,3,0,2,1,0,33.33,28,10,0,16,22,9,5,4,0,1,1,1,1,53.93,53.93,53.93,1,0,0,1,53.4,SUCCESS,1,0,25000.0,1,2,1,1,1,1,0,0,0,0,24,Medium
98,student0098@student.hitech.lk,ACTIVE,STUDENT,1,SE-JAVA-101,ACTIVE,Software Engineering,COMPLETED,OPEN,40000.0,3,WEEKS,2,135,15,5,4,6,0,46.67,15,10,1,14,11,12,4,7,1,4,1,1,1,66.37,66.37,66.37,1,0,0,0,67.07,FAILED,0,1,0.0,1,0,0,0,0,0,0,0,0,0,26,Medium
86,student0086@student.hitech.lk,ACTIVE,STUDENT,11,CC-AWS-101,ACTIVE,Cybersecurity,ACTIVE,ADMIN_ONLY,40000.0,12,WEEKS,1,119,4,0,2,2,0,25.0,4,14,0,4,14,7,2,3,2,4,2,2,2,61.9,64.45,59.35,2,0,0,1,70.19,SUCCESS,1,0,40000.0,1,2,0,0,2,0,0,0,0,0,21,Medium
84,student0084@student.hitech.lk,ACTIVE,STUDENT,2,SE-WEB-120,DRAFT,Data Science,COMPLETED,ADMIN_ONLY,25000.0,16,WEEKS,3,179,2,1,0,0,1,87.5,28,10,0,16,22,9,5,4,0,1,1,1,1,60.7,60.7,60.7,1,0,0,0,59.98,SUCCESS,1,0,25000.0,1,0,0,0,0,0,0,2,1,1,15,Average
767,student0767@student.hitech.lk,ACTIVE,STUDENT,12,GD-UIUX-101,ACTIVE,Business Management,ACTIVE,ADMIN_ONLY,45000.0,8,WEEKS,1,37,6,2,2,2,0,50.0,12,2,0,6,8,14,4,5,5,3,2,2,2,40.46,40.74,40.18,0,2,0,1,45.39,SUCCESS,2,2,45000.0,1,0,0,0,0,0,0,1,1,0,12,Medium
135,student0135@student.hitech.lk,ACTIVE,STUDENT,11,CC-AWS-101,ACTIVE,Cybersecurity,ACTIVE,ADMIN_ONLY,40000.0,12,WEEKS,1,149,4,2,2,0,0,75.0,4,14,0,4,14,7,2,3,2,4,4,3,3,79.56,87.35,73.52,3,0,0,0,70.24,SUCCESS,1,0,40000.0,1,0,0,0,0,0,0,1,0,1,0,Good
196,student0196@student.hitech.lk,ACTIVE,STUDENT,4,DS-PY-101,ACTIVE,Business Management,ACTIVE,OPEN,50000.0,4,MONTHS,2,119,14,10,1,3,0,75.0,28,5,0,29,4,7,3,2,2,3,2,2,2,56.81,59.06,54.56,2,0,0,0,56.9,PENDING,0,0,0.0,1,1,1,0,1,0,0,1,1,0,12,Average
430,student0430@student.hitech.lk,ACTIVE,STUDENT,12,GD-UIUX-101,ACTIVE,Business Management,ACTIVE,ADMIN_ONLY,45000.0,8,WEEKS,1,151,12,9,0,2,1,81.25,12,2,0,6,8,14,4,5,5,3,3,3,2,54.05,59.61,48.49,1,1,1,1,51.5,SUCCESS,1,1,45000.0,1,2,0,0,0,1,1,0,0,0,13,Average
517,student0517@student.hitech.lk,ACTIVE,STUDENT,9,DM-SEO-101,ARCHIVED,Software Engineering,ACTIVE,OPEN,30000.0,12,WEEKS,2,74,13,11,0,2,0,84.62,13,2,0,5,10,13,4,6,3,5,5,5,5,92.38,96.38,86.4,5,0,0,0,90.78,SUCCESS,2,0,30000.0,1,0,0,0,0,0,0,0,0,0,5,Good
427,student0427@student.hitech.lk,ACTIVE,STUDENT,11,CC-AWS-101,ACTIVE,Cybersecurity,ACTIVE,ADMIN_ONLY,40000.0,12,WEEKS,1,39,4,0,2,1,1,43.75,4,14,0,4,14,7,2,3,2,4,3,2,2,78.61,92.47,64.76,2,0,0,0,78.41,SUCCESS,1,0,40000.0,1,0,0,0,0,0,0,0,0,0,14,Average
25,student0025@student.hitech.lk,ACTIVE,STUDENT,1,SE-JAVA-101,ACTIVE,Software Engineering,ACTIVE,OPEN,40000.0,3,WEEKS,2,43,5,3,0,2,0,60.0,15,10,1,14,11,12,4,7,1,4,2,2,2,54.57,55.35,53.79,2,0,0,1,49.78,PENDING,0,1,0.0,1,2,1,0,1,1,0,1,1,0,23,Medium
27,student0027@student.hitech.lk,ACTIVE,STUDENT,11,CC-AWS-101,ACTIVE,Cybersecurity,ACTIVE,ADMIN_ONLY,40000.0,12,WEEKS,1,50,4,0,3,1,0,37.5,4,14,0,4,14,7,2,3,2,4,2,2,2,55.58,57.18,53.98,2,0,0,1,62.93,PENDING,0,0,0.0,1,2,1,0,0,1,1,1,1,0,36,Medium
202,student0202@student.hitech.lk,ACTIVE,STUDENT,6,CY-SEC-110,ACTIVE,Information Technology,REMOVED,OPEN,50000.0,16,WEEKS,1,37,5,0,2,3,0,20.0,20,9,0,15,14,17,4,8,5,5,1,1,1,34.5,34.5,34.5,0,1,0,3,30.31,SUCCESS,1,0,50000.0,2,1,0,0,0,0,1,2,1,1,26,Low
347,student0347@student.hitech.lk,ACTIVE,STUDENT,4,DS-PY-101,ACTIVE,Business Management,REMOVED,OPEN,50000.0,4,MONTHS,2,38,4,2,0,2,0,50.0,28,5,0,29,4,7,3,2,2,3,1,1,1,58.03,58.03,58.03,1,0,0,1,58.51,SUCCESS,1,0,50000.0,1,3,2,2,1,1,1,0,0,0,27,Medium
12,student0012@student.hitech.lk,ACTIVE,STUDENT,4,DS-PY-101,ACTIVE,Business Management,COMPLETED,OPEN,50000.0,4,MONTHS,2,162,28,25,1,2,0,91.07,28,5,0,29,4,7,3,2,2,3,2,2,2,74.5,76.09,72.92,2,0,0,0,80.49,SUCCESS,1,0,50000.0,1,0,0,0,0,0,0,0,0,0,5,Good
173,student0173@student.hitech.lk,ACTIVE,STUDENT,9,DM-SEO-101,ARCHIVED,Software Engineering,ACTIVE,OPEN,30000.0,12,WEEKS,2,67,10,9,1,0,0,95.0,13,2,0,5,10,13,4,6,3,5,5,5,4,87.05,91.21,83.73,4,0,1,0,88.79,SUCCESS,1,0,30000.0,2,0,0,0,0,0,0,0,0,0,5,Good
213,student0213@student.hitech.lk,ACTIVE,STUDENT,6,CY-SEC-110,ACTIVE,Information Technology,COMPLETED,OPEN,50000.0,16,WEEKS,1,158,18,14,0,4,0,77.78,20,9,0,15,14,17,4,8,5,5,4,4,4,72.08,79.07,67.04,4,0,0,1,75.37,SUCCESS,1,0,50000.0,1,1,1,1,1,0,0,0,0,0,16,Average
93,student0093@student.hitech.lk,ACTIVE,STUDENT,5,DS-ML-210,ACTIVE,Digital Marketing,COMPLETED,OPEN,45000.0,10,WEEKS,2,102,8,8,0,0,0,100.0,8,9,1,16,1,5,2,3,0,5,5,5,5,82.07,96.48,76.59,5,0,0,0,81.29,SUCCESS,1,0,45000.0,2,0,0,0,0,0,0,1,1,0,2,Good
137,student0137@student.hitech.lk,ACTIVE,STUDENT,12,GD-UIUX-101,ACTIVE,Business Management,ACTIVE,ADMIN_ONLY,45000.0,8,WEEKS,1,95,12,9,0,3,0,75.0,12,2,0,6,8,14,4,5,5,3,2,1,1,58.15,58.15,58.15,1,0,0,0,62.74,SUCCESS,1,0,45000.0,1,0,0,0,0,0,0,0,0,0,12,Average
606,student0606@student.hitech.lk,ACTIVE,STUDENT,4,DS-PY-101,ACTIVE,Business Management,ACTIVE,OPEN,50000.0,4,MONTHS,2,104,15,8,3,2,2,73.33,28,5,0,29,4,7,3,2,2,3,1,1,1,51.63,51.63,51.63,1,0,0,1,54.92,SUCCESS,1,0,50000.0,1,0,0,0,0,0,0,1,1,0,31,Medium
836,student0836@student.hitech.lk,ACTIVE,STUDENT,7,BM-COMM-110,ACTIVE,Cloud Computing,ACTIVE,OPEN,35000.0,3,WEEKS,1,93,13,3,1,9,0,26.92,13,3,3,7,9,11,3,5,3,1,0,0,0,0.0,0.0,0.0,0,0,0,0,0.0,SUCCESS,1,0,35000.0,1,1,1,0,1,0,0,1,1,0,90,Low
377,student0377@student.hitech.lk,INACTIVE,STUDENT,10,IT-NET-100,ARCHIVED,Data Science,ACTIVE,OPEN,35000.0,8,WEEKS,1,74,8,0,5,3,0,31.25,26,8,0,16,18,14,5,7,2,1,1,1,1,48.4,48.4,48.4,0,1,0,1,50.93,PENDING,0,0,0.0,1,0,0,0,0,0,0,1,1,0,48,Medium
463,student0463@student.hitech.lk,ACTIVE,STUDENT,12,GD-UIUX-101,ACTIVE,Business Management,REMOVED,ADMIN_ONLY,45000.0,8,WEEKS,1,84,10,1,2,6,1,27.5,12,2,0,6,8,14,4,5,5,3,1,1,1,20.35,20.35,20.35,0,1,0,2,19.16,PENDING,0,0,0.0,1,3,2,0,3,0,0,0,0,0,70,Low
697,student0697@student.hitech.lk,ACTIVE,STUDENT,8,BM-MGMT-201,ACTIVE,Graphic Design,ACTIVE,ADMIN_ONLY,50000.0,3,WEEKS,2,66,7,0,4,0,3,60.71,7,6,0,10,3,13,7,5,1,1,0,0,0,0.0,0.0,0.0,0,0,0,0,0.0,SUCCESS,1,0,50000.0,1,3,0,0,2,1,0,0,0,0,85,Low
771,student0771@student.hitech.lk,ACTIVE,STUDENT,5,DS-ML-210,ACTIVE,Digital Marketing,COMPLETED,OPEN,45000.0,10,WEEKS,2,170,8,8,0,0,0,100.0,8,9,1,16,1,5,2,3,0,5,5,5,5,88.75,92.83,85.07,5,0,0,0,93.05,SUCCESS,1,0,45000.0,1,0,0,0,0,0,0,0,0,0,4,Good
794,student0794@student.hitech.lk,ACTIVE,STUDENT,10,IT-NET-100,ARCHIVED,Data Science,COMPLETED,OPEN,35000.0,8,WEEKS,1,204,22,21,1,0,0,97.73,26,8,0,16,18,14,5,7,2,1,1,1,1,79.48,79.48,79.48,1,0,0,0,77.14,SUCCESS,2,0,35000.0,1,1,0,0,0,0,1,4,4,0,6,Good
426,student0426@student.hitech.lk,ACTIVE,STUDENT,2,SE-WEB-120,DRAFT,Data Science,ACTIVE,ADMIN_ONLY,25000.0,16,WEEKS,3,63,2,2,0,0,0,100.0,28,10,0,16,22,9,5,4,0,1,1,1,0,0.0,0.0,0.0,0,0,1,0,0.0,SUCCESS,1,0,25000.0,1,0,0,0,0,0,0,0,0,0,8,Average
586,student0586@student.hitech.lk,ACTIVE,STUDENT,8,BM-MGMT-201,ACTIVE,Graphic Design,ACTIVE,ADMIN_ONLY,50000.0,3,WEEKS,2,94,7,0,3,4,0,21.43,7,6,0,10,3,13,7,5,1,1,1,1,1,65.98,65.98,65.98,1,0,0,1,61.31,PENDING,0,0,0.0,1,1,1,0,0,0,1,0,0,0,36,Medium
798,student0798@student.hitech.lk,PENDING_VERIFICATION,STUDENT,8,BM-MGMT-201,ACTIVE,Graphic Design,ACTIVE,ADMIN_ONLY,50000.0,3,WEEKS,2,28,3,0,2,0,1,58.33,7,6,0,10,3,13,7,5,1,1,1,1,1,57.76,57.76,57.76,1,0,0,1,61.71,SUCCESS,1,0,50000.0,1,1,0,0,1,0,0,0,0,0,24,Average
438,student0438@student.hitech.lk,ACTIVE,STUDENT,2,SE-WEB-120,DRAFT,Data Science,COMPLETED,ADMIN_ONLY,25000.0,16,WEEKS,3,234,1,0,1,0,0,50.0,28,10,0,16,22,9,5,4,0,1,1,1,1,66.94,66.94,66.94,1,0,0,0,57.01,SUCCESS,1,0,25000.0,1,1,0,0,0,0,1,0,0,0,5,Average
354,student0354@student.hitech.lk,ACTIVE,STUDENT,3,SE-DB-130,ACTIVE,Cybersecurity,ACTIVE,OPEN,50000.0,4,MONTHS,1,91,12,10,1,0,1,93.75,26,8,2,32,2,9,3,4,2,4,3,3,3,79.33,96.91,66.96,3,0,0,0,79.45,SUCCESS,1,0,50000.0,1,0,0,0,0,0,0,1,1,0,0,Good
529,student0529@student.hitech.lk,ACTIVE,STUDENT,11,CC-AWS-101,ACTIVE,Cybersecurity,COMPLETED,ADMIN_ONLY,40000.0,12,WEEKS,1,141,4,1,2,0,1,68.75,4,14,0,4,14,7,2,3,2,4,3,3,3,97.53,100.0,92.59,3,0,0,0,94.2,SUCCESS,2,0,40000.0,1,1,0,0,0,1,0,2,2,0,6,Good
514,student0514@student.hitech.lk,ACTIVE,STUDENT,12,GD-UIUX-101,ACTIVE,Business Management,ACTIVE,ADMIN_ONLY,45000.0,8,WEEKS,1,95,12,6,2,2,2,70.83,12,2,0,6,8,14,4,5,5,3,1,0,0,0.0,0.0,0.0,0,0,0,1,0.0,SUCCESS,2,0,45000.0,2,2,2,1,0,2,0,0,0,0,25,Low
598,student0598@student.hitech.lk,ACTIVE,STUDENT,7,BM-COMM-110,ACTIVE,Cloud Computing,COMPLETED,OPEN,35000.0,3,WEEKS,1,90,11,7,0,4,0,63.64,13,3,3,7,9,11,3,5,3,1,0,0,0,0.0,0.0,0.0,0,0,0,0,0.0,SUCCESS,1,2,35000.0,1,2,0,1,1,0,1,0,0,0,10,Medium
688,student0688@student.hitech.lk,ACTIVE,STUDENT,6,CY-SEC-110,ACTIVE,Information Technology,COMPLETED,OPEN,50000.0,16,WEEKS,1,111,13,7,2,4,0,61.54,20,9,0,15,14,17,4,8,5,5,2,2,2,46.26,57.84,34.69,1,1,0,2,45.79,SUCCESS,2,1,50000.0,1,0,0,0,0,0,0,2,0,2,11,Medium
2,student0002@student.hitech.lk,ACTIVE,STUDENT,9,DM-SEO-101,ARCHIVED,Software Engineering,ACTIVE,OPEN,30000.0,12,WEEKS,2,59,6,2,2,0,2,75.0,13,2,0,5,10,13,4,6,3,5,1,1,1,55.51,55.51,55.51,1,0,0,2,52.63,SUCCESS,2,0,30000.0,1,0,0,0,0,0,0,2,0,2,20,Medium
500,student0500@student.hitech.lk,ACTIVE,STUDENT,8,BM-MGMT-201,ACTIVE,Graphic Design,ACTIVE,ADMIN_ONLY,50000.0,3,WEEKS,2,73,7,0,2,4,1,25.0,7,6,0,10,3,13,7,5,1,1,0,0,0,0.0,0.0,0.0,0,0,0,0,0.0,FAILED,0,1,0.0,0,2,1,0,2,0,0,0,0,0,31,Low
584,student0584@student.hitech.lk,ACTIVE,STUDENT,9,DM-SEO-101,ARCHIVED,Software Engineering,ACTIVE,OPEN,30000.0,12,WEEKS,2,47,6,3,1,1,1,70.83,13,2,0,5,10,13,4,6,3,5,2,2,2,29.2,39.32,19.08,0,2,0,2,32.17,SUCCESS,2,0,30000.0,1,2,0,0,0,1,1,1,0,1,47,Low
390,student0390@student.hitech.lk,ACTIVE,STUDENT,7,BM-COMM-110,ACTIVE,Cloud Computing,ACTIVE,OPEN,35000.0,3,WEEKS,1,72,8,0,2,5,1,21.88,13,3,3,7,9,11,3,5,3,1,0,0,0,0.0,0.0,0.0,0,0,0,0,0.0,PENDING,0,0,0.0,1,0,0,0,0,0,0,0,0,0,81,Low
740,student0740@student.hitech.lk,ACTIVE,STUDENT,3,SE-DB-130,ACTIVE,Cybersecurity,ACTIVE,OPEN,50000.0,4,MONTHS,1,115,16,11,1,4,0,71.88,26,8,2,32,2,9,3,4,2,4,2,2,1,80.13,80.13,80.13,1,0,1,4,78.26,SUCCESS,1,0,50000.0,1,1,1,0,0,0,1,0,0,0,7,Average
98,student0098@student.hitech.lk,ACTIVE,STUDENT,2,SE-WEB-120,DRAFT,Data Science,ACTIVE,ADMIN_ONLY,25000.0,16,WEEKS,3,29,0,0,0,0,0,0.0,28,10,0,16,22,9,5,4,0,1,0,0,0,0.0,0.0,0.0,0,0,0,0,0.0,FAILED,0,2,0.0,1,1,0,0,0,1,0,0,0,0,80,Low
500,student0500@student.hitech.lk,ACTIVE,STUDENT,3,SE-DB-130,ACTIVE,Cybersecurity,ACTIVE,OPEN,50000.0,4,MONTHS,1,120,20,7,4,9,0,45.0,26,8,2,32,2,9,3,4,2,4,2,2,2,59.47,67.46,51.47,2,0,0,1,65.31,FAILED,0,2,0.0,1,0,0,0,0,0,0,1,1,0,27,Medium
777,student0777@student.hitech.lk,INACTIVE,STUDENT,4,DS-PY-101,ACTIVE,Business Management,ACTIVE,OPEN,50000.0,4,MONTHS,2,79,9,7,0,2,0,77.78,28,5,0,29,4,7,3,2,2,3,3,3,3,81.49,90.29,75.15,3,0,0,0,79.06,SUCCESS,1,1,50000.0,1,1,0,1,0,0,1,1,1,0,24,Good
826,student0826@student.hitech.lk,ACTIVE,STUDENT,10,IT-NET-100,ARCHIVED,Data Science,COMPLETED,OPEN,35000.0,8,WEEKS,1,177,26,20,1,5,0,78.85,26,8,0,16,18,14,5,7,2,1,1,1,1,89.38,89.38,89.38,1,0,0,0,92.77,SUCCESS,1,2,35000.0,1,0,0,0,0,0,0,1,0,1,4,Good
199,student0199@student.hitech.lk,ACTIVE,STUDENT,6,CY-SEC-110,ACTIVE,Information Technology,ACTIVE,OPEN,50000.0,16,WEEKS,1,145,20,19,0,0,1,98.75,20,9,0,15,14,17,4,8,5,5,5,5,4,94.14,100.0,80.07,4,0,1,0,92.53,SUCCESS,1,1,50000.0,1,0,0,0,0,0,0,0,0,0,1,Good
116,student0116@student.hitech.lk,ACTIVE,STUDENT,6,CY-SEC-110,ACTIVE,Information Technology,ACTIVE,OPEN,50000.0,16,WEEKS,1,57,7,5,0,1,1,82.14,20,9,0,15,14,17,4,8,5,5,4,3,3,68.73,74.55,59.93,3,0,0,0,61.07,SUCCESS,1,1,50000.0,1,0,0,0,0,0,0,1,1,0,16,Average
131,student0131@student.hitech.lk,ACTIVE,STUDENT,8,BM-MGMT-201,ACTIVE,Graphic Design,ACTIVE,ADMIN_ONLY,50000.0,3,WEEKS,2,126,7,6,0,1,0,85.71,7,6,0,10,3,13,7,5,1,1,1,1,0,0.0,0.0,0.0,0,0,1,0,0.0,SUCCESS,1,0,50000.0,1,0,0,0,0,0,0,2,2,0,5,Average
125,student0125@student.hitech.lk,INACTIVE,STUDENT,9,DM-SEO-101,ARCHIVED,Software Engineering,REMOVED,OPEN,30000.0,12,WEEKS,2,18,3,0,1,2,0,16.67,13,2,0,5,10,13,4,6,3,5,1,0,0,0.0,0.0,0.0,0,0,0,1,0.0,FAILED,0,1,0.0,0,2,2,0,2,0,0,2,2,0,103,Low
131,student0131@student.hitech.lk,ACTIVE,STUDENT,9,DM-SEO-101,ARCHIVED,Software Engineering,ACTIVE,OPEN,30000.0,12,WEEKS,2,141,13,7,2,4,0,61.54,13,2,0,5,10,13,4,6,3,5,4,4,4,73.73,83.78,65.96,4,0,0,0,73.54,SUCCESS,1,0,30000.0,1,1,0,0,0,1,0,0,0,0,10,Average
541,student0541@student.hitech.lk,ACTIVE,STUDENT,12,GD-UIUX-101,ACTIVE,Business Management,REMOVED,ADMIN_ONLY,45000.0,8,WEEKS,1,25,2,0,1,1,0,25.0,12,2,0,6,8,14,4,5,5,3,2,2,2,68.58,74.66,62.51,2,0,0,0,69.25,SUCCESS,1,2,45000.0,1,1,1,0,0,1,0,1,1,0,34,Medium
123,student0123@student.hitech.lk,INACTIVE,STUDENT,12,GD-UIUX-101,ACTIVE,Business Management,ACTIVE,ADMIN_ONLY,45000.0,8,WEEKS,1,73,8,1,3,4,0,31.25,12,2,0,6,8,14,4,5,5,3,1,1,1,27.59,27.59,27.59,0,1,0,2,28.3,SUCCESS,1,0,45000.0,1,1,1,0,1,0,0,0,0,0,117,Low
91,student0091@student.hitech.lk,INACTIVE,STUDENT,5,DS-ML-210,ACTIVE,Digital Marketing,ACTIVE,OPEN,45000.0,10,WEEKS,2,100,8,0,4,3,1,34.38,8,9,1,16,1,5,2,3,0,5,2,2,2,38.36,43.81,32.9,0,2,0,2,39.67,PENDING,0,0,0.0,1,0,0,0,0,0,0,1,1,0,39,Medium
818,student0818@student.hitech.lk,ACTIVE,STUDENT,12,GD-UIUX-101,ACTIVE,Business Management,ACTIVE,ADMIN_ONLY,45000.0,8,WEEKS,1,66,8,1,3,4,0,31.25,12,2,0,6,8,14,4,5,5,3,1,1,1,22.69,22.69,22.69,0,1,0,2,22.97,SUCCESS,1,0,45000.0,1,1,0,0,1,0,0,1,0,1,38,Low
374,student0374@student.hitech.lk,PENDING_VERIFICATION,STUDENT,11,CC-AWS-101,ACTIVE,Cybersecurity,ACTIVE,ADMIN_ONLY,40000.0,12,WEEKS,1,73,4,3,0,0,1,93.75,4,14,0,4,14,7,2,3,2,4,2,2,2,56.01,61.05,50.97,2,0,0,2,60.19,PENDING,0,0,0.0,1,2,0,0,1,0,1,1,1,0,47,Medium
726,student0726@student.hitech.lk,ACTIVE,STUDENT,3,SE-DB-130,ACTIVE,Cybersecurity,ACTIVE,OPEN,50000.0,4,MONTHS,1,111,16,16,0,0,0,100.0,26,8,2,32,2,9,3,4,2,4,4,4,4,80.93,86.76,73.4,4,0,0,0,82.39,SUCCESS,1,0,50000.0,1,0,0,0,0,0,0,0,0,0,5,Good
367,student0367@student.hitech.lk,ACTIVE,STUDENT,11,CC-AWS-101,ACTIVE,Cybersecurity,ACTIVE,ADMIN_ONLY,40000.0,12,WEEKS,1,57,4,3,0,1,0,75.0,4,14,0,4,14,7,2,3,2,4,4,4,4,87.47,95.21,77.58,4,0,0,1,86.85,SUCCESS,1,0,40000.0,1,0,0,0,0,0,0,1,0,1,6,Good
571,student0571@student.hitech.lk,ACTIVE,STUDENT,8,BM-MGMT-201,ACTIVE,Graphic Design,ACTIVE,ADMIN_ONLY,50000.0,3,WEEKS,2,77,7,3,1,3,0,50.0,7,6,0,10,3,13,7,5,1,1,1,1,1,86.66,86.66,86.66,1,0,0,0,87.15,SUCCESS,1,0,50000.0,1,0,0,0,0,0,0,2,2,0,0,Good
707,student0707@student.hitech.lk,ACTIVE,STUDENT,11,CC-AWS-101,ACTIVE,Cybersecurity,COMPLETED,ADMIN_ONLY,40000.0,12,WEEKS,1,143,4,2,0,2,0,50.0,4,14,0,4,14,7,2,3,2,4,3,3,2,72.52,74.02,71.01,2,0,1,0,74.96,SUCCESS,1,0,40000.0,1,0,0,0,0,0,0,0,0,0,8,Average
246,student0246@student.hitech.lk,ACTIVE,STUDENT,12,GD-UIUX-101,ACTIVE,Business Management,ACTIVE,ADMIN_ONLY,45000.0,8,WEEKS,1,158,12,3,1,7,1,35.42,12,2,0,6,8,14,4,5,5,3,2,2,2,21.83,28.27,15.39,0,2,0,2,21.93,SUCCESS,1,0,45000.0,1,1,1,0,0,1,0,0,0,0,88,Low
255,student0255@student.hitech.lk,ACTIVE,STUDENT,9,DM-SEO-101,ARCHIVED,Software Engineering,REMOVED,OPEN,30000.0,12,WEEKS,2,11,1,1,0,0,0,100.0,13,2,0,5,10,13,4,6,3,5,3,3,3,60.89,63.27,57.43,3,0,0,4,69.63,PENDING,0,1,0.0,1,1,0,0,0,0,1,1,1,0,34,Medium
739,student0739@student.hitech.lk,INACTIVE,STUDENT,1,SE-JAVA-101,ACTIVE,Software Engineering,REMOVED,OPEN,40000.0,3,WEEKS,2,24,2,0,1,0,1,62.5,15,10,1,14,11,12,4,7,1,4,2,2,2,17.23,21.17,13.28,0,2,0,2,12.54,SUCCESS,1,0,40000.0,1,0,0,0,0,0,0,0,0,0,88,Low
413,student0413@student.hitech.lk,ACTIVE,STUDENT,3,SE-DB-130,ACTIVE,Cybersecurity,ACTIVE,OPEN,50000.0,4,MONTHS,1,42,5,2,2,1,0,60.0,26,8,2,32,2,9,3,4,2,4,3,3,3,73.4,79.64,66.04,3,0,0,0,76.16,SUCCESS,1,0,50000.0,1,0,0,0,0,0,0,0,0,0,9,Average
573,student0573@student.hitech.lk,ACTIVE,STUDENT,12,GD-UIUX-101,ACTIVE,Business Management,ACTIVE,ADMIN_ONLY,45000.0,8,WEEKS,1,94,12,8,2,2,0,75.0,12,2,0,6,8,14,4,5,5,3,2,2,2,66.06,70.29,61.84,2,0,0,0,61.53,PENDING,0,1,0.0,1,0,0,0,0,0,0,2,2,0,16,Average
233,student0233@student.hitech.lk,ACTIVE,STUDENT,3,SE-DB-130,ACTIVE,Cybersecurity,ACTIVE,OPEN,50000.0,4,MONTHS,1,151,20,15,1,4,0,77.5,26,8,2,32,2,9,3,4,2,4,2,2,1,62.71,62.71,62.71,1,0,1,0,60.73,SUCCESS,1,0,50000.0,1,2,0,0,2,0,0,0,0,0,3,Average
291,student0291@student.hitech.lk,ACTIVE,STUDENT,4,DS-PY-101,ACTIVE,Business Management,REMOVED,OPEN,50000.0,4,MONTHS,2,8,1,0,0,0,1,75.0,28,5,0,29,4,7,3,2,2,3,0,0,0,0.0,0.0,0.0,0,0,0,0,0.0,FAILED,0,1,0.0,1,1,1,1,0,0,1,1,0,1,36,Low
343,student0343@student.hitech.lk,ACTIVE,STUDENT,3,SE-DB-130,ACTIVE,Cybersecurity,COMPLETED,OPEN,50000.0,4,MONTHS,1,82,10,4,1,5,0,45.0,26,8,2,32,2,9,3,4,2,4,2,2,1,63.47,63.47,63.47,1,0,1,1,62.46,SUCCESS,1,0,50000.0,1,3,2,0,2,1,0,0,0,0,23,Medium
772,student0772@student.hitech.lk,ACTIVE,STUDENT,12,GD-UIUX-101,ACTIVE,Business Management,ACTIVE,ADMIN_ONLY,45000.0,8,WEEKS,1,33,3,3,0,0,0,100.0,12,2,0,6,8,14,4,5,5,3,3,3,3,93.98,100.0,81.95,3,0,0,0,97.01,SUCCESS,1,0,45000.0,1,0,0,0,0,0,0,1,1,0,6,Good
822,student0822@student.hitech.lk,ACTIVE,STUDENT,11,CC-AWS-101,ACTIVE,Cybersecurity,COMPLETED,ADMIN_ONLY,40000.0,12,WEEKS,1,141,4,3,0,0,1,93.75,4,14,0,4,14,7,2,3,2,4,3,3,3,63.83,73.0,57.81,3,0,0,0,59.4,SUCCESS,1,0,40000.0,2,0,0,0,0,0,0,0,0,0,15,Average
29,student0029@student.hitech.lk,ACTIVE,STUDENT,6,CY-SEC-110,ACTIVE,Information Technology,ACTIVE,OPEN,50000.0,16,WEEKS,1,231,20,12,1,7,0,62.5,20,9,0,15,14,17,4,8,5,5,2,2,2,63.34,66.8,59.88,2,0,0,2,65.17,SUCCESS,1,1,50000.0,1,2,2,0,0,1,1,0,0,0,19,Medium
467,student0467@student.hitech.lk,ACTIVE,STUDENT,5,DS-ML-210,ACTIVE,Digital Marketing,ACTIVE,OPEN,45000.0,10,WEEKS,2,90,8,6,2,0,0,87.5,8,9,1,16,1,5,2,3,0,5,4,3,3,79.12,85.3,72.36,3,0,0,1,85.2,SUCCESS,1,0,45000.0,1,0,0,0,0,0,0,1,1,0,5,Good
201,student0201@student.hitech.lk,INACTIVE,STUDENT,1,SE-JAVA-101,ACTIVE,Software Engineering,ACTIVE,OPEN,40000.0,3,WEEKS,2,70,11,3,1,7,0,31.82,15,10,1,14,11,12,4,7,1,4,1,1,1,9.36,9.36,9.36,0,1,0,0,6.22,FAILED,0,1,0.0,0,1,1,0,1,0,0,0,0,0,39,Low
434,student0434@student.hitech.lk,ACTIVE,STUDENT,11,CC-AWS-101,ACTIVE,Cybersecurity,ACTIVE,ADMIN_ONLY,40000.0,12,WEEKS,1,69,4,1,1,2,0,37.5,4,14,0,4,14,7,2,3,2,4,2,2,2,54.1,61.25,46.96,1,1,0,1,54.69,SUCCESS,1,0,40000.0,1,0,0,0,0,0,0,0,0,0,12,Medium
216,student0216@student.hitech.lk,ACTIVE,STUDENT,1,SE-JAVA-101,ACTIVE,Software Engineering,ACTIVE,OPEN,40000.0,3,WEEKS,2,102,15,4,4,7,0,40.0,15,10,1,14,11,12,4,7,1,4,1,1,1,51.62,51.62,51.62,1,0,0,0,49.42,FAILED,0,2,0.0,0,0,0,0,0,0,0,2,1,1,13,Medium
463,student0463@student.hitech.lk,ACTIVE,STUDENT,7,BM-COMM-110,ACTIVE,Cloud Computing,ACTIVE,OPEN,35000.0,3,WEEKS,1,165,13,7,2,3,1,67.31,13,3,3,7,9,11,3,5,3,1,0,0,0,0.0,0.0,0.0,0,0,0,0,0.0,SUCCESS,1,0,35000.0,1,1,0,0,0,0,1,1,0,1,29,Medium
126,student0126@student.hitech.lk,ACTIVE,STUDENT,2,SE-WEB-120,DRAFT,Data Science,ACTIVE,ADMIN_ONLY,25000.0,16,WEEKS,3,140,3,0,1,2,0,16.67,28,10,0,16,22,9,5,4,0,1,0,0,0,0.0,0.0,0.0,0,0,0,0,0.0,FAILED,0,1,0.0,0,2,1,0,0,0,2,0,0,0,79,Low
180,student0180@student.hitech.lk,ACTIVE,STUDENT,7,BM-COMM-110,ACTIVE,Cloud Computing,ACTIVE,OPEN,35000.0,3,WEEKS,1,84,10,7,1,2,0,75.0,13,3,3,7,9,11,3,5,3,1,1,1,1,69.1,69.1,69.1,1,0,0,2,67.01,SUCCESS,1,0,35000.0,1,1,0,0,0,1,0,2,0,2,4,Average
26,student0026@student.hitech.lk,ACTIVE,STUDENT,6,CY-SEC-110,ACTIVE,Information Technology,ACTIVE,OPEN,50000.0,16,WEEKS,1,46,5,2,3,0,0,70.0,20,9,0,15,14,17,4,8,5,5,4,4,4,89.29,100.0,78.49,4,0,0,0,87.63,SUCCESS,1,0,50000.0,1,0,0,0,0,0,0,0,0,0,1,Good
252,student0252@student.hitech.lk,ACTIVE,STUDENT,5,DS-ML-210,ACTIVE,Digital Marketing,ACTIVE,OPEN,45000.0,10,WEEKS,2,133,8,4,1,2,1,65.62,8,9,1,16,1,5,2,3,0,5,3,3,3,66.93,70.52,61.96,3,0,0,3,68.47,FAILED,0,1,0.0,1,1,1,1,0,1,0,1,1,0,31,Medium
663,student0663@student.hitech.lk,ACTIVE,STUDENT,12,GD-UIUX-101,ACTIVE,Business Management,COMPLETED,ADMIN_ONLY,45000.0,8,WEEKS,1,228,12,9,0,3,0,75.0,12,2,0,6,8,14,4,5,5,3,3,3,3,72.75,78.43,67.53,3,0,0,2,82.46,SUCCESS,3,0,45000.0,1,0,0,0,0,0,0,0,0,0,8,Average
132,student0132@student.hitech.lk,ACTIVE,STUDENT,7,BM-COMM-110,ACTIVE,Cloud Computing,ACTIVE,OPEN,35000.0,3,WEEKS,1,75,9,5,1,3,0,61.11,13,3,3,7,9,11,3,5,3,1,0,0,0,0.0,0.0,0.0,0,0,0,0,0.0,SUCCESS,1,1,35000.0,1,2,1,1,1,0,1,1,1,0,27,Medium
712,student0712@student.hitech.lk,ACTIVE,STUDENT,11,CC-AWS-101,ACTIVE,Cybersecurity,ACTIVE,ADMIN_ONLY,40000.0,12,WEEKS,1,30,3,0,2,1,0,33.33,4,14,0,4,14,7,2,3,2,4,3,3,3,60.79,66.26,55.74,3,0,0,0,56.36,SUCCESS,1,0,40000.0,1,0,0,0,0,0,0,0,0,0,16,Average
450,student0450@student.hitech.lk,ACTIVE,STUDENT,5,DS-ML-210,ACTIVE,Digital Marketing,COMPLETED,OPEN,45000.0,10,WEEKS,2,168,8,6,1,1,0,81.25,8,9,1,16,1,5,2,3,0,5,5,5,5,85.94,98.71,74.68,5,0,0,0,79.46,SUCCESS,3,0,45000.0,1,1,0,0,0,0,1,0,0,0,0,Good
535,student0535@student.hitech.lk,ACTIVE,STUDENT,8,BM-MGMT-201,ACTIVE,Graphic Design,ACTIVE,ADMIN_ONLY,50000.0,3,WEEKS,2,40,5,4,0,1,0,80.0,7,6,0,10,3,13,7,5,1,1,1,1,1,66.65,66.65,66.65,1,0,0,0,67.42,SUCCESS,1,0,50000.0,1,2,0,1,2,0,0,0,0,0,4,Average
470,student0470@student.hitech.lk,ACTIVE,STUDENT,1,SE-JAVA-101,ACTIVE,Software Engineering,COMPLETED,OPEN,40000.0,3,WEEKS,2,188,15,13,1,1,0,90.0,15,10,1,14,11,12,4,7,1,4,4,4,4,85.19,94.66,71.28,4,0,0,0,85.24,SUCCESS,1,0,40000.0,1,0,0,0,0,0,0,2,2,0,5,Good
37,student0037@student.hitech.lk,ACTIVE,STUDENT,11,CC-AWS-101,ACTIVE,Cybersecurity,ACTIVE,ADMIN_ONLY,40000.0,12,WEEKS,1,63,4,1,0,1,2,62.5,4,14,0,4,14,7,2,3,2,4,1,1,1,48.17,48.17,48.17,0,1,0,1,43.7,PENDING,0,1,0.0,1,1,0,0,1,0,0,0,0,0,83,Low
430,student0430@student.hitech.lk,ACTIVE,STUDENT,1,SE-JAVA-101,ACTIVE,Software Engineering,ACTIVE,OPEN,40000.0,3,WEEKS,2,141,15,10,1,4,0,70.0,15,10,1,14,11,12,4,7,1,4,3,3,3,70.46,80.16,64.85,3,0,0,0,69.21,SUCCESS,1,0,40000.0,1,0,0,0,0,0,0,0,0,0,15,Average
738,student0738@student.hitech.lk,ACTIVE,STUDENT,7,BM-COMM-110,ACTIVE,Cloud Computing,ACTIVE,OPEN,35000.0,3,WEEKS,1,144,13,4,3,4,2,53.85,13,3,3,7,9,11,3,5,3,1,0,0,0,0.0,0.0,0.0,0,0,0,0,0.0,PENDING,0,1,0.0,1,4,1,1,2,0,2,0,0,0,49,Low
823,student0823@student.hitech.lk,ACTIVE,STUDENT,12,GD-UIUX-101,ACTIVE,Business Management,ACTIVE,ADMIN_ONLY,45000.0,8,WEEKS,1,163,12,11,1,0,0,95.83,12,2,0,6,8,14,4,5,5,3,3,3,3,76.2,81.86,69.21,3,0,0,0,76.84,SUCCESS,1,0,45000.0,1,0,0,0,0,0,0,0,0,0,1,Good
696,student0696@student.hitech.lk,ACTIVE,STUDENT,6,CY-SEC-110,ACTIVE,Information Technology,REMOVED,OPEN,50000.0,16,WEEKS,1,83,10,2,3,4,1,42.5,20,9,0,15,14,17,4,8,5,5,0,0,0,0.0,0.0,0.0,0,0,0,0,0.0,SUCCESS,1,0,50000.0,1,2,2,1,1,0,1,0,0,0,27,Low
121,student0121@student.hitech.lk,ACTIVE,STUDENT,2,SE-WEB-120,DRAFT,Data Science,REMOVED,ADMIN_ONLY,25000.0,16,WEEKS,3,51,2,0,1,0,1,62.5,28,10,0,16,22,9,5,4,0,1,1,1,1,49.78,49.78,49.78,0,1,0,1,46.4,SUCCESS,1,0,25000.0,1,1,0,1,1,0,0,0,0,0,25,Medium
657,student0657@student.hitech.lk,ACTIVE,STUDENT,4,DS-PY-101,ACTIVE,Business Management,ACTIVE,OPEN,50000.0,4,MONTHS,2,161,23,12,2,9,0,56.52,28,5,0,29,4,7,3,2,2,3,2,2,2,73.93,75.06,72.8,2,0,0,0,78.57,FAILED,0,1,0.0,1,0,0,0,0,0,0,1,1,0,11,Average
108,student0108@student.hitech.lk,PENDING_VERIFICATION,STUDENT,5,DS-ML-210,ACTIVE,Digital Marketing,COMPLETED,OPEN,45000.0,10,WEEKS,2,223,8,5,1,2,0,68.75,8,9,1,16,1,5,2,3,0,5,3,3,3,69.19,84.44,52.98,3,0,0,2,70.32,SUCCESS,1,0,45000.0,1,0,0,0,0,0,0,1,1,0,23,Average
524,student0524@student.hitech.lk,ACTIVE,STUDENT,11,CC-AWS-101,ACTIVE,Cybersecurity,ACTIVE,ADMIN_ONLY,40000.0,12,WEEKS,1,178,4,0,1,2,1,31.25,4,14,0,4,14,7,2,3,2,4,1,1,1,53.54,53.54,53.54,1,0,0,2,52.59,FAILED,0,1,0.0,1,2,1,0,1,0,1,1,0,1,77,Low
382,student0382@student.hitech.lk,ACTIVE,STUDENT,7,BM-COMM-110,ACTIVE,Cloud Computing,ACTIVE,OPEN,35000.0,3,WEEKS,1,186,13,9,2,2,0,76.92,13,3,3,7,9,11,3,5,3,1,1,1,1,73.47,73.47,73.47,1,0,0,0,76.42,SUCCESS,1,0,35000.0,1,0,0,0,0,0,0,1,1,0,4,Good
176,student0176@student.hitech.lk,ACTIVE,STUDENT,12,GD-UIUX-101,ACTIVE,Business Management,COMPLETED,ADMIN_ONLY,45000.0,8,WEEKS,1,176,12,10,1,1,0,87.5,12,2,0,6,8,14,4,5,5,3,2,2,2,78.37,82.77,73.97,2,0,0,0,80.62,SUCCESS,2,0,45000.0,1,1,0,0,0,1,0,0,0,0,7,Average
213,student0213@student.hitech.lk,ACTIVE,STUDENT,12,GD-UIUX-101,ACTIVE,Business Management,ACTIVE,ADMIN_ONLY,45000.0,8,WEEKS,1,60,9,2,4,2,1,52.78,12,2,0,6,8,14,4,5,5,3,2,1,0,0.0,0.0,0.0,0,0,1,2,0.0,SUCCESS,2,0,45000.0,1,1,0,0,0,0,1,0,0,0,30,Medium
105,student0105@student.hitech.lk,ACTIVE,STUDENT,7,BM-COMM-110,ACTIVE,Cloud Computing,ACTIVE,OPEN,35000.0,3,WEEKS,1,98,13,13,0,0,0,100.0,13,3,3,7,9,11,3,5,3,1,1,1,1,78.3,78.3,78.3,1,0,0,0,85.78,SUCCESS,1,1,35000.0,1,1,0,0,0,1,0,0,0,0,5,Good
796,student0796@student.hitech.lk,ACTIVE,STUDENT,7,BM-COMM-110,ACTIVE,Cloud Computing,REMOVED,OPEN,35000.0,3,WEEKS,1,27,3,0,1,1,1,41.67,13,3,3,7,9,11,3,5,3,1,0,0,0,0.0,0.0,0.0,0,0,0,0,0.0,PENDING,0,0,0.0,1,1,1,0,1,0,0,0,0,0,73,Low
351,student0351@student.hitech.lk,ACTIVE,STUDENT,9,DM-SEO-101,ARCHIVED,Software Engineering,COMPLETED,OPEN,30000.0,12,WEEKS,2,229,13,8,2,3,0,69.23,13,2,0,5,10,13,4,6,3,5,4,4,4,55.22,59.92,51.43,4,0,0,2,51.88,SUCCESS,2,0,30000.0,1,0,0,0,0,0,0,2,1,1,16,Average
584,student0584@student.hitech.lk,ACTIVE,STUDENT,10,IT-NET-100,ARCHIVED,Data Science,COMPLETED,OPEN,35000.0,8,WEEKS,1,149,17,13,0,4,0,76.47,26,8,0,16,18,14,5,7,2,1,1,1,1,87.97,87.97,87.97,1,0,0,0,86.54,SUCCESS,1,2,35000.0,2,0,0,0,0,0,0,1,1,0,3,Good
656,student0656@student.hitech.lk,PENDING_VERIFICATION,STUDENT,11,CC-AWS-101,ACTIVE,Cybersecurity,ACTIVE,ADMIN_ONLY,40000.0,12,WEEKS,1,30,4,1,2,1,0,50.0,4,14,0,4,14,7,2,3,2,4,2,2,2,82.38,83.6,81.15,2,0,0,1,84.79,PENDING,0,0,0.0,1,2,1,0,1,0,1,3,3,0,31,Average
553,student0553@student.hitech.lk,ACTIVE,STUDENT,8,BM-MGMT-201,ACTIVE,Graphic Design,ACTIVE,ADMIN_ONLY,50000.0,3,WEEKS,2,33,4,3,1,0,0,87.5,7,6,0,10,3,13,7,5,1,1,1,1,1,83.22,83.22,83.22,1,0,0,0,82.57,SUCCESS,1,0,50000.0,1,0,0,0,0,0,0,0,0,0,5,Good
109,student0109@student.hitech.lk,ACTIVE,STUDENT,11,CC-AWS-101,ACTIVE,Cybersecurity,ACTIVE,ADMIN_ONLY,40000.0,12,WEEKS,1,86,4,3,0,1,0,75.0,4,14,0,4,14,7,2,3,2,4,4,4,4,93.36,99.17,85.78,4,0,0,0,98.58,SUCCESS,1,0,40000.0,1,2,0,0,0,0,2,1,1,0,4,Good
580,student0580@student.hitech.lk,ACTIVE,STUDENT,10,IT-NET-100,ARCHIVED,Data Science,COMPLETED,OPEN,35000.0,8,WEEKS,1,100,12,6,1,5,0,54.17,26,8,0,16,18,14,5,7,2,1,1,1,1,49.32,49.32,49.32,0,1,0,0,54.81,PENDING,0,0,0.0,1,0,0,0,0,0,0,1,1,0,36,Medium
498,student0498@student.hitech.lk,ACTIVE,STUDENT,3,SE-DB-130,ACTIVE,Cybersecurity,ACTIVE,OPEN,50000.0,4,MONTHS,1,101,20,20,0,0,0,100.0,26,8,2,32,2,9,3,4,2,4,4,4,4,89.11,92.96,83.2,4,0,0,0,89.43,SUCCESS,1,0,50000.0,1,0,0,0,0,0,0,0,0,0,6,Good
452,student0452@student.hitech.lk,ACTIVE,STUDENT,3,SE-DB-130,ACTIVE,Cybersecurity,COMPLETED,OPEN,50000.0,4,MONTHS,1,97,16,11,3,1,1,82.81,26,8,2,32,2,9,3,4,2,4,4,4,4,90.32,95.55,80.68,4,0,0,0,88.16,SUCCESS,1,0,50000.0,1,0,0,0,0,0,0,2,2,0,7,Good
734,student0734@student.hitech.lk,ACTIVE,STUDENT,1,SE-JAVA-101,ACTIVE,Software Engineering,ACTIVE,OPEN,40000.0,3,WEEKS,2,216,15,8,1,5,1,61.67,15,10,1,14,11,12,4,7,1,4,2,2,2,65.55,70.77,60.33,2,0,0,0,63.89,SUCCESS,1,0,40000.0,1,0,0,0,0,0,0,1,1,0,10,Medium
174,student0174@student.hitech.lk,ACTIVE,STUDENT,3,SE-DB-130,ACTIVE,Cybersecurity,REMOVED,OPEN,50000.0,4,MONTHS,1,59,6,0,2,3,1,29.17,26,8,2,32,2,9,3,4,2,4,2,1,1,43.42,43.42,43.42,0,1,0,3,42.55,SUCCESS,1,0,50000.0,1,2,0,1,1,1,0,0,0,0,42,Low
664,student0664@student.hitech.lk,ACTIVE,STUDENT,2,SE-WEB-120,DRAFT,Data Science,ACTIVE,ADMIN_ONLY,25000.0,16,WEEKS,3,156,3,0,2,0,1,58.33,28,10,0,16,22,9,5,4,0,1,1,1,1,48.88,48.88,48.88,0,1,0,1,49.41,SUCCESS,1,0,25000.0,1,0,0,0,0,0,0,1,0,1,36,Medium
756,student0756@student.hitech.lk,ACTIVE,STUDENT,4,DS-PY-101,ACTIVE,Business Management,COMPLETED,OPEN,50000.0,4,MONTHS,2,121,18,8,4,5,1,59.72,28,5,0,29,4,7,3,2,2,3,1,1,1,59.2,59.2,59.2,1,0,0,0,50.62,SUCCESS,1,1,50000.0,1,0,0,0,0,0,0,2,2,0,16,Medium
670,student0670@student.hitech.lk,ACTIVE,STUDENT,7,BM-COMM-110,ACTIVE,Cloud Computing,ACTIVE,OPEN,35000.0,3,WEEKS,1,50,9,3,2,4,0,44.44,13,3,3,7,9,11,3,5,3,1,0,0,0,0.0,0.0,0.0,0,0,0,0,0.0,PENDING,0,0,0.0,1,1,1,0,1,0,0,2,2,0,32,Medium
305,student0305@student.hitech.lk,ACTIVE,STUDENT,7,BM-COMM-110,ACTIVE,Cloud Computing,ACTIVE,OPEN,35000.0,3,WEEKS,1,35,5,0,3,0,2,60.0,13,3,3,7,9,11,3,5,3,1,0,0,0,0.0,0.0,0.0,0,0,0,0,0.0,SUCCESS,1,0,35000.0,1,2,0,0,1,0,1,2,2,0,31,Medium
703,student0703@student.hitech.lk,ACTIVE,STUDENT,11,CC-AWS-101,ACTIVE,Cybersecurity,ACTIVE,ADMIN_ONLY,40000.0,12,WEEKS,1,69,4,0,2,2,0,25.0,4,14,0,4,14,7,2,3,2,4,3,3,3,68.92,72.53,65.43,3,0,0,0,64.95,PENDING,0,1,0.0,1,0,0,0,0,0,0,1,0,1,9,Average
299,student0299@student.hitech.lk,ACTIVE,STUDENT,12,GD-UIUX-101,ACTIVE,Business Management,COMPLETED,ADMIN_ONLY,45000.0,8,WEEKS,1,202,12,7,2,3,0,66.67,12,2,0,6,8,14,4,5,5,3,2,2,2,60.65,65.99,55.31,2,0,0,0,63.25,SUCCESS,1,0,45000.0,2,1,1,0,1,0,0,0,0,0,35,Medium
593,student0593@student.hitech.lk,ACTIVE,STUDENT,9,DM-SEO-101,ARCHIVED,Software Engineering,COMPLETED,OPEN,30000.0,12,WEEKS,2,230,13,8,3,2,0,73.08,13,2,0,5,10,13,4,6,3,5,5,5,5,83.83,100.0,69.56,5,0,0,1,88.12,SUCCESS,1,0,30000.0,2,0,0,0,0,0,0,3,2,1,5,Good
32,student0032@student.hitech.lk,ACTIVE,STUDENT,10,IT-NET-100,ARCHIVED,Data Science,ACTIVE,OPEN,35000.0,8,WEEKS,1,20,2,1,1,0,0,75.0,26,8,0,16,18,14,5,7,2,1,1,1,1,82.62,82.62,82.62,1,0,0,0,82.6,SUCCESS,1,0,35000.0,1,0,0,0,0,0,0,1,1,0,2,Good
187,student0187@student.hitech.lk,ACTIVE,STUDENT,8,BM-MGMT-201,ACTIVE,Graphic Design,REMOVED,ADMIN_ONLY,50000.0,3,WEEKS,2,51,7,5,0,2,0,71.43,7,6,0,10,3,13,7,5,1,1,1,1,1,66.68,66.68,66.68,1,0,0,1,68.73,SUCCESS,1,0,50000.0,1,0,0,0,0,0,0,0,0,0,16,Average
59,student0059@student.hitech.lk,ACTIVE,STUDENT,2,SE-WEB-120,DRAFT,Data Science,COMPLETED,ADMIN_ONLY,25000.0,16,WEEKS,3,240,2,0,1,1,0,25.0,28,10,0,16,22,9,5,4,0,1,1,0,0,0.0,0.0,0.0,0,0,0,1,0.0,SUCCESS,1,0,25000.0,1,0,0,0,0,0,0,2,2,0,21,Medium
48,student0048@student.hitech.lk,ACTIVE,STUDENT,11,CC-AWS-101,ACTIVE,Cybersecurity,ACTIVE,ADMIN_ONLY,40000.0,12,WEEKS,1,164,4,3,1,0,0,87.5,4,14,0,4,14,7,2,3,2,4,3,3,3,70.11,76.83,65.9,3,0,0,1,69.78,SUCCESS,2,0,40000.0,1,2,1,1,1,0,1,0,0,0,8,Average
279,student0279@student.hitech.lk,ACTIVE,STUDENT,9,DM-SEO-101,ARCHIVED,Software Engineering,ACTIVE,OPEN,30000.0,12,WEEKS,2,67,8,4,2,1,1,71.88,13,2,0,5,10,13,4,6,3,5,4,3,3,69.67,78.97,60.59,3,0,0,0,69.65,SUCCESS,1,0,30000.0,1,0,0,0,0,0,0,1,1,0,17,Average
497,student0497@student.hitech.lk,ACTIVE,STUDENT,6,CY-SEC-110,ACTIVE,Information Technology,ACTIVE,OPEN,50000.0,16,WEEKS,1,74,10,8,0,2,0,80.0,20,9,0,15,14,17,4,8,5,5,4,4,4,65.41,73.31,57.01,4,0,0,0,59.26,PENDING,0,0,0.0,1,0,0,0,0,0,0,0,0,0,3,Average
208,student0208@student.hitech.lk,ACTIVE,STUDENT,6,CY-SEC-110,ACTIVE,Information Technology,ACTIVE,OPEN,50000.0,16,WEEKS,1,34,5,0,3,2,0,30.0,20,9,0,15,14,17,4,8,5,5,2,2,2,59.51,70.39,48.62,1,1,0,1,54.91,PENDING,0,0,0.0,1,1,0,0,0,1,0,1,0,1,20,Medium
217,student0217@student.hitech.lk,ACTIVE,STUDENT,10,IT-NET-100,ARCHIVED,Data Science,ACTIVE,OPEN,35000.0,8,WEEKS,1,43,5,0,2,3,0,20.0,26,8,0,16,18,14,5,7,2,1,0,0,0,0.0,0.0,0.0,0,0,0,0,0.0,SUCCESS,1,0,35000.0,1,1,1,0,1,0,0,3,2,1,37,Medium
285,student0285@student.hitech.lk,ACTIVE,STUDENT,11,CC-AWS-101,ACTIVE,Cybersecurity,ACTIVE,ADMIN_ONLY,40000.0,12,WEEKS,1,163,4,3,1,0,0,87.5,4,14,0,4,14,7,2,3,2,4,3,3,3,61.0,70.23,49.06,2,1,0,0,60.24,SUCCESS,2,0,40000.0,1,0,0,0,0,0,0,0,0,0,4,Average
498,student0498@student.hitech.lk,ACTIVE,STUDENT,4,DS-PY-101,ACTIVE,Business Management,ACTIVE,OPEN,50000.0,4,MONTHS,2,194,28,18,1,8,1,68.75,28,5,0,29,4,7,3,2,2,3,2,2,2,64.85,73.14,56.56,2,0,0,0,70.24,SUCCESS,1,0,50000.0,1,0,0,0,0,0,0,0,0,0,14,Average
103,student0103@student.hitech.lk,ACTIVE,STUDENT,8,BM-MGMT-201,ACTIVE,Graphic Design,ACTIVE,ADMIN_ONLY,50000.0,3,WEEKS,2,75,7,5,1,1,0,78.57,7,6,0,10,3,13,7,5,1,1,1,1,1,60.45,60.45,60.45,1,0,0,2,56.55,SUCCESS,1,1,50000.0,1,0,0,0,0,0,0,2,2,0,20,Medium
201,student0201@student.hitech.lk,INACTIVE,STUDENT,12,GD-UIUX-101,ACTIVE,Business Management,REMOVED,ADMIN_ONLY,45000.0,8,WEEKS,1,46,6,1,2,3,0,33.33,12,2,0,6,8,14,4,5,5,3,2,2,2,69.18,79.8,58.55,2,0,0,0,71.23,SUCCESS,1,0,45000.0,1,1,0,0,0,0,1,1,1,0,27,Average
671,student0671@student.hitech.lk,ACTIVE,STUDENT,2,SE-WEB-120,DRAFT,Data Science,ACTIVE,ADMIN_ONLY,25000.0,16,WEEKS,3,71,1,1,0,0,0,100.0,28,10,0,16,22,9,5,4,0,1,1,1,1,52.01,52.01,52.01,1,0,0,1,48.4,PENDING,0,0,0.0,1,0,0,0,0,0,0,0,0,0,16,Medium
248,student0248@student.hitech.lk,ACTIVE,STUDENT,12,GD-UIUX-101,ACTIVE,Business Management,ACTIVE,ADMIN_ONLY,45000.0,8,WEEKS,1,79,9,0,1,8,0,5.56,12,2,0,6,8,14,4,5,5,3,2,2,2,36.57,42.47,30.66,0,2,0,3,33.53,PENDING,0,1,0.0,1,0,0,0,0,0,0,0,0,0,68,Low
788,student0788@student.hitech.lk,ACTIVE,STUDENT,2,SE-WEB-120,DRAFT,Data Science,REMOVED,ADMIN_ONLY,25000.0,16,WEEKS,3,13,2,0,1,1,0,25.0,28,10,0,16,22,9,5,4,0,1,0,0,0,0.0,0.0,0.0,0,0,0,0,0.0,PENDING,0,0,0.0,1,2,2,0,1,1,0,0,0,0,27,Low
302,student0302@student.hitech.lk,ACTIVE,STUDENT,8,BM-MGMT-201,ACTIVE,Graphic Design,COMPLETED,ADMIN_ONLY,50000.0,3,WEEKS,2,219,7,4,2,1,0,71.43,7,6,0,10,3,13,7,5,1,1,1,1,1,77.01,77.01,77.01,1,0,0,0,75.07,SUCCESS,1,0,50000.0,1,0,0,0,0,0,0,1,1,0,1,Good
687,student0687@student.hitech.lk,ACTIVE,STUDENT,1,SE-JAVA-101,ACTIVE,Software Engineering,ACTIVE,OPEN,40000.0,3,WEEKS,2,62,7,3,2,2,0,57.14,15,10,1,14,11,12,4,7,1,4,3,3,2,52.55,54.58,50.53,2,0,1,0,55.05,SUCCESS,1,0,40000.0,1,1,0,0,0,1,0,2,1,1,17,Medium
621,student0621@student.hitech.lk,ACTIVE,STUDENT,11,CC-AWS-101,ACTIVE,Cybersecurity,ACTIVE,ADMIN_ONLY,40000.0,12,WEEKS,1,85,4,2,1,1,0,62.5,4,14,0,4,14,7,2,3,2,4,3,3,3,64.99,68.87,61.66,3,0,0,1,63.56,SUCCESS,1,0,40000.0,1,0,0,0,0,0,0,0,0,0,10,Average
694,student0694@student.hitech.lk,ACTIVE,STUDENT,12,GD-UIUX-101,ACTIVE,Business Management,REMOVED,ADMIN_ONLY,45000.0,8,WEEKS,1,13,1,1,0,0,0,100.0,12,2,0,6,8,14,4,5,5,3,1,1,1,61.48,61.48,61.48,1,0,0,0,64.64,SUCCESS,2,0,45000.0,1,1,0,0,1,0,0,3,2,1,20,Medium
365,student0365@student.hitech.lk,ACTIVE,STUDENT,11,CC-AWS-101,ACTIVE,Cybersecurity,ACTIVE,ADMIN_ONLY,40000.0,12,WEEKS,1,80,4,0,2,2,0,25.0,4,14,0,4,14,7,2,3,2,4,3,3,3,63.69,75.7,52.95,3,0,0,1,61.94,SUCCESS,1,0,40000.0,1,1,0,0,0,0,1,0,0,0,16,Average
143,student0143@student.hitech.lk,ACTIVE,STUDENT,5,DS-ML-210,ACTIVE,Digital Marketing,COMPLETED,OPEN,45000.0,10,WEEKS,2,206,8,4,1,3,0,56.25,8,9,1,16,1,5,2,3,0,5,2,2,2,52.24,57.16,47.32,1,1,0,3,46.66,PENDING,0,1,0.0,1,0,0,0,0,0,0,2,2,0,31,Medium
465,student0465@student.hitech.lk,ACTIVE,STUDENT,5,DS-ML-210,ACTIVE,Digital Marketing,ACTIVE,OPEN,45000.0,10,WEEKS,2,52,6,6,0,0,0,100.0,8,9,1,16,1,5,2,3,0,5,5,5,5,93.12,100.0,81.47,5,0,0,0,91.6,SUCCESS,1,0,45000.0,1,1,0,0,1,0,0,1,1,0,3,Good
747,student0747@student.hitech.lk,PENDING_VERIFICATION,STUDENT,12,GD-UIUX-101,ACTIVE,Business Management,ACTIVE,ADMIN_ONLY,45000.0,8,WEEKS,1,70,9,4,2,2,1,63.89,12,2,0,6,8,14,4,5,5,3,3,2,2,58.83,66.59,51.06,2,0,0,0,53.99,SUCCESS,2,1,45000.0,1,0,0,0,0,0,0,2,2,0,13,Average
707,student0707@student.hitech.lk,ACTIVE,STUDENT,4,DS-PY-101,ACTIVE,Business Management,ACTIVE,OPEN,50000.0,4,MONTHS,2,101,11,3,0,7,1,34.09,28,5,0,29,4,7,3,2,2,3,0,0,0,0.0,0.0,0.0,0,0,0,0,0.0,FAILED,0,1,0.0,1,3,2,0,1,1,1,0,0,0,49,Low
394,student0394@student.hitech.lk,ACTIVE,STUDENT,1,SE-JAVA-101,ACTIVE,Software Engineering,ACTIVE,OPEN,40000.0,3,WEEKS,2,60,11,9,0,2,0,81.82,15,10,1,14,11,12,4,7,1,4,2,2,2,77.27,80.06,74.48,2,0,0,1,77.59,SUCCESS,1,0,40000.0,1,0,0,0,0,0,0,0,0,0,9,Average
88,student0088@student.hitech.lk,ACTIVE,STUDENT,10,IT-NET-100,ARCHIVED,Data Science,ACTIVE,OPEN,35000.0,8,WEEKS,1,53,6,2,1,2,1,54.17,26,8,0,16,18,14,5,7,2,1,1,1,1,47.15,47.15,47.15,0,1,0,0,50.81,SUCCESS,1,0,35000.0,2,1,1,0,0,1,0,0,0,0,13,Medium
485,student0485@student.hitech.lk,ACTIVE,STUDENT,10,IT-NET-100,ARCHIVED,Data Science,COMPLETED,OPEN,35000.0,8,WEEKS,1,197,23,20,1,1,1,92.39,26,8,0,16,18,14,5,7,2,1,1,1,1,94.21,94.21,94.21,1,0,0,0,96.29,PENDING,0,0,0.0,1,0,0,0,0,0,0,2,1,1,0,Good
810,student0810@student.hitech.lk,ACTIVE,STUDENT,1,SE-JAVA-101,ACTIVE,Software Engineering,ACTIVE,OPEN,40000.0,3,WEEKS,2,72,12,7,0,4,1,64.58,15,10,1,14,11,12,4,7,1,4,2,1,1,48.24,48.24,48.24,0,1,0,0,56.0,SUCCESS,1,0,40000.0,1,2,1,0,1,1,0,0,0,0,14,Medium
159,student0159@student.hitech.lk,ACTIVE,STUDENT,9,DM-SEO-101,ARCHIVED,Software Engineering,ACTIVE,OPEN,30000.0,12,WEEKS,2,74,11,11,0,0,0,100.0,13,2,0,5,10,13,4,6,3,5,4,3,3,77.82,85.53,70.11,3,0,0,0,73.77,SUCCESS,1,0,30000.0,1,0,0,0,0,0,0,1,1,0,2,Good
628,student0628@student.hitech.lk,ACTIVE,STUDENT,3,SE-DB-130,ACTIVE,Cybersecurity,ACTIVE,OPEN,50000.0,4,MONTHS,1,86,16,11,1,4,0,71.88,26,8,2,32,2,9,3,4,2,4,3,3,3,76.87,94.37,67.36,3,0,0,1,78.44,SUCCESS,1,1,50000.0,1,1,0,0,0,1,0,0,0,0,4,Average
344,student0344@student.hitech.lk,ACTIVE,STUDENT,7,BM-COMM-110,ACTIVE,Cloud Computing,ACTIVE,OPEN,35000.0,3,WEEKS,1,47,6,4,0,2,0,66.67,13,3,3,7,9,11,3,5,3,1,1,1,1,66.53,66.53,66.53,1,0,0,1,66.7,SUCCESS,2,0,35000.0,1,0,0,0,0,0,0,1,1,0,3,Average
273,student0273@student.hitech.lk,ACTIVE,STUDENT,5,DS-ML-210,ACTIVE,Digital Marketing,ACTIVE,OPEN,45000.0,10,WEEKS,2,169,8,2,2,4,0,37.5,8,9,1,16,1,5,2,3,0,5,2,2,1,58.99,58.99,58.99,1,0,1,1,57.38,SUCCESS,1,0,45000.0,2,0,0,0,0,0,0,0,0,0,21,Medium
428,student0428@student.hitech.lk,ACTIVE,STUDENT,5,DS-ML-210,ACTIVE,Digital Marketing,COMPLETED,OPEN,45000.0,10,WEEKS,2,153,8,5,1,2,0,68.75,8,9,1,16,1,5,2,3,0,5,5,5,5,86.7,95.78,74.31,5,0,0,0,85.08,SUCCESS,1,0,45000.0,1,0,0,0,0,0,0,1,1,0,3,Good
507,student0507@student.hitech.lk,ACTIVE,STUDENT,5,DS-ML-210,ACTIVE,Digital Marketing,ACTIVE,OPEN,45000.0,10,WEEKS,2,73,8,0,4,3,1,34.38,8,9,1,16,1,5,2,3,0,5,0,0,0,0.0,0.0,0.0,0,0,0,0,0.0,SUCCESS,2,0,45000.0,1,1,0,0,0,1,0,0,0,0,69,Low
690,student0690@student.hitech.lk,ACTIVE,STUDENT,4,DS-PY-101,ACTIVE,Business Management,ACTIVE,OPEN,50000.0,4,MONTHS,2,52,7,4,2,1,0,71.43,28,5,0,29,4,7,3,2,2,3,3,3,3,87.46,93.36,77.17,3,0,0,0,79.97,SUCCESS,1,0,50000.0,1,0,0,0,0,0,0,0,0,0,4,Good
43,student0043@student.hitech.lk,ACTIVE,STUDENT,8,BM-MGMT-201,ACTIVE,Graphic Design,REMOVED,ADMIN_ONLY,50000.0,3,WEEKS,2,32,5,2,1,1,1,65.0,7,6,0,10,3,13,7,5,1,1,0,0,0,0.0,0.0,0.0,0,0,0,0,0.0,FAILED,0,1,0.0,1,0,0,0,0,0,0,1,1,0,19,Medium
357,student0357@student.hitech.lk,ACTIVE,STUDENT,5,DS-ML-210,ACTIVE,Digital Marketing,COMPLETED,OPEN,45000.0,10,WEEKS,2,142,8,6,1,0,1,90.62,8,9,1,16,1,5,2,3,0,5,4,4,4,81.04,90.56,73.06,4,0,0,0,74.99,SUCCESS,1,0,45000.0,2,0,0,0,0,0,0,0,0,0,6,Good
45,student0045@student.hitech.lk,ACTIVE,STUDENT,2,SE-WEB-120,DRAFT,Data Science,ACTIVE,ADMIN_ONLY,25000.0,16,WEEKS,3,73,0,0,0,0,0,0.0,28,10,0,16,22,9,5,4,0,1,0,0,0,0.0,0.0,0.0,0,0,0,0,0.0,SUCCESS,1,0,25000.0,2,1,0,0,0,0,1,3,1,2,15,Medium
157,student0157@student.hitech.lk,PENDING_VERIFICATION,STUDENT,4,DS-PY-101,ACTIVE,Business Management,ACTIVE,OPEN,50000.0,4,MONTHS,2,36,4,1,1,2,0,37.5,28,5,0,29,4,7,3,2,2,3,1,1,1,61.89,61.89,61.89,1,0,0,1,60.25,PENDING,0,0,0.0,1,4,3,1,2,0,2,0,0,0,26,Medium
581,student0581@student.hitech.lk,ACTIVE,STUDENT,6,CY-SEC-110,ACTIVE,Information Technology,ACTIVE,OPEN,50000.0,16,WEEKS,1,47,7,7,0,0,0,100.0,20,9,0,15,14,17,4,8,5,5,5,5,5,78.93,89.18,65.84,5,0,0,0,77.83,PENDING,0,0,0.0,1,0,0,0,0,0,0,1,1,0,5,Good
573,student0573@student.hitech.lk,ACTIVE,STUDENT,8,BM-MGMT-201,ACTIVE,Graphic Design,ACTIVE,ADMIN_ONLY,50000.0,3,WEEKS,2,53,7,5,1,1,0,78.57,7,6,0,10,3,13,7,5,1,1,1,1,1,92.61,92.61,92.61,1,0,0,0,94.13,SUCCESS,1,0,50000.0,1,0,0,0,0,0,0,0,0,0,7,Good
714,student0714@student.hitech.lk,ACTIVE,STUDENT,11,CC-AWS-101,ACTIVE,Cybersecurity,COMPLETED,ADMIN_ONLY,40000.0,12,WEEKS,1,105,4,2,1,1,0,62.5,4,14,0,4,14,7,2,3,2,4,3,3,2,77.62,79.93,75.31,2,0,1,0,74.91,SUCCESS,1,0,40000.0,1,3,0,1,1,1,1,0,0,0,11,Average
620,student0620@student.hitech.lk,ACTIVE,STUDENT,3,SE-DB-130,ACTIVE,Cybersecurity,COMPLETED,OPEN,50000.0,4,MONTHS,1,144,22,19,0,3,0,86.36,26,8,2,32,2,9,3,4,2,4,4,4,4,80.06,86.11,64.88,4,0,0,0,80.85,SUCCESS,1,0,50000.0,2,1,0,0,0,1,0,2,2,0,6,Good
128,student0128@student.hitech.lk,ACTIVE,STUDENT,2,SE-WEB-120,DRAFT,Data Science,REMOVED,ADMIN_ONLY,25000.0,16,WEEKS,3,50,1,0,1,0,0,50.0,28,10,0,16,22,9,5,4,0,1,1,1,1,35.63,35.63,35.63,0,1,0,3,39.12,SUCCESS,1,0,25000.0,1,3,1,1,2,0,1,1,1,0,33,Medium
438,student0438@student.hitech.lk,ACTIVE,STUDENT,9,DM-SEO-101,ARCHIVED,Software Engineering,COMPLETED,OPEN,30000.0,12,WEEKS,2,179,13,11,1,1,0,88.46,13,2,0,5,10,13,4,6,3,5,3,3,3,68.98,76.87,59.31,3,0,0,0,67.43,SUCCESS,2,0,30000.0,1,1,0,0,0,0,1,2,1,1,16,Average
790,student0790@student.hitech.lk,ACTIVE,STUDENT,10,IT-NET-100,ARCHIVED,Data Science,COMPLETED,OPEN,35000.0,8,WEEKS,1,118,22,14,1,6,1,69.32,26,8,0,16,18,14,5,7,2,1,1,1,1,97.13,97.13,97.13,1,0,0,0,95.16,SUCCESS,1,0,35000.0,1,0,0,0,0,0,0,1,1,0,3,Good
332,student0332@student.hitech.lk,ACTIVE,STUDENT,7,BM-COMM-110,ACTIVE,Cloud Computing,ACTIVE,OPEN,35000.0,3,WEEKS,1,29,3,0,2,0,1,58.33,13,3,3,7,9,11,3,5,3,1,1,1,1,43.21,43.21,43.21,0,1,0,1,41.87,SUCCESS,1,0,35000.0,1,2,1,0,1,1,0,1,0,1,18,Medium
752,student0752@student.hitech.lk,ACTIVE,STUDENT,12,GD-UIUX-101,ACTIVE,Business Management,ACTIVE,ADMIN_ONLY,45000.0,8,WEEKS,1,53,9,4,2,2,1,63.89,12,2,0,6,8,14,4,5,5,3,2,1,1,40.28,40.28,40.28,0,1,0,1,44.99,SUCCESS,1,0,45000.0,1,2,1,0,1,1,0,0,0,0,24,Medium
327,student0327@student.hitech.lk,ACTIVE,STUDENT,12,GD-UIUX-101,ACTIVE,Business Management,ACTIVE,ADMIN_ONLY,45000.0,8,WEEKS,1,39,4,2,2,0,0,75.0,12,2,0,6,8,14,4,5,5,3,3,3,3,86.78,88.75,85.71,3,0,0,2,83.67,PENDING,0,0,0.0,1,1,0,0,0,1,0,2,2,0,4,Good
397,student0397@student.hitech.lk,PENDING_VERIFICATION,STUDENT,1,SE-JAVA-101,ACTIVE,Software Engineering,REMOVED,OPEN,40000.0,3,WEEKS,2,58,7,4,0,2,1,67.86,15,10,1,14,11,12,4,7,1,4,2,1,1,35.18,35.18,35.18,0,1,0,1,31.87,SUCCESS,2,0,40000.0,1,2,0,0,1,1,0,1,1,0,19,Medium
88,student0088@student.hitech.lk,ACTIVE,STUDENT,8,BM-MGMT-201,ACTIVE,Graphic Design,REMOVED,ADMIN_ONLY,50000.0,3,WEEKS,2,70,7,6,0,0,1,96.43,7,6,0,10,3,13,7,5,1,1,1,0,0,0.0,0.0,0.0,0,0,0,1,0.0,SUCCESS,1,0,50000.0,1,1,0,0,0,0,1,1,1,0,13,Average
325,student0325@student.hitech.lk,ACTIVE,STUDENT,4,DS-PY-101,ACTIVE,Business Management,ACTIVE,OPEN,50000.0,4,MONTHS,2,60,6,5,1,0,0,91.67,28,5,0,29,4,7,3,2,2,3,1,1,1,48.96,48.96,48.96,0,1,0,1,53.26,FAILED,0,1,0.0,1,2,0,0,0,1,1,0,0,0,8,Average
31,student0031@student.hitech.lk,ACTIVE,STUDENT,2,SE-WEB-120,DRAFT,Data Science,COMPLETED,ADMIN_ONLY,25000.0,16,WEEKS,3,139,1,1,0,0,0,100.0,28,10,0,16,22,9,5,4,0,1,1,1,1,90.82,90.82,90.82,1,0,0,0,91.62,SUCCESS,1,0,25000.0,1,0,0,0,0,0,0,1,1,0,2,Good
483,student0483@student.hitech.lk,ACTIVE,STUDENT,6,CY-SEC-110,ACTIVE,Information Technology,COMPLETED,OPEN,50000.0,16,WEEKS,1,240,20,17,0,3,0,85.0,20,9,0,15,14,17,4,8,5,5,4,4,4,73.08,81.64,53.06,4,0,0,0,76.83,SUCCESS,1,0,50000.0,1,0,0,0,0,0,0,0,0,0,5,Good
597,student0597@student.hitech.lk,ACTIVE,STUDENT,8,BM-MGMT-201,ACTIVE,Graphic Design,COMPLETED,ADMIN_ONLY,50000.0,3,WEEKS,2,249,7,7,0,0,0,100.0,7,6,0,10,3,13,7,5,1,1,1,1,1,77.16,77.16,77.16,1,0,0,0,79.28,SUCCESS,1,0,50000.0,1,0,0,0,0,0,0,1,1,0,7,Good
750,student0750@student.hitech.lk,INACTIVE,STUDENT,4,DS-PY-101,ACTIVE,Business Management,COMPLETED,OPEN,50000.0,4,MONTHS,2,99,13,1,1,10,1,17.31,28,5,0,29,4,7,3,2,2,3,0,0,0,0.0,0.0,0.0,0,0,0,0,0.0,SUCCESS,1,0,50000.0,1,3,2,1,2,0,1,0,0,0,82,Low
273,student0273@student.hitech.lk,ACTIVE,STUDENT,11,CC-AWS-101,ACTIVE,Cybersecurity,ACTIVE,ADMIN_ONLY,40000.0,12,WEEKS,1,23,3,2,0,0,1,91.67,4,14,0,4,14,7,2,3,2,4,4,4,4,60.16,71.4,48.27,3,1,0,2,64.41,SUCCESS,2,0,40000.0,2,1,0,1,1,0,0,0,0,0,12,Average
735,student0735@student.hitech.lk,ACTIVE,STUDENT,4,DS-PY-101,ACTIVE,Business Management,ACTIVE,OPEN,50000.0,4,MONTHS,2,71,11,9,1,0,1,93.18,28,5,0,29,4,7,3,2,2,3,3,3,3,89.03,97.65,80.2,3,0,0,0,86.91,SUCCESS,2,0,50000.0,1,0,0,0,0,0,0,0,0,0,5,Good
128,student0128@student.hitech.lk,ACTIVE,STUDENT,11,CC-AWS-101,ACTIVE,Cybersecurity,ACTIVE,ADMIN_ONLY,40000.0,12,WEEKS,1,48,4,2,2,0,0,75.0,4,14,0,4,14,7,2,3,2,4,4,3,3,81.78,84.31,78.42,3,0,0,0,86.52,SUCCESS,1,0,40000.0,1,0,0,0,0,0,0,1,1,0,5,Good
479,student0479@student.hitech.lk,ACTIVE,STUDENT,12,GD-UIUX-101,ACTIVE,Business Management,COMPLETED,ADMIN_ONLY,45000.0,8,WEEKS,1,230,12,10,0,2,0,83.33,12,2,0,6,8,14,4,5,5,3,2,2,2,60.18,68.92,51.44,2,0,0,1,63.92,SUCCESS,1,0,45000.0,2,1,0,0,0,0,1,0,0,0,14,Average
564,student0564@student.hitech.lk,ACTIVE,STUDENT,12,GD-UIUX-101,ACTIVE,Business Management,REMOVED,ADMIN_ONLY,45000.0,8,WEEKS,1,32,6,3,1,2,0,58.33,12,2,0,6,8,14,4,5,5,3,2,2,2,57.04,61.46,52.62,2,0,0,0,54.53,SUCCESS,1,2,45000.0,1,1,1,0,1,0,0,0,0,0,32,Medium
418,student0418@student.hitech.lk,ACTIVE,STUDENT,9,DM-SEO-101,ARCHIVED,Software Engineering,COMPLETED,OPEN,30000.0,12,WEEKS,2,116,13,13,0,0,0,100.0,13,2,0,5,10,13,4,6,3,5,5,5,5,81.24,88.34,75.56,5,0,0,0,76.77,PENDING,0,0,0.0,1,0,0,0,0,0,0,0,0,0,6,Good
467,student0467@student.hitech.lk,ACTIVE,STUDENT,8,BM-MGMT-201,ACTIVE,Graphic Design,COMPLETED,ADMIN_ONLY,50000.0,3,WEEKS,2,250,7,3,2,2,0,57.14,7,6,0,10,3,13,7,5,1,1,1,1,1,79.93,79.93,79.93,1,0,0,0,81.33,SUCCESS,2,0,50000.0,1,1,0,0,0,0,1,0,0,0,18,Average
259,student0259@student.hitech.lk,PENDING_VERIFICATION,STUDENT,12,GD-UIUX-101,ACTIVE,Business Management,ACTIVE,ADMIN_ONLY,45000.0,8,WEEKS,1,74,11,5,1,5,0,50.0,12,2,0,6,8,14,4,5,5,3,2,2,2,51.51,59.2,43.83,1,1,0,0,50.85,SUCCESS,1,0,45000.0,1,3,0,0,2,0,1,0,0,0,45,Medium
839,student0839@student.hitech.lk,ACTIVE,STUDENT,8,BM-MGMT-201,ACTIVE,Graphic Design,ACTIVE,ADMIN_ONLY,50000.0,3,WEEKS,2,45,6,0,2,3,1,29.17,7,6,0,10,3,13,7,5,1,1,0,0,0,0.0,0.0,0.0,0,0,0,0,0.0,PENDING,0,0,0.0,1,1,1,0,1,0,0,0,0,0,48,Low
106,student0106@student.hitech.lk,ACTIVE,STUDENT,2,SE-WEB-120,DRAFT,Data Science,ACTIVE,ADMIN_ONLY,25000.0,16,WEEKS,3,12,3,0,2,1,0,33.33,28,10,0,16,22,9,5,4,0,1,1,0,0,0.0,0.0,0.0,0,0,0,3,0.0,SUCCESS,1,0,25000.0,1,3,2,0,0,0,3,0,0,0,28,Medium
810,student0810@student.hitech.lk,ACTIVE,STUDENT,4,DS-PY-101,ACTIVE,Business Management,ACTIVE,OPEN,50000.0,4,MONTHS,2,114,15,7,1,5,2,60.0,28,5,0,29,4,7,3,2,2,3,0,0,0,0.0,0.0,0.0,0,0,0,0,0.0,PENDING,0,0,0.0,1,3,1,1,1,1,1,0,0,0,27,Low
581,student0581@student.hitech.lk,ACTIVE,STUDENT,1,SE-JAVA-101,ACTIVE,Software Engineering,COMPLETED,OPEN,40000.0,3,WEEKS,2,195,15,6,4,5,0,53.33,15,10,1,14,11,12,4,7,1,4,2,2,2,59.03,59.22,58.85,2,0,0,1,59.32,PENDING,0,0,0.0,1,1,1,0,0,1,0,0,0,0,19,Medium
437,student0437@student.hitech.lk,ACTIVE,STUDENT,12,GD-UIUX-101,ACTIVE,Business Management,ACTIVE,ADMIN_ONLY,45000.0,8,WEEKS,1,160,12,10,1,1,0,87.5,12,2,0,6,8,14,4,5,5,3,2,2,2,85.54,97.92,73.15,2,0,0,0,77.13,SUCCESS,1,0,45000.0,1,0,0,0,0,0,0,1,1,0,2,Good
553,student0553@student.hitech.lk,ACTIVE,STUDENT,12,GD-UIUX-101,ACTIVE,Business Management,ACTIVE,ADMIN_ONLY,45000.0,8,WEEKS,1,125,12,6,2,4,0,58.33,12,2,0,6,8,14,4,5,5,3,0,0,0,0.0,0.0,0.0,0,0,0,0,0.0,SUCCESS,1,0,45000.0,2,2,2,0,2,0,0,2,2,0,66,Low
794,student0794@student.hitech.lk,ACTIVE,STUDENT,1,SE-JAVA-101,ACTIVE,Software Engineering,ACTIVE,OPEN,40000.0,3,WEEKS,2,145,15,9,2,3,1,71.67,15,10,1,14,11,12,4,7,1,4,3,3,3,72.31,82.32,59.36,3,0,0,0,72.63,SUCCESS,2,0,40000.0,1,0,0,0,0,0,0,2,2,0,13,Average
393,student0393@student.hitech.lk,ACTIVE,STUDENT,7,BM-COMM-110,ACTIVE,Cloud Computing,ACTIVE,OPEN,35000.0,3,WEEKS,1,83,9,7,1,1,0,83.33,13,3,3,7,9,11,3,5,3,1,1,1,1,70.83,70.83,70.83,1,0,0,1,65.64,PENDING,0,0,0.0,1,0,0,0,0,0,0,0,0,0,14,Average
850,student0850@student.hitech.lk,INACTIVE,STUDENT,2,SE-WEB-120,DRAFT,Data Science,ACTIVE,ADMIN_ONLY,25000.0,16,WEEKS,3,170,3,0,1,2,0,16.67,28,10,0,16,22,9,5,4,0,1,1,1,1,50.06,50.06,50.06,1,0,0,1,53.94,FAILED,0,1,0.0,0,2,2,0,1,0,1,1,1,0,60,Medium
285,student0285@student.hitech.lk,ACTIVE,STUDENT,12,GD-UIUX-101,ACTIVE,Business Management,COMPLETED,ADMIN_ONLY,45000.0,8,WEEKS,1,128,12,11,1,0,0,95.83,12,2,0,6,8,14,4,5,5,3,3,3,3,80.65,87.82,73.86,3,0,0,0,78.1,SUCCESS,1,0,45000.0,1,0,0,0,0,0,0,1,1,0,5,Good
490,student0490@student.hitech.lk,ACTIVE,STUDENT,2,SE-WEB-120,DRAFT,Data Science,ACTIVE,ADMIN_ONLY,25000.0,16,WEEKS,3,49,0,0,0,0,0,0.0,28,10,0,16,22,9,5,4,0,1,0,0,0,0.0,0.0,0.0,0,0,0,0,0.0,SUCCESS,1,0,25000.0,1,0,0,0,0,0,0,0,0,0,54,Low
556,student0556@student.hitech.lk,INACTIVE,STUDENT,4,DS-PY-101,ACTIVE,Business Management,REMOVED,OPEN,50000.0,4,MONTHS,2,6,0,0,0,0,0,0.0,28,5,0,29,4,7,3,2,2,3,2,2,2,69.26,75.61,62.9,2,0,0,1,72.56,SUCCESS,1,0,50000.0,2,2,0,0,0,1,1,1,1,0,28,Average
301,student0301@student.hitech.lk,ACTIVE,STUDENT,7,BM-COMM-110,ACTIVE,Cloud Computing,ACTIVE,OPEN,35000.0,3,WEEKS,1,111,13,7,4,0,2,80.77,13,3,3,7,9,11,3,5,3,1,1,1,1,47.0,47.0,47.0,0,1,0,2,35.03,SUCCESS,1,0,35000.0,1,1,0,0,0,0,1,0,0,0,9,Average
391,student0391@student.hitech.lk,ACTIVE,STUDENT,5,DS-ML-210,ACTIVE,Digital Marketing,REMOVED,OPEN,45000.0,10,WEEKS,2,10,1,1,0,0,0,100.0,8,9,1,16,1,5,2,3,0,5,4,4,4,74.97,84.61,61.47,4,0,0,0,68.78,PENDING,0,0,0.0,1,0,0,0,0,0,0,1,1,0,18,Average
369,student0369@student.hitech.lk,ACTIVE,STUDENT,2,SE-WEB-120,DRAFT,Data Science,ACTIVE,ADMIN_ONLY,25000.0,16,WEEKS,3,102,0,0,0,0,0,0.0,28,10,0,16,22,9,5,4,0,1,1,1,1,40.54,40.54,40.54,0,1,0,0,38.73,SUCCESS,1,0,25000.0,1,1,0,0,1,0,0,1,1,0,17,Medium
428,student0428@student.hitech.lk,ACTIVE,STUDENT,12,GD-UIUX-101,ACTIVE,Business Management,ACTIVE,ADMIN_ONLY,45000.0,8,WEEKS,1,125,12,10,0,2,0,83.33,12,2,0,6,8,14,4,5,5,3,2,1,1,70.97,70.97,70.97,1,0,0,0,77.57,SUCCESS,1,0,45000.0,1,0,0,0,0,0,0,1,1,0,7,Average
224,student0224@student.hitech.lk,ACTIVE,STUDENT,3,SE-DB-130,ACTIVE,Cybersecurity,ACTIVE,OPEN,50000.0,4,MONTHS,1,51,8,7,1,0,0,93.75,26,8,2,32,2,9,3,4,2,4,4,4,4,85.18,94.4,76.05,4,0,0,0,81.3,SUCCESS,2,0,50000.0,1,1,1,0,0,1,0,0,0,0,3,Good
761,student0761@student.hitech.lk,PENDING_VERIFICATION,STUDENT,4,DS-PY-101,ACTIVE,Business Management,ACTIVE,OPEN,50000.0,4,MONTHS,2,58,6,2,1,2,1,54.17,28,5,0,29,4,7,3,2,2,3,2,2,2,58.96,63.02,54.9,2,0,0,3,66.97,PENDING,0,1,0.0,1,1,1,0,1,0,0,2,2,0,32,Medium
325,student0325@student.hitech.lk,ACTIVE,STUDENT,1,SE-JAVA-101,ACTIVE,Software Engineering,ACTIVE,OPEN,40000.0,3,WEEKS,2,181,15,6,3,6,0,50.0,15,10,1,14,11,12,4,7,1,4,2,2,2,47.66,56.8,38.51,1,1,0,0,49.65,FAILED,0,2,0.0,0,1,1,0,0,0,1,1,0,1,37,Medium
665,student0665@student.hitech.lk,ACTIVE,STUDENT,8,BM-MGMT-201,ACTIVE,Graphic Design,ACTIVE,ADMIN_ONLY,50000.0,3,WEEKS,2,138,7,2,0,4,1,39.29,7,6,0,10,3,13,7,5,1,1,0,0,0,0.0,0.0,0.0,0,0,0,0,0.0,SUCCESS,2,0,50000.0,1,1,1,0,1,0,0,0,0,0,78,Low
716,student0716@student.hitech.lk,ACTIVE,STUDENT,7,BM-COMM-110,ACTIVE,Cloud Computing,ACTIVE,OPEN,35000.0,3,WEEKS,1,160,13,4,5,3,1,55.77,13,3,3,7,9,11,3,5,3,1,1,1,1,61.41,61.41,61.41,1,0,0,0,57.67,SUCCESS,1,0,35000.0,1,0,0,0,0,0,0,2,1,1,15,Average
563,student0563@student.hitech.lk,PENDING_VERIFICATION,STUDENT,7,BM-COMM-110,ACTIVE,Cloud Computing,COMPLETED,OPEN,35000.0,3,WEEKS,1,74,8,6,1,0,1,90.62,13,3,3,7,9,11,3,5,3,1,1,1,1,93.18,93.18,93.18,1,0,0,0,94.57,PENDING,0,0,0.0,1,0,0,0,0,0,0,0,0,0,18,Good
822,student0822@student.hitech.lk,PENDING_VERIFICATION,STUDENT,2,SE-WEB-120,DRAFT,Data Science,ACTIVE,ADMIN_ONLY,25000.0,16,WEEKS,3,21,0,0,0,0,0,0.0,28,10,0,16,22,9,5,4,0,1,1,1,0,0.0,0.0,0.0,0,0,1,0,0.0,FAILED,0,2,0.0,1,1,0,0,0,0,1,1,1,0,6,Good
164,student0164@student.hitech.lk,ACTIVE,STUDENT,12,GD-UIUX-101,ACTIVE,Business Management,ACTIVE,ADMIN_ONLY,45000.0,8,WEEKS,1,42,8,5,1,2,0,68.75,12,2,0,6,8,14,4,5,5,3,1,1,1,67.11,67.11,67.11,1,0,0,3,68.23,SUCCESS,1,0,45000.0,1,2,1,0,1,0,1,3,2,1,21,Medium
297,student0297@student.hitech.lk,ACTIVE,STUDENT,2,SE-WEB-120,DRAFT,Data Science,ACTIVE,ADMIN_ONLY,25000.0,16,WEEKS,3,58,0,0,0,0,0,0.0,28,10,0,16,22,9,5,4,0,1,1,1,1,44.8,44.8,44.8,0,1,0,2,46.43,SUCCESS,1,0,25000.0,1,4,1,1,3,0,1,2,1,1,20,Medium
592,student0592@student.hitech.lk,ACTIVE,STUDENT,9,DM-SEO-101,ARCHIVED,Software Engineering,REMOVED,OPEN,30000.0,12,WEEKS,2,137,13,4,2,5,2,50.0,13,2,0,5,10,13,4,6,3,5,1,1,1,51.78,51.78,51.78,1,0,0,2,49.59,SUCCESS,1,1,30000.0,1,1,1,0,1,0,0,0,0,0,70,Low
414,student0414@student.hitech.lk,ACTIVE,STUDENT,8,BM-MGMT-201,ACTIVE,Graphic Design,COMPLETED,ADMIN_ONLY,50000.0,3,WEEKS,2,134,7,6,0,1,0,85.71,7,6,0,10,3,13,7,5,1,1,1,1,1,58.54,58.54,58.54,1,0,0,0,63.8,SUCCESS,1,0,50000.0,1,0,0,0,0,0,0,0,0,0,2,Good
520,student0520@student.hitech.lk,ACTIVE,STUDENT,1,SE-JAVA-101,ACTIVE,Software Engineering,ACTIVE,OPEN,40000.0,3,WEEKS,2,122,15,7,1,6,1,55.0,15,10,1,14,11,12,4,7,1,4,1,1,1,32.13,32.13,32.13,0,1,0,6,32.08,FAILED,0,1,0.0,1,1,1,0,0,0,1,0,0,0,39,Low
626,student0626@student.hitech.lk,ACTIVE,STUDENT,8,BM-MGMT-201,ACTIVE,Graphic Design,ACTIVE,ADMIN_ONLY,50000.0,3,WEEKS,2,83,7,6,0,1,0,85.71,7,6,0,10,3,13,7,5,1,1,1,1,1,100.0,100.0,100.0,1,0,0,0,100.0,SUCCESS,1,0,50000.0,2,0,0,0,0,0,0,1,1,0,1,Good
283,student0283@student.hitech.lk,ACTIVE,STUDENT,7,BM-COMM-110,ACTIVE,Cloud Computing,ACTIVE,OPEN,35000.0,3,WEEKS,1,142,13,6,3,4,0,57.69,13,3,3,7,9,11,3,5,3,1,0,0,0,0.0,0.0,0.0,0,0,0,0,0.0,FAILED,0,2,0.0,0,0,0,0,0,0,0,1,0,1,60,Low
28,student0028@student.hitech.lk,ACTIVE,STUDENT,8,BM-MGMT-201,ACTIVE,Graphic Design,COMPLETED,ADMIN_ONLY,50000.0,3,WEEKS,2,155,7,5,1,0,1,89.29,7,6,0,10,3,13,7,5,1,1,1,1,1,55.59,55.59,55.59,1,0,0,0,67.45,FAILED,0,1,0.0,0,0,0,0,0,0,0,0,0,0,16,Average
427,student0427@student.hitech.lk,ACTIVE,STUDENT,8,BM-MGMT-201,ACTIVE,Graphic Design,ACTIVE,ADMIN_ONLY,50000.0,3,WEEKS,2,46,5,3,2,0,0,80.0,7,6,0,10,3,13,7,5,1,1,1,1,1,44.32,44.32,44.32,0,1,0,1,44.63,PENDING,0,0,0.0,1,0,0,0,0,0,0,1,0,1,27,Medium
10,student0010@student.hitech.lk,ACTIVE,STUDENT,11,CC-AWS-101,ACTIVE,Cybersecurity,COMPLETED,ADMIN_ONLY,40000.0,12,WEEKS,1,111,4,2,1,1,0,62.5,4,14,0,4,14,7,2,3,2,4,4,4,4,92.75,100.0,82.78,4,0,0,1,95.31,SUCCESS,1,0,40000.0,1,1,0,0,1,0,0,1,1,0,0,Good
363,student0363@student.hitech.lk,INACTIVE,STUDENT,4,DS-PY-101,ACTIVE,Business Management,REMOVED,OPEN,50000.0,4,MONTHS,2,30,5,0,1,4,0,10.0,28,5,0,29,4,7,3,2,2,3,1,1,1,22.24,22.24,22.24,0,1,0,2,22.62,FAILED,0,2,0.0,0,0,0,0,0,0,0,0,0,0,51,Low
37,student0037@student.hitech.lk,ACTIVE,STUDENT,10,IT-NET-100,ARCHIVED,Data Science,ACTIVE,OPEN,35000.0,8,WEEKS,1,124,16,15,0,1,0,93.75,26,8,0,16,18,14,5,7,2,1,1,1,1,73.35,73.35,73.35,1,0,0,0,74.75,SUCCESS,1,0,35000.0,1,1,0,0,0,0,1,1,1,0,6,Good
316,student0316@student.hitech.lk,ACTIVE,STUDENT,1,SE-JAVA-101,ACTIVE,Software Engineering,ACTIVE,OPEN,40000.0,3,WEEKS,2,32,4,3,1,0,0,87.5,15,10,1,14,11,12,4,7,1,4,3,3,3,89.42,94.38,83.42,3,0,0,0,92.75,SUCCESS,1,0,40000.0,1,0,0,0,0,0,0,2,1,1,7,Good
538,student0538@student.hitech.lk,ACTIVE,STUDENT,6,CY-SEC-110,ACTIVE,Information Technology,REMOVED,OPEN,50000.0,16,WEEKS,1,57,7,0,2,4,1,25.0,20,9,0,15,14,17,4,8,5,5,0,0,0,0.0,0.0,0.0,0,0,0,0,0.0,FAILED,0,1,0.0,0,5,0,1,3,0,2,1,0,1,49,Low
513,student0513@student.hitech.lk,PENDING_VERIFICATION,STUDENT,8,BM-MGMT-201,ACTIVE,Graphic Design,COMPLETED,ADMIN_ONLY,50000.0,3,WEEKS,2,114,7,5,0,1,1,82.14,7,6,0,10,3,13,7,5,1,1,1,1,1,67.1,67.1,67.1,1,0,0,0,71.33,SUCCESS,1,1,50000.0,1,0,0,0,0,0,0,1,1,0,19,Average
148,student0148@student.hitech.lk,ACTIVE,STUDENT,6,CY-SEC-110,ACTIVE,Information Technology,ACTIVE,OPEN,50000.0,16,WEEKS,1,25,4,0,2,2,0,25.0,20,9,0,15,14,17,4,8,5,5,3,3,3,50.66,53.39,48.4,2,1,0,0,53.19,SUCCESS,1,0,50000.0,1,1,1,1,0,0,1,2,1,1,36,Medium
706,student0706@student.hitech.lk,ACTIVE,STUDENT,6,CY-SEC-110,ACTIVE,Information Technology,ACTIVE,OPEN,50000.0,16,WEEKS,1,129,20,14,2,4,0,75.0,20,9,0,15,14,17,4,8,5,5,4,4,4,48.42,57.32,42.96,1,3,0,0,49.71,SUCCESS,2,0,50000.0,1,1,0,0,0,0,1,1,1,0,11,Average
364,student0364@student.hitech.lk,ACTIVE,STUDENT,4,DS-PY-101,ACTIVE,Business Management,ACTIVE,OPEN,50000.0,4,MONTHS,2,39,7,3,1,3,0,50.0,28,5,0,29,4,7,3,2,2,3,1,1,1,36.98,36.98,36.98,0,1,0,2,32.73,FAILED,0,2,0.0,0,1,0,0,0,1,0,2,1,1,28,Medium
106,student0106@student.hitech.lk,ACTIVE,STUDENT,8,BM-MGMT-201,ACTIVE,Graphic Design,ACTIVE,ADMIN_ONLY,50000.0,3,WEEKS,2,36,6,3,1,2,0,58.33,7,6,0,10,3,13,7,5,1,1,1,1,1,61.48,61.48,61.48,1,0,0,0,63.12,SUCCESS,1,1,50000.0,1,0,0,0,0,0,0,2,1,1,16,Average
509,student0509@student.hitech.lk,ACTIVE,STUDENT,4,DS-PY-101,ACTIVE,Business Management,REMOVED,OPEN,50000.0,4,MONTHS,2,73,8,2,2,2,2,56.25,28,5,0,29,4,7,3,2,2,3,1,1,1,18.02,18.02,18.02,0,1,0,0,20.14,FAILED,0,1,0.0,1,1,1,0,0,0,1,0,0,0,75,Low
582,student0582@student.hitech.lk,ACTIVE,STUDENT,5,DS-ML-210,ACTIVE,Digital Marketing,REMOVED,OPEN,45000.0,10,WEEKS,2,98,8,1,2,0,5,71.88,8,9,1,16,1,5,2,3,0,5,1,1,1,47.26,47.26,47.26,0,1,0,5,53.7,SUCCESS,2,0,45000.0,1,0,0,0,0,0,0,0,0,0,83,Low
839,student0839@student.hitech.lk,ACTIVE,STUDENT,5,DS-ML-210,ACTIVE,Digital Marketing,COMPLETED,OPEN,45000.0,10,WEEKS,2,118,8,7,0,1,0,87.5,8,9,1,16,1,5,2,3,0,5,5,5,5,82.48,92.23,72.82,5,0,0,0,82.14,SUCCESS,2,0,45000.0,1,0,0,0,0,0,0,1,1,0,4,Good
332,student0332@student.hitech.lk,ACTIVE,STUDENT,5,DS-ML-210,ACTIVE,Digital Marketing,REMOVED,OPEN,45000.0,10,WEEKS,2,58,8,6,1,0,1,90.62,8,9,1,16,1,5,2,3,0,5,4,4,4,73.33,80.16,64.53,4,0,0,0,73.37,SUCCESS,1,0,45000.0,1,0,0,0,0,0,0,1,1,0,16,Average
98,student0098@student.hitech.lk,ACTIVE,STUDENT,9,DM-SEO-101,ARCHIVED,Software Engineering,ACTIVE,OPEN,30000.0,12,WEEKS,2,76,9,1,4,4,0,33.33,13,2,0,5,10,13,4,6,3,5,2,2,2,35.83,39.99,31.67,0,2,0,1,40.72,SUCCESS,3,0,30000.0,1,1,0,0,1,0,0,0,0,0,39,Medium
193,student0193@student.hitech.lk,ACTIVE,STUDENT,8,BM-MGMT-201,ACTIVE,Graphic Design,ACTIVE,ADMIN_ONLY,50000.0,3,WEEKS,2,36,5,2,0,2,1,55.0,7,6,0,10,3,13,7,5,1,1,0,0,0,0.0,0.0,0.0,0,0,0,0,0.0,FAILED,0,1,0.0,1,2,0,0,1,0,1,2,0,2,46,Low
74,student0074@student.hitech.lk,ACTIVE,STUDENT,4,DS-PY-101,ACTIVE,Business Management,ACTIVE,OPEN,50000.0,4,MONTHS,2,78,14,9,0,5,0,64.29,28,5,0,29,4,7,3,2,2,3,2,1,1,75.82,75.82,75.82,1,0,0,0,76.1,SUCCESS,1,0,50000.0,1,3,1,0,0,1,2,0,0,0,17,Average
725,student0725@student.hitech.lk,ACTIVE,STUDENT,7,BM-COMM-110,ACTIVE,Cloud Computing,COMPLETED,OPEN,35000.0,3,WEEKS,1,195,13,3,3,6,1,40.38,13,3,3,7,9,11,3,5,3,1,1,1,1,42.05,42.05,42.05,0,1,0,0,46.72,SUCCESS,1,0,35000.0,1,0,0,0,0,0,0,1,1,0,13,Medium
325,student0325@student.hitech.lk,PENDING_VERIFICATION,STUDENT,8,BM-MGMT-201,ACTIVE,Graphic Design,COMPLETED,ADMIN_ONLY,50000.0,3,WEEKS,2,217,7,1,3,1,2,57.14,7,6,0,10,3,13,7,5,1,1,0,0,0,0.0,0.0,0.0,0,0,0,0,0.0,SUCCESS,1,0,50000.0,1,0,0,0,0,0,0,0,0,0,21,Medium
221,student0221@student.hitech.lk,ACTIVE,STUDENT,3,SE-DB-130,ACTIVE,Cybersecurity,ACTIVE,OPEN,50000.0,4,MONTHS,1,46,5,4,1,0,0,90.0,26,8,2,32,2,9,3,4,2,4,3,3,3,95.94,100.0,91.6,3,0,0,0,92.72,SUCCESS,1,0,50000.0,1,0,0,0,0,0,0,0,0,0,3,Good
757,student0757@student.hitech.lk,ACTIVE,STUDENT,6,CY-SEC-110,ACTIVE,Information Technology,REMOVED,OPEN,50000.0,16,WEEKS,1,65,7,4,2,1,0,71.43,20,9,0,15,14,17,4,8,5,5,3,3,3,79.98,82.33,75.83,3,0,0,1,80.03,SUCCESS,1,0,50000.0,1,1,0,0,0,0,1,0,0,0,3,Average
832,student0832@student.hitech.lk,ACTIVE,STUDENT,6,CY-SEC-110,ACTIVE,Information Technology,ACTIVE,OPEN,50000.0,16,WEEKS,1,64,11,6,1,4,0,59.09,20,9,0,15,14,17,4,8,5,5,3,3,3,68.14,72.56,61.41,3,0,0,4,75.0,FAILED,0,1,0.0,1,2,1,0,1,1,0,3,2,1,17,Medium
170,student0170@student.hitech.lk,ACTIVE,STUDENT,4,DS-PY-101,ACTIVE,Business Management,ACTIVE,OPEN,50000.0,4,MONTHS,2,81,11,9,1,1,0,86.36,28,5,0,29,4,7,3,2,2,3,2,2,2,76.62,81.08,72.15,2,0,0,1,78.86,FAILED,0,2,0.0,0,0,0,0,0,0,0,0,0,0,15,Average
83,student0083@student.hitech.lk,ACTIVE,STUDENT,11,CC-AWS-101,ACTIVE,Cybersecurity,ACTIVE,ADMIN_ONLY,40000.0,12,WEEKS,1,18,3,2,0,1,0,66.67,4,14,0,4,14,7,2,3,2,4,3,3,3,82.7,85.47,80.28,3,0,0,0,90.58,PENDING,0,0,0.0,1,0,0,0,0,0,0,1,1,0,0,Good
222,student0222@student.hitech.lk,ACTIVE,STUDENT,4,DS-PY-101,ACTIVE,Business Management,COMPLETED,OPEN,50000.0,4,MONTHS,2,138,19,9,3,6,1,59.21,28,5,0,29,4,7,3,2,2,3,2,2,2,58.66,61.96,55.37,2,0,0,3,54.49,PENDING,0,1,0.0,1,1,1,0,0,0,1,2,1,1,10,Medium
787,student0787@student.hitech.lk,INACTIVE,STUDENT,4,DS-PY-101,ACTIVE,Business Management,ACTIVE,OPEN,50000.0,4,MONTHS,2,45,5,2,2,0,1,75.0,28,5,0,29,4,7,3,2,2,3,3,3,3,75.43,91.0,58.74,3,0,0,1,76.27,SUCCESS,1,0,50000.0,1,0,0,0,0,0,0,1,1,0,28,Good
301,student0301@student.hitech.lk,ACTIVE,STUDENT,2,SE-WEB-120,DRAFT,Data Science,COMPLETED,ADMIN_ONLY,25000.0,16,WEEKS,3,114,1,0,1,0,0,50.0,28,10,0,16,22,9,5,4,0,1,0,0,0,0.0,0.0,0.0,0,0,0,0,0.0,FAILED,0,1,0.0,0,2,1,0,2,0,0,2,2,0,31,Medium
560,student0560@student.hitech.lk,ACTIVE,STUDENT,3,SE-DB-130,ACTIVE,Cybersecurity,COMPLETED,OPEN,50000.0,4,MONTHS,1,104,17,14,0,3,0,82.35,26,8,2,32,2,9,3,4,2,4,3,3,3,82.78,87.53,75.57,3,0,0,0,84.38,SUCCESS,1,0,50000.0,1,2,0,0,1,0,1,1,1,0,0,Good
584,student0584@student.hitech.lk,PENDING_VERIFICATION,STUDENT,2,SE-WEB-120,DRAFT,Data Science,ACTIVE,ADMIN_ONLY,25000.0,16,WEEKS,3,139,2,1,0,1,0,50.0,28,10,0,16,22,9,5,4,0,1,1,1,1,76.81,76.81,76.81,1,0,0,0,75.76,SUCCESS,2,0,25000.0,1,1,0,0,0,1,0,1,1,0,8,Average
608,student0608@student.hitech.lk,ACTIVE,STUDENT,5,DS-ML-210,ACTIVE,Digital Marketing,ACTIVE,OPEN,45000.0,10,WEEKS,2,152,8,0,4,4,0,25.0,8,9,1,16,1,5,2,3,0,5,1,0,0,0.0,0.0,0.0,0,0,0,2,0.0,PENDING,0,0,0.0,1,4,2,0,3,1,0,0,0,0,85,Low
448,student0448@student.hitech.lk,ACTIVE,STUDENT,3,SE-DB-130,ACTIVE,Cybersecurity,REMOVED,OPEN,50000.0,4,MONTHS,1,37,4,2,1,0,1,81.25,26,8,2,32,2,9,3,4,2,4,3,3,3,70.04,85.24,58.44,3,0,0,1,73.06,PENDING,0,0,0.0,1,0,0,0,0,0,0,1,1,0,17,Average
501,student0501@student.hitech.lk,ACTIVE,STUDENT,12,GD-UIUX-101,ACTIVE,Business Management,COMPLETED,ADMIN_ONLY,45000.0,8,WEEKS,1,199,12,10,1,1,0,87.5,12,2,0,6,8,14,4,5,5,3,3,3,3,88.52,98.78,72.76,3,0,0,0,83.01,SUCCESS,1,0,45000.0,1,0,0,0,0,0,0,0,0,0,0,Good
227,student0227@student.hitech.lk,ACTIVE,STUDENT,12,GD-UIUX-101,ACTIVE,Business Management,ACTIVE,ADMIN_ONLY,45000.0,8,WEEKS,1,53,7,0,3,3,1,32.14,12,2,0,6,8,14,4,5,5,3,1,0,0,0.0,0.0,0.0,0,0,0,0,0.0,SUCCESS,1,0,45000.0,1,1,0,0,0,1,0,2,1,1,33,Medium
339,student0339@student.hitech.lk,PENDING_VERIFICATION,STUDENT,6,CY-SEC-110,ACTIVE,Information Technology,ACTIVE,OPEN,50000.0,16,WEEKS,1,169,20,12,2,5,1,68.75,20,9,0,15,14,17,4,8,5,5,2,2,2,50.56,55.11,46.0,1,1,0,1,50.23,SUCCESS,1,0,50000.0,1,0,0,0,0,0,0,2,1,1,29,Medium
311,student0311@student.hitech.lk,ACTIVE,STUDENT,2,SE-WEB-120,DRAFT,Data Science,COMPLETED,ADMIN_ONLY,25000.0,16,WEEKS,3,212,2,2,0,0,0,100.0,28,10,0,16,22,9,5,4,0,1,1,1,1,88.72,88.72,88.72,1,0,0,0,90.97,SUCCESS,1,1,25000.0,1,0,0,0,0,0,0,2,2,0,7,Good
402,student0402@student.hitech.lk,PENDING_VERIFICATION,STUDENT,10,IT-NET-100,ARCHIVED,Data Science,ACTIVE,OPEN,35000.0,8,WEEKS,1,160,26,11,1,14,0,44.23,26,8,0,16,18,14,5,7,2,1,1,1,1,46.23,46.23,46.23,0,1,0,1,41.96,SUCCESS,1,0,35000.0,1,2,2,0,1,1,0,0,0,0,40,Medium
808,student0808@student.hitech.lk,ACTIVE,STUDENT,2,SE-WEB-120,DRAFT,Data Science,COMPLETED,ADMIN_ONLY,25000.0,16,WEEKS,3,171,2,0,1,1,0,25.0,28,10,0,16,22,9,5,4,0,1,1,1,1,77.28,77.28,77.28,1,0,0,0,78.49,PENDING,0,1,0.0,1,2,0,0,0,1,1,0,0,0,15,Average
190,student0190@student.hitech.lk,PENDING_VERIFICATION,STUDENT,7,BM-COMM-110,ACTIVE,Cloud Computing,ACTIVE,OPEN,35000.0,3,WEEKS,1,38,4,1,1,2,0,37.5,13,3,3,7,9,11,3,5,3,1,1,1,1,78.3,78.3,78.3,1,0,0,0,80.92,FAILED,0,1,0.0,1,0,0,0,0,0,0,2,1,1,25,Average
156,student0156@student.hitech.lk,PENDING_VERIFICATION,STUDENT,9,DM-SEO-101,ARCHIVED,Software Engineering,COMPLETED,OPEN,30000.0,12,WEEKS,2,84,13,9,0,3,1,75.0,13,2,0,5,10,13,4,6,3,5,3,3,3,60.24,64.94,57.07,3,0,0,2,58.2,SUCCESS,1,0,30000.0,1,1,0,0,0,0,1,0,0,0,28,Medium
253,student0253@student.hitech.lk,ACTIVE,STUDENT,10,IT-NET-100,ARCHIVED,Data Science,ACTIVE,OPEN,35000.0,8,WEEKS,1,105,17,14,1,1,1,89.71,26,8,0,16,18,14,5,7,2,1,1,1,1,47.65,47.65,47.65,0,1,0,0,47.77,PENDING,0,0,0.0,1,2,2,0,1,1,0,0,0,0,14,Medium
338,student0338@student.hitech.lk,ACTIVE,STUDENT,6,CY-SEC-110,ACTIVE,Information Technology,ACTIVE,OPEN,50000.0,16,WEEKS,1,81,9,2,1,4,2,44.44,20,9,0,15,14,17,4,8,5,5,1,1,1,23.12,23.12,23.12,0,1,0,1,16.5,PENDING,0,0,0.0,1,1,1,0,1,0,0,1,0,1,26,Low
310,student0310@student.hitech.lk,ACTIVE,STUDENT,9,DM-SEO-101,ARCHIVED,Software Engineering,COMPLETED,OPEN,30000.0,12,WEEKS,2,131,13,8,0,5,0,61.54,13,2,0,5,10,13,4,6,3,5,4,3,3,50.85,60.5,44.53,1,2,0,0,44.37,SUCCESS,1,0,30000.0,1,0,0,0,0,0,0,0,0,0,6,Average
250,student0250@student.hitech.lk,ACTIVE,STUDENT,4,DS-PY-101,ACTIVE,Business Management,REMOVED,OPEN,50000.0,4,MONTHS,2,5,0,0,0,0,0,0.0,28,5,0,29,4,7,3,2,2,3,1,1,1,30.32,30.32,30.32,0,1,0,5,29.7,FAILED,0,1,0.0,1,1,1,1,0,0,1,0,0,0,29,Low
210,student0210@student.hitech.lk,PENDING_VERIFICATION,STUDENT,12,GD-UIUX-101,ACTIVE,Business Management,ACTIVE,ADMIN_ONLY,45000.0,8,WEEKS,1,26,4,0,2,2,0,25.0,12,2,0,6,8,14,4,5,5,3,1,0,0,0.0,0.0,0.0,0,0,0,1,0.0,SUCCESS,1,1,45000.0,1,1,0,0,0,1,0,2,1,1,21,Medium
831,student0831@student.hitech.lk,ACTIVE,STUDENT,11,CC-AWS-101,ACTIVE,Cybersecurity,COMPLETED,ADMIN_ONLY,40000.0,12,WEEKS,1,161,4,1,2,1,0,50.0,4,14,0,4,14,7,2,3,2,4,4,4,3,86.94,100.0,79.8,3,0,1,1,89.19,SUCCESS,1,0,40000.0,1,0,0,0,0,0,0,0,0,0,1,Good
32,student0032@student.hitech.lk,ACTIVE,STUDENT,11,CC-AWS-101,ACTIVE,Cybersecurity,REMOVED,ADMIN_ONLY,40000.0,12,WEEKS,1,49,4,0,1,3,0,12.5,4,14,0,4,14,7,2,3,2,4,1,1,1,35.31,35.31,35.31,0,1,0,5,39.93,SUCCESS,2,0,40000.0,1,1,0,0,1,0,0,1,1,0,62,Low
136,student0136@student.hitech.lk,ACTIVE,STUDENT,2,SE-WEB-120,DRAFT,Data Science,COMPLETED,ADMIN_ONLY,25000.0,16,WEEKS,3,188,0,0,0,0,0,0.0,28,10,0,16,22,9,5,4,0,1,1,1,1,72.99,72.99,72.99,1,0,0,0,70.28,SUCCESS,1,0,25000.0,1,0,0,0,0,0,0,0,0,0,6,Good
55,student0055@student.hitech.lk,ACTIVE,STUDENT,8,BM-MGMT-201,ACTIVE,Graphic Design,COMPLETED,ADMIN_ONLY,50000.0,3,WEEKS,2,163,7,0,1,6,0,7.14,7,6,0,10,3,13,7,5,1,1,0,0,0,0.0,0.0,0.0,0,0,0,0,0.0,PENDING,0,0,0.0,1,2,1,0,1,1,0,1,0,1,58,Low
53,student0053@student.hitech.lk,ACTIVE,STUDENT,2,SE-WEB-120,DRAFT,Data Science,ACTIVE,ADMIN_ONLY,25000.0,16,WEEKS,3,99,3,2,0,1,0,66.67,28,10,0,16,22,9,5,4,0,1,0,0,0,0.0,0.0,0.0,0,0,0,0,0.0,SUCCESS,1,0,25000.0,2,1,0,0,1,0,0,0,0,0,39,Medium
811,student0811@student.hitech.lk,ACTIVE,STUDENT,7,BM-COMM-110,ACTIVE,Cloud Computing,ACTIVE,OPEN,35000.0,3,WEEKS,1,70,11,8,1,2,0,77.27,13,3,3,7,9,11,3,5,3,1,1,1,0,0.0,0.0,0.0,0,0,1,0,0.0,PENDING,0,0,0.0,1,1,0,0,0,1,0,1,1,0,16,Average
380,student0380@student.hitech.lk,ACTIVE,STUDENT,10,IT-NET-100,ARCHIVED,Data Science,REMOVED,OPEN,35000.0,8,WEEKS,1,93,14,11,0,1,2,89.29,26,8,0,16,18,14,5,7,2,1,1,1,1,61.2,61.2,61.2,1,0,0,0,60.45,SUCCESS,2,0,35000.0,1,2,0,1,2,0,0,1,0,1,6,Average
631,student0631@student.hitech.lk,ACTIVE,STUDENT,7,BM-COMM-110,ACTIVE,Cloud Computing,REMOVED,OPEN,35000.0,3,WEEKS,1,25,4,0,2,1,1,43.75,13,3,3,7,9,11,3,5,3,1,0,0,0,0.0,0.0,0.0,0,0,0,0,0.0,FAILED,0,1,0.0,1,2,1,0,1,1,0,1,0,1,83,Low
489,student0489@student.hitech.lk,ACTIVE,STUDENT,5,DS-ML-210,ACTIVE,Digital Marketing,COMPLETED,OPEN,45000.0,10,WEEKS,2,203,8,5,2,0,1,84.38,8,9,1,16,1,5,2,3,0,5,5,5,5,88.38,98.58,80.45,5,0,0,0,89.63,PENDING,0,1,0.0,1,0,0,0,0,0,0,0,0,0,5,Good
432,student0432@student.hitech.lk,ACTIVE,STUDENT,10,IT-NET-100,ARCHIVED,Data Science,ACTIVE,OPEN,35000.0,8,WEEKS,1,240,26,16,2,8,0,65.38,26,8,0,16,18,14,5,7,2,1,0,0,0,0.0,0.0,0.0,0,0,0,0,0.0,PENDING,0,0,0.0,1,3,1,1,2,0,1,0,0,0,38,Medium
751,student0751@student.hitech.lk,ACTIVE,STUDENT,11,CC-AWS-101,ACTIVE,Cybersecurity,ACTIVE,ADMIN_ONLY,40000.0,12,WEEKS,1,109,4,4,0,0,0,100.0,4,14,0,4,14,7,2,3,2,4,4,4,4,83.58,93.97,77.19,4,0,0,0,76.99,PENDING,0,0,0.0,1,0,0,0,0,0,0,3,2,1,2,Good
626,student0626@student.hitech.lk,ACTIVE,STUDENT,11,CC-AWS-101,ACTIVE,Cybersecurity,ACTIVE,ADMIN_ONLY,40000.0,12,WEEKS,1,44,4,0,2,1,1,43.75,4,14,0,4,14,7,2,3,2,4,0,0,0,0.0,0.0,0.0,0,0,0,0,0.0,PENDING,0,0,0.0,1,3,0,1,3,0,0,1,0,1,82,Low
56,student0056@student.hitech.lk,ACTIVE,STUDENT,11,CC-AWS-101,ACTIVE,Cybersecurity,REMOVED,ADMIN_ONLY,40000.0,12,WEEKS,1,19,2,0,1,1,0,25.0,4,14,0,4,14,7,2,3,2,4,3,3,3,52.81,58.27,42.58,2,1,0,0,54.91,SUCCESS,1,2,40000.0,1,1,0,0,0,0,1,1,1,0,10,Average
59,student0059@student.hitech.lk,ACTIVE,STUDENT,9,DM-SEO-101,ARCHIVED,Software Engineering,ACTIVE,OPEN,30000.0,12,WEEKS,2,110,13,7,1,5,0,57.69,13,2,0,5,10,13,4,6,3,5,3,3,3,53.85,58.18,47.46,2,1,0,3,59.81,FAILED,0,1,0.0,1,3,0,0,2,0,1,1,0,1,34,Medium
725,student0725@student.hitech.lk,ACTIVE,STUDENT,3,SE-DB-130,ACTIVE,Cybersecurity,ACTIVE,OPEN,50000.0,4,MONTHS,1,26,3,0,2,1,0,33.33,26,8,2,32,2,9,3,4,2,4,2,2,2,65.83,74.71,56.95,2,0,0,0,68.46,SUCCESS,1,0,50000.0,1,1,1,0,0,0,1,2,1,1,9,Average
578,student0578@student.hitech.lk,ACTIVE,STUDENT,7,BM-COMM-110,ACTIVE,Cloud Computing,COMPLETED,OPEN,35000.0,3,WEEKS,1,105,13,11,1,0,1,94.23,13,3,3,7,9,11,3,5,3,1,1,1,1,86.34,86.34,86.34,1,0,0,0,94.93,SUCCESS,2,0,35000.0,1,1,0,0,1,0,0,1,1,0,2,Good
447,student0447@student.hitech.lk,ACTIVE,STUDENT,5,DS-ML-210,ACTIVE,Digital Marketing,COMPLETED,OPEN,45000.0,10,WEEKS,2,134,8,5,2,1,0,75.0,8,9,1,16,1,5,2,3,0,5,4,4,4,65.21,81.34,46.25,3,1,0,0,60.78,SUCCESS,1,0,45000.0,1,0,0,0,0,0,0,1,1,0,5,Good
803,student0803@student.hitech.lk,ACTIVE,STUDENT,4,DS-PY-101,ACTIVE,Business Management,ACTIVE,OPEN,50000.0,4,MONTHS,2,80,9,8,0,0,1,97.22,28,5,0,29,4,7,3,2,2,3,3,3,2,83.76,85.84,81.68,2,0,1,0,85.35,SUCCESS,3,0,50000.0,1,0,0,0,0,0,0,0,0,0,1,Good
453,student0453@student.hitech.lk,ACTIVE,STUDENT,1,SE-JAVA-101,ACTIVE,Software Engineering,REMOVED,OPEN,40000.0,3,WEEKS,2,45,5,2,0,3,0,40.0,15,10,1,14,11,12,4,7,1,4,2,2,2,18.57,19.24,17.91,0,2,0,1,20.75,FAILED,0,1,0.0,1,2,0,0,1,1,0,0,0,0,70,Low
409,student0409@student.hitech.lk,ACTIVE,STUDENT,1,SE-JAVA-101,ACTIVE,Software Engineering,COMPLETED,OPEN,40000.0,3,WEEKS,2,222,15,10,3,2,0,76.67,15,10,1,14,11,12,4,7,1,4,4,4,4,91.56,94.59,84.6,4,0,0,0,91.67,SUCCESS,1,0,40000.0,1,0,0,0,0,0,0,2,1,1,5,Good
87,student0087@student.hitech.lk,ACTIVE,STUDENT,5,DS-ML-210,ACTIVE,Digital Marketing,COMPLETED,OPEN,45000.0,10,WEEKS,2,89,8,6,1,1,0,81.25,8,9,1,16,1,5,2,3,0,5,4,3,3,96.31,100.0,90.87,3,0,0,0,96.13,SUCCESS,2,1,45000.0,1,0,0,0,0,0,0,0,0,0,6,Good
464,student0464@student.hitech.lk,PENDING_VERIFICATION,STUDENT,7,BM-COMM-110,ACTIVE,Cloud Computing,REMOVED,OPEN,35000.0,3,WEEKS,1,47,5,0,3,1,1,45.0,13,3,3,7,9,11,3,5,3,1,0,0,0,0.0,0.0,0.0,0,0,0,0,0.0,FAILED,0,1,0.0,0,2,2,0,0,1,1,1,0,1,38,Low
68,student0068@student.hitech.lk,ACTIVE,STUDENT,11,CC-AWS-101,ACTIVE,Cybersecurity,ACTIVE,ADMIN_ONLY,40000.0,12,WEEKS,1,24,2,1,1,0,0,75.0,4,14,0,4,14,7,2,3,2,4,3,3,3,60.24,62.18,56.63,3,0,0,2,61.3,SUCCESS,2,0,40000.0,1,3,1,1,0,3,0,2,0,2,3,Average
141,student0141@student.hitech.lk,ACTIVE,STUDENT,7,BM-COMM-110,ACTIVE,Cloud Computing,ACTIVE,OPEN,35000.0,3,WEEKS,1,120,13,4,2,7,0,38.46,13,3,3,7,9,11,3,5,3,1,0,0,0,0.0,0.0,0.0,0,0,0,0,0.0,PENDING,0,1,0.0,1,0,0,0,0,0,0,0,0,0,57,Low
124,student0124@student.hitech.lk,ACTIVE,STUDENT,6,CY-SEC-110,ACTIVE,Information Technology,REMOVED,OPEN,50000.0,16,WEEKS,1,123,19,6,2,10,1,40.79,20,9,0,15,14,17,4,8,5,5,3,3,3,58.69,63.21,49.9,2,1,0,0,62.16,SUCCESS,1,0,50000.0,2,3,1,0,1,0,2,1,0,1,31,Medium
129,student0129@student.hitech.lk,ACTIVE,STUDENT,5,DS-ML-210,ACTIVE,Digital Marketing,COMPLETED,OPEN,45000.0,10,WEEKS,2,91,8,3,1,4,0,43.75,8,9,1,16,1,5,2,3,0,5,2,2,2,40.85,43.04,38.66,0,2,0,5,43.89,PENDING,0,1,0.0,1,3,0,0,1,2,0,0,0,0,60,Low
479,student0479@student.hitech.lk,ACTIVE,STUDENT,10,IT-NET-100,ARCHIVED,Data Science,ACTIVE,OPEN,35000.0,8,WEEKS,1,42,6,0,4,1,1,45.83,26,8,0,16,18,14,5,7,2,1,1,1,1,50.1,50.1,50.1,1,0,0,0,46.94,SUCCESS,2,0,35000.0,1,0,0,0,0,0,0,0,0,0,24,Medium
96,student0096@student.hitech.lk,ACTIVE,STUDENT,6,CY-SEC-110,ACTIVE,Information Technology,ACTIVE,OPEN,50000.0,16,WEEKS,1,157,20,6,2,11,1,38.75,20,9,0,15,14,17,4,8,5,5,1,1,0,0.0,0.0,0.0,0,0,1,1,0.0,FAILED,0,2,0.0,0,3,3,1,1,2,0,0,0,0,52,Low
61,student0061@student.hitech.lk,PENDING_VERIFICATION,STUDENT,4,DS-PY-101,ACTIVE,Business Management,ACTIVE,OPEN,50000.0,4,MONTHS,2,82,12,8,0,4,0,66.67,28,5,0,29,4,7,3,2,2,3,2,2,2,74.83,80.54,69.12,2,0,0,0,71.76,SUCCESS,1,0,50000.0,1,0,0,0,0,0,0,2,1,1,33,Average
816,student0816@student.hitech.lk,ACTIVE,STUDENT,4,DS-PY-101,ACTIVE,Business Management,ACTIVE,OPEN,50000.0,4,MONTHS,2,133,14,6,1,7,0,46.43,28,5,0,29,4,7,3,2,2,3,2,2,2,56.32,56.71,55.93,2,0,0,0,59.38,PENDING,0,0,0.0,1,0,0,0,0,0,0,0,0,0,39,Medium
765,student0765@student.hitech.lk,INACTIVE,STUDENT,9,DM-SEO-101,ARCHIVED,Software Engineering,REMOVED,OPEN,30000.0,12,WEEKS,2,77,9,7,0,2,0,77.78,13,2,0,5,10,13,4,6,3,5,3,2,1,51.47,51.47,51.47,1,0,1,1,52.86,SUCCESS,1,0,30000.0,2,0,0,0,0,0,0,0,0,0,25,Average
562,student0562@student.hitech.lk,ACTIVE,STUDENT,6,CY-SEC-110,ACTIVE,Information Technology,ACTIVE,OPEN,50000.0,16,WEEKS,1,82,12,8,0,4,0,66.67,20,9,0,15,14,17,4,8,5,5,4,4,4,70.0,78.46,65.25,4,0,0,0,67.47,SUCCESS,2,0,50000.0,1,1,1,1,1,0,0,0,0,0,7,Average
388,student0388@student.hitech.lk,ACTIVE,STUDENT,12,GD-UIUX-101,ACTIVE,Business Management,ACTIVE,ADMIN_ONLY,45000.0,8,WEEKS,1,113,12,11,1,0,0,95.83,12,2,0,6,8,14,4,5,5,3,3,3,3,73.22,79.58,69.66,3,0,0,0,72.28,SUCCESS,2,0,45000.0,1,0,0,0,0,0,0,1,1,0,6,Average
812,student0812@student.hitech.lk,ACTIVE,STUDENT,8,BM-MGMT-201,ACTIVE,Graphic Design,COMPLETED,ADMIN_ONLY,50000.0,3,WEEKS,2,184,7,7,0,0,0,100.0,7,6,0,10,3,13,7,5,1,1,1,1,1,91.15,91.15,91.15,1,0,0,0,88.54,SUCCESS,1,0,50000.0,1,0,0,0,0,0,0,1,1,0,7,Good
601,student0601@student.hitech.lk,INACTIVE,STUDENT,9,DM-SEO-101,ARCHIVED,Software Engineering,COMPLETED,OPEN,30000.0,12,WEEKS,2,140,13,9,1,3,0,73.08,13,2,0,5,10,13,4,6,3,5,5,5,5,77.33,83.06,70.83,5,0,0,0,75.07,SUCCESS,1,0,30000.0,1,0,0,0,0,0,0,0,0,0,21,Good
505,student0505@student.hitech.lk,ACTIVE,STUDENT,3,SE-DB-130,ACTIVE,Cybersecurity,ACTIVE,OPEN,50000.0,4,MONTHS,1,24,3,0,2,1,0,33.33,26,8,2,32,2,9,3,4,2,4,3,3,3,64.81,72.76,52.86,3,0,0,2,63.12,FAILED,0,1,0.0,1,0,0,0,0,0,0,1,1,0,25,Medium
494,student0494@student.hitech.lk,PENDING_VERIFICATION,STUDENT,11,CC-AWS-101,ACTIVE,Cybersecurity,ACTIVE,ADMIN_ONLY,40000.0,12,WEEKS,1,68,4,3,0,0,1,93.75,4,14,0,4,14,7,2,3,2,4,4,4,3,93.89,99.66,84.58,3,0,1,0,95.38,SUCCESS,1,0,40000.0,2,0,0,0,0,0,0,0,0,0,16,Good
472,student0472@student.hitech.lk,ACTIVE,STUDENT,12,GD-UIUX-101,ACTIVE,Business Management,ACTIVE,ADMIN_ONLY,45000.0,8,WEEKS,1,110,12,11,0,1,0,91.67,12,2,0,6,8,14,4,5,5,3,3,3,3,79.93,84.09,77.48,3,0,0,0,84.6,SUCCESS,1,0,45000.0,1,1,0,0,0,0,1,0,0,0,5,Good
441,student0441@student.hitech.lk,ACTIVE,STUDENT,6,CY-SEC-110,ACTIVE,Information Technology,ACTIVE,OPEN,50000.0,16,WEEKS,1,43,6,5,0,1,0,83.33,20,9,0,15,14,17,4,8,5,5,4,3,2,93.83,94.54,93.11,2,0,1,0,95.18,SUCCESS,1,0,50000.0,1,0,0,0,0,0,0,1,0,1,7,Good
445,student0445@student.hitech.lk,ACTIVE,STUDENT,10,IT-NET-100,ARCHIVED,Data Science,ACTIVE,OPEN,35000.0,8,WEEKS,1,50,8,0,3,5,0,18.75,26,8,0,16,18,14,5,7,2,1,1,1,0,0.0,0.0,0.0,0,0,1,0,0.0,FAILED,0,1,0.0,0,2,0,0,0,1,1,1,1,0,27,Medium
634,student0634@student.hitech.lk,ACTIVE,STUDENT,12,GD-UIUX-101,ACTIVE,Business Management,ACTIVE,ADMIN_ONLY,45000.0,8,WEEKS,1,93,12,9,2,1,0,83.33,12,2,0,6,8,14,4,5,5,3,3,3,3,74.38,79.2,68.45,3,0,0,2,76.63,SUCCESS,1,2,45000.0,1,0,0,0,0,0,0,1,1,0,6,Average
137,student0137@student.hitech.lk,PENDING_VERIFICATION,STUDENT,5,DS-ML-210,ACTIVE,Digital Marketing,COMPLETED,OPEN,45000.0,10,WEEKS,2,134,8,4,1,3,0,56.25,8,9,1,16,1,5,2,3,0,5,3,2,2,71.86,80.45,63.28,2,0,0,0,73.29,SUCCESS,1,0,45000.0,1,1,0,0,0,0,1,2,1,1,15,Average
305,student0305@student.hitech.lk,INACTIVE,STUDENT,4,DS-PY-101,ACTIVE,Business Management,ACTIVE,OPEN,50000.0,4,MONTHS,2,131,19,17,0,2,0,89.47,28,5,0,29,4,7,3,2,2,3,3,3,3,77.35,79.97,73.99,3,0,0,0,78.58,SUCCESS,1,0,50000.0,1,0,0,0,0,0,0,0,0,0,32,Good
79,student0079@student.hitech.lk,ACTIVE,STUDENT,3,SE-DB-130,ACTIVE,Cybersecurity,ACTIVE,OPEN,50000.0,4,MONTHS,1,49,7,5,1,0,1,89.29,26,8,2,32,2,9,3,4,2,4,4,4,4,81.83,83.51,77.06,4,0,0,0,84.31,SUCCESS,1,0,50000.0,1,0,0,0,0,0,0,1,1,0,7,Good
413,student0413@student.hitech.lk,ACTIVE,STUDENT,5,DS-ML-210,ACTIVE,Digital Marketing,ACTIVE,OPEN,45000.0,10,WEEKS,2,38,7,6,0,1,0,85.71,8,9,1,16,1,5,2,3,0,5,4,4,4,79.4,86.51,73.75,4,0,0,1,75.59,SUCCESS,1,0,45000.0,1,0,0,0,0,0,0,1,1,0,13,Average
97,student0097@student.hitech.lk,ACTIVE,STUDENT,6,CY-SEC-110,ACTIVE,Information Technology,ACTIVE,OPEN,50000.0,16,WEEKS,1,72,8,7,1,0,0,93.75,20,9,0,15,14,17,4,8,5,5,5,5,5,90.4,100.0,77.99,5,0,0,0,86.87,SUCCESS,1,0,50000.0,1,0,0,0,0,0,0,1,1,0,0,Good
499,student0499@student.hitech.lk,ACTIVE,STUDENT,3,SE-DB-130,ACTIVE,Cybersecurity,REMOVED,OPEN,50000.0,4,MONTHS,1,20,3,1,0,0,2,83.33,26,8,2,32,2,9,3,4,2,4,0,0,0,0.0,0.0,0.0,0,0,0,0,0.0,PENDING,0,1,0.0,1,1,1,0,0,0,1,0,0,0,85,Low
401,student0401@student.hitech.lk,ACTIVE,STUDENT,2,SE-WEB-120,DRAFT,Data Science,COMPLETED,ADMIN_ONLY,25000.0,16,WEEKS,3,246,1,1,0,0,0,100.0,28,10,0,16,22,9,5,4,0,1,1,1,1,100.0,100.0,100.0,1,0,0,0,98.46,PENDING,0,1,0.0,1,0,0,0,0,0,0,0,0,0,3,Good
176,student0176@student.hitech.lk,ACTIVE,STUDENT,10,IT-NET-100,ARCHIVED,Data Science,ACTIVE,OPEN,35000.0,8,WEEKS,1,20,2,1,1,0,0,75.0,26,8,0,16,18,14,5,7,2,1,1,1,1,66.55,66.55,66.55,1,0,0,0,71.7,SUCCESS,1,0,35000.0,1,0,0,0,0,0,0,0,0,0,10,Average
786,student0786@student.hitech.lk,INACTIVE,STUDENT,6,CY-SEC-110,ACTIVE,Information Technology,REMOVED,OPEN,50000.0,16,WEEKS,1,56,10,6,1,3,0,65.0,20,9,0,15,14,17,4,8,5,5,4,4,4,59.42,69.64,47.9,3,1,0,0,57.77,PENDING,0,1,0.0,1,2,1,0,1,0,1,0,0,0,17,Average
170,student0170@student.hitech.lk,PENDING_VERIFICATION,STUDENT,9,DM-SEO-101,ARCHIVED,Software Engineering,ACTIVE,OPEN,30000.0,12,WEEKS,2,46,7,3,2,2,0,57.14,13,2,0,5,10,13,4,6,3,5,3,3,3,64.49,68.42,59.34,3,0,0,0,67.69,PENDING,0,0,0.0,1,0,0,0,0,0,0,0,0,0,24,Average
381,student0381@student.hitech.lk,ACTIVE,STUDENT,3,SE-DB-130,ACTIVE,Cybersecurity,REMOVED,OPEN,50000.0,4,MONTHS,1,33,3,2,0,1,0,66.67,26,8,2,32,2,9,3,4,2,4,3,3,3,67.07,73.11,61.69,3,0,0,2,66.33,SUCCESS,1,0,50000.0,1,0,0,0,0,0,0,3,2,1,18,Average
516,student0516@student.hitech.lk,ACTIVE,STUDENT,7,BM-COMM-110,ACTIVE,Cloud Computing,COMPLETED,OPEN,35000.0,3,WEEKS,1,114,13,9,1,3,0,73.08,13,3,3,7,9,11,3,5,3,1,1,1,1,58.29,58.29,58.29,1,0,0,3,61.36,FAILED,0,2,0.0,1,1,1,0,1,0,0,1,1,0,23,Medium
316,student0316@student.hitech.lk,INACTIVE,STUDENT,2,SE-WEB-120,DRAFT,Data Science,REMOVED,ADMIN_ONLY,25000.0,16,WEEKS,3,31,3,0,2,1,0,33.33,28,10,0,16,22,9,5,4,0,1,1,1,1,40.87,40.87,40.87,0,1,0,1,40.92,FAILED,0,1,0.0,0,0,0,0,0,0,0,1,1,0,33,Medium
572,student0572@student.hitech.lk,ACTIVE,STUDENT,1,SE-JAVA-101,ACTIVE,Software Engineering,ACTIVE,OPEN,40000.0,3,WEEKS,2,95,15,6,2,7,0,46.67,15,10,1,14,11,12,4,7,1,4,2,2,2,48.19,55.57,40.8,1,1,0,2,43.58,PENDING,0,1,0.0,1,0,0,0,0,0,0,0,0,0,22,Medium
682,student0682@student.hitech.lk,ACTIVE,STUDENT,5,DS-ML-210,ACTIVE,Digital Marketing,ACTIVE,OPEN,45000.0,10,WEEKS,2,35,4,3,0,1,0,75.0,8,9,1,16,1,5,2,3,0,5,3,3,3,71.79,79.86,66.87,3,0,0,0,68.54,SUCCESS,3,0,45000.0,1,0,0,0,0,0,0,1,1,0,4,Average
332,student0332@student.hitech.lk,ACTIVE,STUDENT,3,SE-DB-130,ACTIVE,Cybersecurity,ACTIVE,OPEN,50000.0,4,MONTHS,1,76,14,11,1,2,0,82.14,26,8,2,32,2,9,3,4,2,4,4,4,4,98.34,100.0,94.27,4,0,0,0,100.0,SUCCESS,1,0,50000.0,1,1,1,0,0,1,0,1,1,0,7,Good
712,student0712@student.hitech.lk,ACTIVE,STUDENT,10,IT-NET-100,ARCHIVED,Data Science,ACTIVE,OPEN,35000.0,8,WEEKS,1,50,7,7,0,0,0,100.0,26,8,0,16,18,14,5,7,2,1,1,1,1,82.74,82.74,82.74,1,0,0,0,87.99,SUCCESS,1,0,35000.0,1,0,0,0,0,0,0,0,0,0,0,Good
667,student0667@student.hitech.lk,ACTIVE,STUDENT,8,BM-MGMT-201,ACTIVE,Graphic Design,ACTIVE,ADMIN_ONLY,50000.0,3,WEEKS,2,43,7,0,2,4,1,25.0,7,6,0,10,3,13,7,5,1,1,0,0,0,0.0,0.0,0.0,0,0,0,0,0.0,SUCCESS,1,0,50000.0,1,1,0,0,0,0,1,3,0,3,51,Low
560,student0560@student.hitech.lk,ACTIVE,STUDENT,5,DS-ML-210,ACTIVE,Digital Marketing,ACTIVE,OPEN,45000.0,10,WEEKS,2,44,6,3,1,2,0,58.33,8,9,1,16,1,5,2,3,0,5,4,4,4,63.36,79.67,52.82,4,0,0,1,63.35,PENDING,0,0,0.0,1,1,0,0,1,0,0,1,1,0,3,Average
695,student0695@student.hitech.lk,ACTIVE,STUDENT,8,BM-MGMT-201,ACTIVE,Graphic Design,ACTIVE,ADMIN_ONLY,50000.0,3,WEEKS,2,32,3,1,1,0,1,75.0,7,6,0,10,3,13,7,5,1,1,1,1,1,64.25,64.25,64.25,1,0,0,0,64.75,SUCCESS,1,0,50000.0,1,1,0,0,0,0,1,0,0,0,13,Average
75,student0075@student.hitech.lk,ACTIVE,STUDENT,8,BM-MGMT-201,ACTIVE,Graphic Design,ACTIVE,ADMIN_ONLY,50000.0,3,WEEKS,2,91,7,5,1,1,0,78.57,7,6,0,10,3,13,7,5,1,1,1,1,0,0.0,0.0,0.0,0,0,1,1,0.0,SUCCESS,1,0,50000.0,1,1,1,0,1,0,0,0,0,0,3,Average
315,student0315@student.hitech.lk,ACTIVE,STUDENT,2,SE-WEB-120,DRAFT,Data Science,REMOVED,ADMIN_ONLY,25000.0,16,WEEKS,3,38,0,0,0,0,0,0.0,28,10,0,16,22,9,5,4,0,1,0,0,0,0.0,0.0,0.0,0,0,0,0,0.0,SUCCESS,1,1,25000.0,1,2,1,1,2,0,0,1,0,1,44,Low
820,student0820@student.hitech.lk,ACTIVE,STUDENT,8,BM-MGMT-201,ACTIVE,Graphic Design,ACTIVE,ADMIN_ONLY,50000.0,3,WEEKS,2,125,7,2,1,4,0,35.71,7,6,0,10,3,13,7,5,1,1,1,0,0,0.0,0.0,0.0,0,0,0,2,0.0,FAILED,0,1,0.0,0,1,1,0,1,0,0,2,2,0,10,Medium
158,student0158@student.hitech.lk,INACTIVE,STUDENT,9,DM-SEO-101,ARCHIVED,Software Engineering,ACTIVE,OPEN,30000.0,12,WEEKS,2,87,13,5,1,7,0,42.31,13,2,0,5,10,13,4,6,3,5,3,3,3,47.88,63.2,39.61,1,2,0,1,50.46,SUCCESS,1,0,30000.0,1,0,0,0,0,0,0,1,1,0,51,Medium
627,student0627@student.hitech.lk,ACTIVE,STUDENT,8,BM-MGMT-201,ACTIVE,Graphic Design,ACTIVE,ADMIN_ONLY,50000.0,3,WEEKS,2,49,5,0,3,2,0,30.0,7,6,0,10,3,13,7,5,1,1,0,0,0,0.0,0.0,0.0,0,0,0,0,0.0,PENDING,0,1,0.0,1,0,0,0,0,0,0,0,0,0,30,Medium
384,student0384@student.hitech.lk,PENDING_VERIFICATION,STUDENT,5,DS-ML-210,ACTIVE,Digital Marketing,COMPLETED,OPEN,45000.0,10,WEEKS,2,243,8,2,1,5,0,31.25,8,9,1,16,1,5,2,3,0,5,0,0,0,0.0,0.0,0.0,0,0,0,0,0.0,FAILED,0,1,0.0,0,1,1,0,1,0,0,1,0,1,60,Low
191,student0191@student.hitech.lk,ACTIVE,STUDENT,6,CY-SEC-110,ACTIVE,Information Technology,ACTIVE,OPEN,50000.0,16,WEEKS,1,38,4,3,0,1,0,75.0,20,9,0,15,14,17,4,8,5,5,3,2,2,59.32,73.33,45.31,1,1,0,2,63.39,PENDING,0,0,0.0,1,4,1,0,1,3,0,0,0,0,28,Medium
766,student0766@student.hitech.lk,INACTIVE,STUDENT,2,SE-WEB-120,DRAFT,Data Science,COMPLETED,ADMIN_ONLY,25000.0,16,WEEKS,3,122,3,1,0,2,0,33.33,28,10,0,16,22,9,5,4,0,1,1,1,1,12.99,12.99,12.99,0,1,0,1,4.81,SUCCESS,1,1,25000.0,2,0,0,0,0,0,0,1,1,0,57,Medium
200,student0200@student.hitech.lk,ACTIVE,STUDENT,4,DS-PY-101,ACTIVE,Business Management,ACTIVE,OPEN,50000.0,4,MONTHS,2,25,3,0,2,0,1,58.33,28,5,0,29,4,7,3,2,2,3,2,2,2,70.54,78.4,62.68,2,0,0,0,66.15,SUCCESS,2,0,50000.0,1,2,0,0,1,0,1,0,0,0,16,Average
106,student0106@student.hitech.lk,ACTIVE,STUDENT,4,DS-PY-101,ACTIVE,Business Management,ACTIVE,OPEN,50000.0,4,MONTHS,2,169,23,10,2,11,0,47.83,28,5,0,29,4,7,3,2,2,3,1,1,1,63.38,63.38,63.38,1,0,0,1,61.24,SUCCESS,1,0,50000.0,1,0,0,0,0,0,0,1,1,0,33,Medium
551,student0551@student.hitech.lk,ACTIVE,STUDENT,2,SE-WEB-120,DRAFT,Data Science,ACTIVE,ADMIN_ONLY,25000.0,16,WEEKS,3,119,2,1,0,0,1,87.5,28,10,0,16,22,9,5,4,0,1,0,0,0,0.0,0.0,0.0,0,0,0,0,0.0,SUCCESS,1,0,25000.0,1,1,1,0,1,0,0,0,0,0,51,Low
828,student0828@student.hitech.lk,ACTIVE,STUDENT,1,SE-JAVA-101,ACTIVE,Software Engineering,ACTIVE,OPEN,40000.0,3,WEEKS,2,81,9,0,2,7,0,11.11,15,10,1,14,11,12,4,7,1,4,2,1,1,40.87,40.87,40.87,0,1,0,2,42.67,PENDING,0,0,0.0,1,1,1,1,1,0,0,1,0,1,28,Low
312,student0312@student.hitech.lk,INACTIVE,STUDENT,12,GD-UIUX-101,ACTIVE,Business Management,ACTIVE,ADMIN_ONLY,45000.0,8,WEEKS,1,29,5,0,3,2,0,30.0,12,2,0,6,8,14,4,5,5,3,2,2,2,77.86,92.43,63.29,2,0,0,0,76.52,PENDING,0,0,0.0,1,0,0,0,0,0,0,0,0,0,22,Average
417,student0417@student.hitech.lk,PENDING_VERIFICATION,STUDENT,11,CC-AWS-101,ACTIVE,Cybersecurity,REMOVED,ADMIN_ONLY,40000.0,12,WEEKS,1,38,4,0,2,1,1,43.75,4,14,0,4,14,7,2,3,2,4,0,0,0,0.0,0.0,0.0,0,0,0,0,0.0,PENDING,0,0,0.0,1,1,1,0,0,1,0,0,0,0,42,Low
498,student0498@student.hitech.lk,ACTIVE,STUDENT,12,GD-UIUX-101,ACTIVE,Business Management,ACTIVE,ADMIN_ONLY,45000.0,8,WEEKS,1,58,6,4,0,0,2,91.67,12,2,0,6,8,14,4,5,5,3,0,0,0,0.0,0.0,0.0,0,0,0,0,0.0,PENDING,0,0,0.0,1,1,1,0,0,1,0,0,0,0,71,Low
600,student0600@student.hitech.lk,ACTIVE,STUDENT,12,GD-UIUX-101,ACTIVE,Business Management,REMOVED,ADMIN_ONLY,45000.0,8,WEEKS,1,24,2,0,1,0,1,62.5,12,2,0,6,8,14,4,5,5,3,1,1,1,25.8,25.8,25.8,0,1,0,2,21.84,FAILED,0,1,0.0,1,0,0,0,0,0,0,2,0,2,35,Low
391,student0391@student.hitech.lk,ACTIVE,STUDENT,1,SE-JAVA-101,ACTIVE,Software Engineering,ACTIVE,OPEN,40000.0,3,WEEKS,2,112,13,6,2,4,1,59.62,15,10,1,14,11,12,4,7,1,4,3,3,3,66.42,77.97,60.59,3,0,0,0,69.97,SUCCESS,2,0,40000.0,1,0,0,0,0,0,0,1,0,1,13,Average
825,student0825@student.hitech.lk,ACTIVE,STUDENT,1,SE-JAVA-101,ACTIVE,Software Engineering,ACTIVE,OPEN,40000.0,3,WEEKS,2,72,11,6,1,3,1,65.91,15,10,1,14,11,12,4,7,1,4,2,2,2,51.92,52.34,51.5,2,0,0,2,58.1,PENDING,0,0,0.0,1,1,0,0,1,0,0,1,1,0,24,Medium
588,student0588@student.hitech.lk,ACTIVE,STUDENT,9,DM-SEO-101,ARCHIVED,Software Engineering,ACTIVE,OPEN,30000.0,12,WEEKS,2,75,10,9,1,0,0,95.0,13,2,0,5,10,13,4,6,3,5,5,5,5,80.2,88.34,70.24,5,0,0,0,79.46,PENDING,0,0,0.0,1,1,0,0,0,0,1,1,1,0,3,Good
462,student0462@student.hitech.lk,ACTIVE,STUDENT,10,IT-NET-100,ARCHIVED,Data Science,ACTIVE,OPEN,35000.0,8,WEEKS,1,110,16,12,0,4,0,75.0,26,8,0,16,18,14,5,7,2,1,1,1,1,43.46,43.46,43.46,0,1,0,0,56.26,SUCCESS,1,0,35000.0,1,0,0,0,0,0,0,0,0,0,31,Medium
331,student0331@student.hitech.lk,ACTIVE,STUDENT,4,DS-PY-101,ACTIVE,Business Management,COMPLETED,OPEN,50000.0,4,MONTHS,2,222,28,12,1,14,1,47.32,28,5,0,29,4,7,3,2,2,3,1,1,1,58.16,58.16,58.16,1,0,0,0,58.05,SUCCESS,1,0,50000.0,1,3,1,0,1,1,1,1,1,0,28,Medium
416,student0416@student.hitech.lk,PENDING_VERIFICATION,STUDENT,3,SE-DB-130,ACTIVE,Cybersecurity,REMOVED,OPEN,50000.0,4,MONTHS,1,48,7,0,2,5,0,14.29,26,8,2,32,2,9,3,4,2,4,0,0,0,0.0,0.0,0.0,0,0,0,0,0.0,PENDING,0,1,0.0,1,1,1,0,0,1,0,1,0,1,95,Low
250,student0250@student.hitech.lk,INACTIVE,STUDENT,10,IT-NET-100,ARCHIVED,Data Science,ACTIVE,OPEN,35000.0,8,WEEKS,1,204,26,12,3,10,1,54.81,26,8,0,16,18,14,5,7,2,1,1,1,1,43.41,43.41,43.41,0,1,0,4,55.39,SUCCESS,2,0,35000.0,1,0,0,0,0,0,0,1,1,0,51,Medium
279,student0279@student.hitech.lk,ACTIVE,STUDENT,11,CC-AWS-101,ACTIVE,Cybersecurity,COMPLETED,ADMIN_ONLY,40000.0,12,WEEKS,1,139,4,1,3,0,0,62.5,4,14,0,4,14,7,2,3,2,4,4,4,4,82.61,90.27,72.45,4,0,0,0,83.8,SUCCESS,1,0,40000.0,1,0,0,0,0,0,0,0,0,0,1,Good
56,student0056@student.hitech.lk,ACTIVE,STUDENT,2,SE-WEB-120,DRAFT,Data Science,ACTIVE,ADMIN_ONLY,25000.0,16,WEEKS,3,180,3,1,2,0,0,66.67,28,10,0,16,22,9,5,4,0,1,1,1,1,73.65,73.65,73.65,1,0,0,1,72.07,SUCCESS,1,0,25000.0,1,0,0,0,0,0,0,0,0,0,6,Good
195,student0195@student.hitech.lk,ACTIVE,STUDENT,7,BM-COMM-110,ACTIVE,Cloud Computing,COMPLETED,OPEN,35000.0,3,WEEKS,1,203,13,9,1,2,1,78.85,13,3,3,7,9,11,3,5,3,1,1,1,1,68.48,68.48,68.48,1,0,0,0,63.88,SUCCESS,2,0,35000.0,2,2,1,0,1,1,0,0,0,0,5,Average
525,student0525@student.hitech.lk,ACTIVE,STUDENT,12,GD-UIUX-101,ACTIVE,Business Management,COMPLETED,ADMIN_ONLY,45000.0,8,WEEKS,1,228,12,8,0,4,0,66.67,12,2,0,6,8,14,4,5,5,3,2,2,2,63.53,66.98,60.08,2,0,0,0,59.71,SUCCESS,1,0,45000.0,1,0,0,0,0,0,0,1,1,0,3,Average
830,student0830@student.hitech.lk,ACTIVE,STUDENT,3,SE-DB-130,ACTIVE,Cybersecurity,ACTIVE,OPEN,50000.0,4,MONTHS,1,174,23,17,1,5,0,76.09,26,8,2,32,2,9,3,4,2,4,3,3,3,69.77,78.14,65.45,3,0,0,4,72.94,SUCCESS,1,0,50000.0,1,0,0,0,0,0,0,2,2,0,12,Average
250,student0250@student.hitech.lk,ACTIVE,STUDENT,6,CY-SEC-110,ACTIVE,Information Technology,REMOVED,OPEN,50000.0,16,WEEKS,1,13,2,0,2,0,0,50.0,20,9,0,15,14,17,4,8,5,5,1,1,1,44.93,44.93,44.93,0,1,0,4,39.12,PENDING,0,0,0.0,1,3,2,0,1,2,0,0,0,0,43,Low
502,student0502@student.hitech.lk,ACTIVE,STUDENT,9,DM-SEO-101,ARCHIVED,Software Engineering,ACTIVE,OPEN,30000.0,12,WEEKS,2,71,11,10,1,0,0,95.45,13,2,0,5,10,13,4,6,3,5,5,5,4,90.83,96.19,85.71,4,0,1,1,93.96,SUCCESS,2,2,30000.0,1,1,0,0,0,1,0,0,0,0,7,Good
412,student0412@student.hitech.lk,ACTIVE,STUDENT,4,DS-PY-101,ACTIVE,Business Management,ACTIVE,OPEN,50000.0,4,MONTHS,2,69,8,8,0,0,0,100.0,28,5,0,29,4,7,3,2,2,3,3,3,2,100.0,100.0,100.0,2,0,1,0,96.54,SUCCESS,1,0,50000.0,1,0,0,0,0,0,0,0,0,0,7,Good
694,student0694@student.hitech.lk,ACTIVE,STUDENT,2,SE-WEB-120,DRAFT,Data Science,COMPLETED,ADMIN_ONLY,25000.0,16,WEEKS,3,89,0,0,0,0,0,0.0,28,10,0,16,22,9,5,4,0,1,0,0,0,0.0,0.0,0.0,0,0,0,0,0.0,SUCCESS,1,0,25000.0,1,1,1,0,1,0,0,0,0,0,13,Medium
139,student0139@student.hitech.lk,ACTIVE,STUDENT,5,DS-ML-210,ACTIVE,Digital Marketing,ACTIVE,OPEN,45000.0,10,WEEKS,2,130,8,7,0,0,1,96.88,8,9,1,16,1,5,2,3,0,5,5,5,5,92.59,97.07,87.42,5,0,0,0,91.3,SUCCESS,1,0,45000.0,1,2,1,0,1,0,1,0,0,0,0,Good
251,student0251@student.hitech.lk,ACTIVE,STUDENT,3,SE-DB-130,ACTIVE,Cybersecurity,ACTIVE,OPEN,50000.0,4,MONTHS,1,86,9,3,3,2,1,58.33,26,8,2,32,2,9,3,4,2,4,1,1,1,65.11,65.11,65.11,1,0,0,0,76.4,SUCCESS,1,0,50000.0,1,0,0,0,0,0,0,2,2,0,12,Medium
409,student0409@student.hitech.lk,ACTIVE,STUDENT,4,DS-PY-101,ACTIVE,Business Management,ACTIVE,OPEN,50000.0,4,MONTHS,2,45,6,0,4,2,0,33.33,28,5,0,29,4,7,3,2,2,3,1,1,1,64.48,64.48,64.48,1,0,0,0,61.12,PENDING,0,0,0.0,1,1,1,0,0,0,1,0,0,0,29,Medium
829,student0829@student.hitech.lk,ACTIVE,STUDENT,7,BM-COMM-110,ACTIVE,Cloud Computing,ACTIVE,OPEN,35000.0,3,WEEKS,1,101,13,5,4,4,0,53.85,13,3,3,7,9,11,3,5,3,1,0,0,0,0.0,0.0,0.0,0,0,0,0,0.0,SUCCESS,1,0,35000.0,1,0,0,0,0,0,0,1,1,0,21,Medium
620,student0620@student.hitech.lk,ACTIVE,STUDENT,11,CC-AWS-101,ACTIVE,Cybersecurity,ACTIVE,ADMIN_ONLY,40000.0,12,WEEKS,1,105,4,1,3,0,0,62.5,4,14,0,4,14,7,2,3,2,4,4,4,4,87.82,91.07,83.07,4,0,0,0,87.36,SUCCESS,1,0,40000.0,2,0,0,0,0,0,0,0,0,0,4,Good
691,student0691@student.hitech.lk,ACTIVE,STUDENT,8,BM-MGMT-201,ACTIVE,Graphic Design,ACTIVE,ADMIN_ONLY,50000.0,3,WEEKS,2,135,7,2,3,2,0,50.0,7,6,0,10,3,13,7,5,1,1,0,0,0,0.0,0.0,0.0,0,0,0,0,0.0,FAILED,0,2,0.0,1,2,2,0,1,0,1,3,2,1,28,Medium
610,student0610@student.hitech.lk,ACTIVE,STUDENT,12,GD-UIUX-101,ACTIVE,Business Management,ACTIVE,ADMIN_ONLY,45000.0,8,WEEKS,1,13,1,0,1,0,0,50.0,12,2,0,6,8,14,4,5,5,3,2,2,2,59.78,62.71,56.85,2,0,0,1,57.96,FAILED,0,2,0.0,1,2,2,0,1,0,1,0,0,0,27,Medium
586,student0586@student.hitech.lk,ACTIVE,STUDENT,9,DM-SEO-101,ARCHIVED,Software Engineering,ACTIVE,OPEN,30000.0,12,WEEKS,2,54,7,5,2,0,0,85.71,13,2,0,5,10,13,4,6,3,5,4,4,4,90.26,98.02,86.81,4,0,0,0,92.42,SUCCESS,2,0,30000.0,1,0,0,0,0,0,0,0,0,0,6,Good
713,student0713@student.hitech.lk,PENDING_VERIFICATION,STUDENT,7,BM-COMM-110,ACTIVE,Cloud Computing,ACTIVE,OPEN,35000.0,3,WEEKS,1,86,11,8,0,3,0,72.73,13,3,3,7,9,11,3,5,3,1,0,0,0,0.0,0.0,0.0,0,0,0,0,0.0,FAILED,0,1,0.0,0,1,0,0,1,0,0,2,2,0,28,Medium
791,student0791@student.hitech.lk,ACTIVE,STUDENT,4,DS-PY-101,ACTIVE,Business Management,ACTIVE,OPEN,50000.0,4,MONTHS,2,95,14,4,2,6,2,46.43,28,5,0,29,4,7,3,2,2,3,0,0,0,0.0,0.0,0.0,0,0,0,0,0.0,FAILED,0,3,0.0,1,0,0,0,0,0,0,0,0,0,34,Low
318,student0318@student.hitech.lk,ACTIVE,STUDENT,11,CC-AWS-101,ACTIVE,Cybersecurity,ACTIVE,ADMIN_ONLY,40000.0,12,WEEKS,1,75,4,0,2,2,0,25.0,4,14,0,4,14,7,2,3,2,4,1,1,0,0.0,0.0,0.0,0,0,1,0,0.0,PENDING,0,0,0.0,1,0,0,0,0,0,0,0,0,0,22,Medium
499,student0499@student.hitech.lk,ACTIVE,STUDENT,5,DS-ML-210,ACTIVE,Digital Marketing,ACTIVE,OPEN,45000.0,10,WEEKS,2,96,8,3,2,3,0,50.0,8,9,1,16,1,5,2,3,0,5,4,3,3,78.66,84.88,70.11,3,0,0,2,82.41,SUCCESS,1,0,45000.0,1,1,0,0,0,1,0,0,0,0,15,Average
477,student0477@student.hitech.lk,ACTIVE,STUDENT,8,BM-MGMT-201,ACTIVE,Graphic Design,ACTIVE,ADMIN_ONLY,50000.0,3,WEEKS,2,108,7,3,2,2,0,57.14,7,6,0,10,3,13,7,5,1,1,1,1,1,56.91,56.91,56.91,1,0,0,1,57.33,SUCCESS,1,1,50000.0,2,0,0,0,0,0,0,1,1,0,6,Average
500,student0500@student.hitech.lk,ACTIVE,STUDENT,6,CY-SEC-110,ACTIVE,Information Technology,ACTIVE,OPEN,50000.0,16,WEEKS,1,216,20,13,1,6,0,67.5,20,9,0,15,14,17,4,8,5,5,3,3,3,77.16,79.8,73.64,3,0,0,0,73.42,SUCCESS,2,0,50000.0,1,1,0,0,1,0,0,2,1,1,8,Average
119,student0119@student.hitech.lk,ACTIVE,STUDENT,11,CC-AWS-101,ACTIVE,Cybersecurity,COMPLETED,ADMIN_ONLY,40000.0,12,WEEKS,1,102,4,3,1,0,0,87.5,4,14,0,4,14,7,2,3,2,4,3,3,3,79.31,79.97,78.14,3,0,0,0,68.95,SUCCESS,1,0,40000.0,1,1,0,0,0,1,0,3,3,0,7,Average
363,student0363@student.hitech.lk,ACTIVE,STUDENT,8,BM-MGMT-201,ACTIVE,Graphic Design,ACTIVE,ADMIN_ONLY,50000.0,3,WEEKS,2,50,7,2,2,3,0,42.86,7,6,0,10,3,13,7,5,1,1,0,0,0,0.0,0.0,0.0,0,0,0,0,0.0,PENDING,0,0,0.0,1,0,0,0,0,0,0,0,0,0,31,Medium
638,student0638@student.hitech.lk,ACTIVE,STUDENT,7,BM-COMM-110,ACTIVE,Cloud Computing,REMOVED,OPEN,35000.0,3,WEEKS,1,55,7,5,0,1,1,82.14,13,3,3,7,9,11,3,5,3,1,1,1,1,66.68,66.68,66.68,1,0,0,0,68.27,SUCCESS,1,0,35000.0,2,0,0,0,0,0,0,1,1,0,13,Average
682,student0682@student.hitech.lk,ACTIVE,STUDENT,8,BM-MGMT-201,ACTIVE,Graphic Design,COMPLETED,ADMIN_ONLY,50000.0,3,WEEKS,2,73,7,3,2,2,0,57.14,7,6,0,10,3,13,7,5,1,1,1,1,1,59.73,59.73,59.73,1,0,0,0,59.27,FAILED,0,1,0.0,0,0,0,0,0,0,0,1,1,0,13,Medium
789,student0789@student.hitech.lk,ACTIVE,STUDENT,8,BM-MGMT-201,ACTIVE,Graphic Design,ACTIVE,ADMIN_ONLY,50000.0,3,WEEKS,2,134,7,2,1,4,0,35.71,7,6,0,10,3,13,7,5,1,1,1,1,1,60.55,60.55,60.55,1,0,0,2,61.98,PENDING,0,0,0.0,1,0,0,0,0,0,0,0,0,0,37,Medium
316,student0316@student.hitech.lk,ACTIVE,STUDENT,12,GD-UIUX-101,ACTIVE,Business Management,ACTIVE,ADMIN_ONLY,45000.0,8,WEEKS,1,81,9,4,3,2,0,61.11,12,2,0,6,8,14,4,5,5,3,2,2,2,57.33,58.87,55.79,2,0,0,1,51.39,FAILED,0,2,0.0,1,2,0,0,2,0,0,1,0,1,40,Medium
633,student0633@student.hitech.lk,ACTIVE,STUDENT,4,DS-PY-101,ACTIVE,Business Management,COMPLETED,OPEN,50000.0,4,MONTHS,2,110,20,16,0,3,1,83.75,28,5,0,29,4,7,3,2,2,3,3,3,2,74.55,76.26,72.84,2,0,1,1,71.78,SUCCESS,1,0,50000.0,2,0,0,0,0,0,0,2,2,0,2,Good
185,student0185@student.hitech.lk,PENDING_VERIFICATION,STUDENT,8,BM-MGMT-201,ACTIVE,Graphic Design,ACTIVE,ADMIN_ONLY,50000.0,3,WEEKS,2,52,6,3,2,1,0,66.67,7,6,0,10,3,13,7,5,1,1,1,1,1,90.67,90.67,90.67,1,0,0,0,90.46,SUCCESS,2,1,50000.0,2,0,0,0,0,0,0,2,2,0,10,Good
86,student0086@student.hitech.lk,ACTIVE,STUDENT,9,DM-SEO-101,ARCHIVED,Software Engineering,REMOVED,OPEN,30000.0,12,WEEKS,2,107,13,10,2,1,0,84.62,13,2,0,5,10,13,4,6,3,5,5,5,4,94.33,100.0,91.33,4,0,1,1,98.96,SUCCESS,1,0,30000.0,1,0,0,0,0,0,0,0,0,0,1,Good
753,student0753@student.hitech.lk,INACTIVE,STUDENT,10,IT-NET-100,ARCHIVED,Data Science,REMOVED,OPEN,35000.0,8,WEEKS,1,30,5,2,1,2,0,50.0,26,8,0,16,18,14,5,7,2,1,0,0,0,0.0,0.0,0.0,0,0,0,0,0.0,PENDING,0,0,0.0,1,1,0,0,1,0,0,0,0,0,49,Medium
109,student0109@student.hitech.lk,ACTIVE,STUDENT,10,IT-NET-100,ARCHIVED,Data Science,REMOVED,OPEN,35000.0,8,WEEKS,1,14,2,0,1,1,0,25.0,26,8,0,16,18,14,5,7,2,1,0,0,0,0.0,0.0,0.0,0,0,0,0,0.0,PENDING,0,0,0.0,1,1,1,0,0,0,1,0,0,0,78,Low
565,student0565@student.hitech.lk,ACTIVE,STUDENT,12,GD-UIUX-101,ACTIVE,Business Management,ACTIVE,ADMIN_ONLY,45000.0,8,WEEKS,1,93,12,6,1,4,1,60.42,12,2,0,6,8,14,4,5,5,3,1,1,0,0.0,0.0,0.0,0,0,1,2,0.0,SUCCESS,2,1,45000.0,1,0,0,0,0,0,0,1,1,0,29,Medium
658,student0658@student.hitech.lk,PENDING_VERIFICATION,STUDENT,4,DS-PY-101,ACTIVE,Business Management,ACTIVE,OPEN,50000.0,4,MONTHS,2,118,16,3,1,10,2,31.25,28,5,0,29,4,7,3,2,2,3,0,0,0,0.0,0.0,0.0,0,0,0,0,0.0,SUCCESS,1,1,50000.0,1,2,1,2,0,1,1,0,0,0,50,Low
675,student0675@student.hitech.lk,INACTIVE,STUDENT,11,CC-AWS-101,ACTIVE,Cybersecurity,ACTIVE,ADMIN_ONLY,40000.0,12,WEEKS,1,216,4,0,2,2,0,25.0,4,14,0,4,14,7,2,3,2,4,3,3,3,64.5,74.44,57.68,3,0,0,0,65.63,SUCCESS,1,0,40000.0,2,0,0,0,0,0,0,1,0,1,29,Average
813,student0813@student.hitech.lk,ACTIVE,STUDENT,10,IT-NET-100,ARCHIVED,Data Science,ACTIVE,OPEN,35000.0,8,WEEKS,1,76,11,7,1,3,0,68.18,26,8,0,16,18,14,5,7,2,1,0,0,0,0.0,0.0,0.0,0,0,0,0,0.0,PENDING,0,1,0.0,1,2,0,0,1,1,0,0,0,0,37,Medium
744,student0744@student.hitech.lk,ACTIVE,STUDENT,6,CY-SEC-110,ACTIVE,Information Technology,ACTIVE,OPEN,50000.0,16,WEEKS,1,30,4,0,2,2,0,25.0,20,9,0,15,14,17,4,8,5,5,1,1,1,50.01,50.01,50.01,1,0,0,0,51.56,SUCCESS,1,0,50000.0,1,1,0,0,1,0,0,1,1,0,35,Medium
721,student0721@student.hitech.lk,ACTIVE,STUDENT,11,CC-AWS-101,ACTIVE,Cybersecurity,ACTIVE,ADMIN_ONLY,40000.0,12,WEEKS,1,53,4,0,1,2,1,31.25,4,14,0,4,14,7,2,3,2,4,0,0,0,0.0,0.0,0.0,0,0,0,0,0.0,SUCCESS,1,0,40000.0,1,2,0,0,0,1,1,0,0,0,60,Low
38,student0038@student.hitech.lk,ACTIVE,STUDENT,5,DS-ML-210,ACTIVE,Digital Marketing,REMOVED,OPEN,45000.0,10,WEEKS,2,81,8,1,2,4,1,34.38,8,9,1,16,1,5,2,3,0,5,2,2,1,41.66,41.66,41.66,0,1,1,3,39.7,FAILED,0,1,0.0,0,2,0,0,1,0,1,0,0,0,51,Low
673,student0673@student.hitech.lk,ACTIVE,STUDENT,5,DS-ML-210,ACTIVE,Digital Marketing,ACTIVE,OPEN,45000.0,10,WEEKS,2,72,8,5,2,1,0,75.0,8,9,1,16,1,5,2,3,0,5,5,4,4,76.43,89.07,69.19,4,0,0,0,82.03,PENDING,0,0,0.0,1,0,0,0,0,0,0,1,1,0,5,Good
448,student0448@student.hitech.lk,ACTIVE,STUDENT,5,DS-ML-210,ACTIVE,Digital Marketing,ACTIVE,OPEN,45000.0,10,WEEKS,2,38,6,3,0,3,0,50.0,8,9,1,16,1,5,2,3,0,5,3,3,3,44.03,58.07,36.93,1,2,0,2,39.56,SUCCESS,2,0,45000.0,1,1,0,0,0,0,1,3,2,1,28,Medium
47,student0047@student.hitech.lk,ACTIVE,STUDENT,2,SE-WEB-120,DRAFT,Data Science,COMPLETED,ADMIN_ONLY,25000.0,16,WEEKS,3,142,3,2,0,1,0,66.67,28,10,0,16,22,9,5,4,0,1,1,1,1,69.42,69.42,69.42,1,0,0,1,70.15,PENDING,0,1,0.0,1,2,0,0,2,0,0,0,0,0,13,Average
314,student0314@student.hitech.lk,ACTIVE,STUDENT,7,BM-COMM-110,ACTIVE,Cloud Computing,ACTIVE,OPEN,35000.0,3,WEEKS,1,35,6,3,2,1,0,66.67,13,3,3,7,9,11,3,5,3,1,1,1,0,0.0,0.0,0.0,0,0,1,0,0.0,PENDING,0,0,0.0,1,0,0,0,0,0,0,2,2,0,0,Good
220,student0220@student.hitech.lk,ACTIVE,STUDENT,9,DM-SEO-101,ARCHIVED,Software Engineering,ACTIVE,OPEN,30000.0,12,WEEKS,2,85,10,8,1,1,0,85.0,13,2,0,5,10,13,4,6,3,5,3,2,2,67.65,72.25,63.05,2,0,0,0,65.4,SUCCESS,1,0,30000.0,1,0,0,0,0,0,0,1,1,0,16,Average
732,student0732@student.hitech.lk,PENDING_VERIFICATION,STUDENT,6,CY-SEC-110,ACTIVE,Information Technology,ACTIVE,OPEN,50000.0,16,WEEKS,1,51,7,5,0,2,0,71.43,20,9,0,15,14,17,4,8,5,5,4,4,4,88.87,97.02,83.41,4,0,0,1,86.46,SUCCESS,1,0,50000.0,1,0,0,0,0,0,0,1,1,0,13,Good
834,student0834@student.hitech.lk,INACTIVE,STUDENT,11,CC-AWS-101,ACTIVE,Cybersecurity,REMOVED,ADMIN_ONLY,40000.0,12,WEEKS,1,32,4,0,2,0,2,62.5,4,14,0,4,14,7,2,3,2,4,2,2,2,29.26,32.74,25.77,0,2,0,4,30.69,FAILED,0,1,0.0,1,2,1,0,2,0,0,0,0,0,83,Low
630,student0630@student.hitech.lk,ACTIVE,STUDENT,9,DM-SEO-101,ARCHIVED,Software Engineering,COMPLETED,OPEN,30000.0,12,WEEKS,2,151,13,12,1,0,0,96.15,13,2,0,5,10,13,4,6,3,5,4,4,4,87.13,89.7,83.43,4,0,0,0,84.65,PENDING,0,0,0.0,1,0,0,0,0,0,0,0,0,0,2,Good
746,student0746@student.hitech.lk,ACTIVE,STUDENT,5,DS-ML-210,ACTIVE,Digital Marketing,COMPLETED,OPEN,45000.0,10,WEEKS,2,146,8,7,1,0,0,93.75,8,9,1,16,1,5,2,3,0,5,4,4,4,84.9,95.21,80.38,4,0,0,0,76.96,SUCCESS,1,0,45000.0,1,0,0,0,0,0,0,0,0,0,7,Good
49,student0049@student.hitech.lk,PENDING_VERIFICATION,STUDENT,11,CC-AWS-101,ACTIVE,Cybersecurity,ACTIVE,ADMIN_ONLY,40000.0,12,WEEKS,1,155,4,3,0,1,0,75.0,4,14,0,4,14,7,2,3,2,4,3,3,3,76.34,78.91,74.91,3,0,0,1,80.46,PENDING,0,0,0.0,1,3,1,0,0,2,1,0,0,0,24,Average
563,student0563@student.hitech.lk,ACTIVE,STUDENT,3,SE-DB-130,ACTIVE,Cybersecurity,ACTIVE,OPEN,50000.0,4,MONTHS,1,27,4,2,0,2,0,50.0,26,8,2,32,2,9,3,4,2,4,1,1,1,43.34,43.34,43.34,0,1,0,1,39.86,SUCCESS,1,0,50000.0,1,0,0,0,0,0,0,1,1,0,16,Medium
501,student0501@student.hitech.lk,ACTIVE,STUDENT,4,DS-PY-101,ACTIVE,Business Management,ACTIVE,OPEN,50000.0,4,MONTHS,2,21,2,1,0,1,0,50.0,28,5,0,29,4,7,3,2,2,3,2,2,2,60.2,69.39,51.01,2,0,0,0,66.21,SUCCESS,1,0,50000.0,1,1,1,0,0,1,0,0,0,0,18,Average
369,student0369@student.hitech.lk,ACTIVE,STUDENT,11,CC-AWS-101,ACTIVE,Cybersecurity,REMOVED,ADMIN_ONLY,40000.0,12,WEEKS,1,42,4,3,1,0,0,87.5,4,14,0,4,14,7,2,3,2,4,3,3,3,84.63,86.83,82.09,3,0,0,0,86.55,SUCCESS,1,0,40000.0,2,0,0,0,0,0,0,2,2,0,0,Good
507,student0507@student.hitech.lk,ACTIVE,STUDENT,8,BM-MGMT-201,ACTIVE,Graphic Design,ACTIVE,ADMIN_ONLY,50000.0,3,WEEKS,2,46,7,6,0,1,0,85.71,7,6,0,10,3,13,7,5,1,1,1,1,1,65.84,65.84,65.84,1,0,0,0,72.39,SUCCESS,2,0,50000.0,1,1,0,0,0,1,0,0,0,0,15,Average
471,student0471@student.hitech.lk,INACTIVE,STUDENT,3,SE-DB-130,ACTIVE,Cybersecurity,ACTIVE,OPEN,50000.0,4,MONTHS,1,51,5,2,1,2,0,50.0,26,8,2,32,2,9,3,4,2,4,2,2,2,44.24,54.68,33.79,1,1,0,0,43.95,SUCCESS,1,0,50000.0,1,1,0,0,1,0,0,1,0,1,29,Medium
571,student0571@student.hitech.lk,ACTIVE,STUDENT,9,DM-SEO-101,ARCHIVED,Software Engineering,COMPLETED,OPEN,30000.0,12,WEEKS,2,241,13,7,2,4,0,61.54,13,2,0,5,10,13,4,6,3,5,4,4,3,63.96,67.81,59.06,3,0,1,1,60.38,SUCCESS,1,0,30000.0,1,0,0,0,0,0,0,0,0,0,13,Average
241,student0241@student.hitech.lk,ACTIVE,STUDENT,12,GD-UIUX-101,ACTIVE,Business Management,ACTIVE,ADMIN_ONLY,45000.0,8,WEEKS,1,61,10,9,1,0,0,95.0,12,2,0,6,8,14,4,5,5,3,2,2,2,70.85,80.91,60.78,2,0,0,0,73.61,SUCCESS,1,0,45000.0,1,0,0,0,0,0,0,0,0,0,17,Average
553,student0553@student.hitech.lk,ACTIVE,STUDENT,7,BM-COMM-110,ACTIVE,Cloud Computing,COMPLETED,OPEN,35000.0,3,WEEKS,1,124,13,8,1,2,2,76.92,13,3,3,7,9,11,3,5,3,1,1,0,0,0.0,0.0,0.0,0,0,0,0,0.0,FAILED,0,1,0.0,1,0,0,0,0,0,0,2,2,0,13,Average
597,student0597@student.hitech.lk,ACTIVE,STUDENT,2,SE-WEB-120,DRAFT,Data Science,ACTIVE,ADMIN_ONLY,25000.0,16,WEEKS,3,118,1,1,0,0,0,100.0,28,10,0,16,22,9,5,4,0,1,1,1,1,67.9,67.9,67.9,1,0,0,0,65.05,PENDING,0,1,0.0,1,1,1,0,1,0,0,1,1,0,13,Average
702,student0702@student.hitech.lk,ACTIVE,STUDENT,7,BM-COMM-110,ACTIVE,Cloud Computing,ACTIVE,OPEN,35000.0,3,WEEKS,1,94,13,8,2,3,0,69.23,13,3,3,7,9,11,3,5,3,1,1,1,1,77.3,77.3,77.3,1,0,0,0,76.01,SUCCESS,1,2,35000.0,1,0,0,0,0,0,0,1,1,0,5,Good
780,student0780@student.hitech.lk,ACTIVE,STUDENT,12,GD-UIUX-101,ACTIVE,Business Management,COMPLETED,ADMIN_ONLY,45000.0,8,WEEKS,1,208,12,8,1,3,0,70.83,12,2,0,6,8,14,4,5,5,3,2,2,2,70.29,78.78,61.8,2,0,0,0,71.12,SUCCESS,1,1,45000.0,2,0,0,0,0,0,0,0,0,0,12,Average
833,student0833@student.hitech.lk,ACTIVE,STUDENT,2,SE-WEB-120,DRAFT,Data Science,ACTIVE,ADMIN_ONLY,25000.0,16,WEEKS,3,65,0,0,0,0,0,0.0,28,10,0,16,22,9,5,4,0,1,1,1,1,70.34,70.34,70.34,1,0,0,0,68.54,SUCCESS,1,0,25000.0,1,2,1,0,0,2,0,2,1,1,38,Medium
301,student0301@student.hitech.lk,ACTIVE,STUDENT,10,IT-NET-100,ARCHIVED,Data Science,COMPLETED,OPEN,35000.0,8,WEEKS,1,228,26,20,0,6,0,76.92,26,8,0,16,18,14,5,7,2,1,1,1,1,69.53,69.53,69.53,1,0,0,0,69.17,PENDING,0,0,0.0,1,1,0,0,1,0,0,2,1,1,3,Good
75,student0075@student.hitech.lk,ACTIVE,STUDENT,12,GD-UIUX-101,ACTIVE,Business Management,ACTIVE,ADMIN_ONLY,45000.0,8,WEEKS,1,70,8,2,2,2,2,56.25,12,2,0,6,8,14,4,5,5,3,0,0,0,0.0,0.0,0.0,0,0,0,0,0.0,FAILED,0,1,0.0,1,2,1,0,1,0,1,0,0,0,78,Low
644,student0644@student.hitech.lk,INACTIVE,STUDENT,8,BM-MGMT-201,ACTIVE,Graphic Design,ACTIVE,ADMIN_ONLY,50000.0,3,WEEKS,2,144,7,3,1,3,0,50.0,7,6,0,10,3,13,7,5,1,1,1,1,1,50.97,50.97,50.97,1,0,0,0,55.45,SUCCESS,1,0,50000.0,1,1,1,0,0,0,1,1,0,1,33,Medium
426,student0426@student.hitech.lk,ACTIVE,STUDENT,6,CY-SEC-110,ACTIVE,Information Technology,ACTIVE,OPEN,50000.0,16,WEEKS,1,193,20,8,4,8,0,50.0,20,9,0,15,14,17,4,8,5,5,3,2,2,58.89,60.69,57.08,2,0,0,0,60.31,SUCCESS,1,1,50000.0,1,1,0,0,1,0,0,0,0,0,25,Medium
476,student0476@student.hitech.lk,ACTIVE,STUDENT,2,SE-WEB-120,DRAFT,Data Science,ACTIVE,ADMIN_ONLY,25000.0,16,WEEKS,3,61,1,1,0,0,0,100.0,28,10,0,16,22,9,5,4,0,1,1,1,1,66.86,66.86,66.86,1,0,0,0,68.58,PENDING,0,0,0.0,1,0,0,0,0,0,0,2,1,1,11,Average
549,student0549@student.hitech.lk,ACTIVE,STUDENT,11,CC-AWS-101,ACTIVE,Cybersecurity,COMPLETED,ADMIN_ONLY,40000.0,12,WEEKS,1,88,4,3,0,1,0,75.0,4,14,0,4,14,7,2,3,2,4,4,4,4,90.04,96.42,71.74,4,0,0,0,87.56,SUCCESS,2,0,40000.0,1,0,0,0,0,0,0,0,0,0,6,Good
190,student0190@student.hitech.lk,ACTIVE,STUDENT,10,IT-NET-100,ARCHIVED,Data Science,COMPLETED,OPEN,35000.0,8,WEEKS,1,90,10,6,3,1,0,75.0,26,8,0,16,18,14,5,7,2,1,1,1,1,89.6,89.6,89.6,1,0,0,0,90.0,SUCCESS,1,1,35000.0,1,0,0,0,0,0,0,0,0,0,5,Good
381,student0381@student.hitech.lk,ACTIVE,STUDENT,10,IT-NET-100,ARCHIVED,Data Science,ACTIVE,OPEN,35000.0,8,WEEKS,1,129,14,7,2,4,1,62.5,26,8,0,16,18,14,5,7,2,1,1,1,1,86.92,86.92,86.92,1,0,0,0,85.16,SUCCESS,1,0,35000.0,1,0,0,0,0,0,0,1,1,0,4,Average
579,student0579@student.hitech.lk,ACTIVE,STUDENT,5,DS-ML-210,ACTIVE,Digital Marketing,COMPLETED,OPEN,45000.0,10,WEEKS,2,93,8,2,3,3,0,43.75,8,9,1,16,1,5,2,3,0,5,4,4,3,65.88,70.71,58.67,3,0,1,1,65.9,SUCCESS,1,0,45000.0,1,1,0,0,0,0,1,1,1,0,7,Average
730,student0730@student.hitech.lk,ACTIVE,STUDENT,11,CC-AWS-101,ACTIVE,Cybersecurity,COMPLETED,ADMIN_ONLY,40000.0,12,WEEKS,1,225,4,1,2,1,0,50.0,4,14,0,4,14,7,2,3,2,4,3,3,3,76.58,84.27,71.13,3,0,0,0,73.25,PENDING,0,0,0.0,1,0,0,0,0,0,0,0,0,0,5,Average
155,student0155@student.hitech.lk,ACTIVE,STUDENT,6,CY-SEC-110,ACTIVE,Information Technology,REMOVED,OPEN,50000.0,16,WEEKS,1,14,1,0,1,0,0,50.0,20,9,0,15,14,17,4,8,5,5,2,2,2,31.05,34.45,27.65,0,2,0,3,38.44,SUCCESS,2,0,50000.0,1,3,1,0,0,1,2,0,0,0,77,Low
624,student0624@student.hitech.lk,ACTIVE,STUDENT,10,IT-NET-100,ARCHIVED,Data Science,COMPLETED,OPEN,35000.0,8,WEEKS,1,228,26,25,0,1,0,96.15,26,8,0,16,18,14,5,7,2,1,1,1,1,95.77,95.77,95.77,1,0,0,0,100.0,SUCCESS,1,0,35000.0,1,0,0,0,0,0,0,1,1,0,0,Good
28,student0028@student.hitech.lk,ACTIVE,STUDENT,6,CY-SEC-110,ACTIVE,Information Technology,ACTIVE,OPEN,50000.0,16,WEEKS,1,10,1,1,0,0,0,100.0,20,9,0,15,14,17,4,8,5,5,5,5,5,90.42,98.43,80.02,5,0,0,0,96.63,SUCCESS,1,0,50000.0,1,0,0,0,0,0,0,0,0,0,6,Good
198,student0198@student.hitech.lk,INACTIVE,STUDENT,9,DM-SEO-101,ARCHIVED,Software Engineering,ACTIVE,OPEN,30000.0,12,WEEKS,2,78,11,10,0,1,0,90.91,13,2,0,5,10,13,4,6,3,5,5,5,5,71.46,76.26,67.79,5,0,0,0,72.02,SUCCESS,2,0,30000.0,1,0,0,0,0,0,0,2,1,1,15,Good
199,student0199@student.hitech.lk,ACTIVE,STUDENT,4,DS-PY-101,ACTIVE,Business Management,ACTIVE,OPEN,50000.0,4,MONTHS,2,149,16,8,3,4,1,64.06,28,5,0,29,4,7,3,2,2,3,2,2,2,53.04,55.56,50.52,2,0,0,1,64.43,PENDING,0,0,0.0,1,1,0,0,0,1,0,0,0,0,15,Medium
105,student0105@student.hitech.lk,ACTIVE,STUDENT,9,DM-SEO-101,ARCHIVED,Software Engineering,ACTIVE,OPEN,30000.0,12,WEEKS,2,13,1,0,0,1,0,0.0,13,2,0,5,10,13,4,6,3,5,1,1,1,39.17,39.17,39.17,0,1,0,1,40.14,FAILED,0,1,0.0,0,0,0,0,0,0,0,0,0,0,47,Low
765,student0765@student.hitech.lk,ACTIVE,STUDENT,5,DS-ML-210,ACTIVE,Digital Marketing,REMOVED,OPEN,45000.0,10,WEEKS,2,67,8,3,0,5,0,37.5,8,9,1,16,1,5,2,3,0,5,1,1,1,50.19,50.19,50.19,1,0,0,1,49.94,SUCCESS,2,0,45000.0,1,2,0,0,2,0,0,1,0,1,54,Low
542,student0542@student.hitech.lk,ACTIVE,STUDENT,4,DS-PY-101,ACTIVE,Business Management,ACTIVE,OPEN,50000.0,4,MONTHS,2,33,6,5,1,0,0,91.67,28,5,0,29,4,7,3,2,2,3,3,3,3,77.84,84.0,69.52,3,0,0,0,72.9,SUCCESS,2,0,50000.0,1,0,0,0,0,0,0,0,0,0,7,Good
416,student0416@student.hitech.lk,ACTIVE,STUDENT,7,BM-COMM-110,ACTIVE,Cloud Computing,COMPLETED,OPEN,35000.0,3,WEEKS,1,74,13,7,3,3,0,65.38,13,3,3,7,9,11,3,5,3,1,1,1,1,61.66,61.66,61.66,1,0,0,1,62.1,SUCCESS,1,0,35000.0,1,0,0,0,0,0,0,2,2,0,4,Average
344,student0344@student.hitech.lk,ACTIVE,STUDENT,6,CY-SEC-110,ACTIVE,Information Technology,COMPLETED,OPEN,50000.0,16,WEEKS,1,172,20,3,0,17,0,15.0,20,9,0,15,14,17,4,8,5,5,1,1,0,0.0,0.0,0.0,0,0,1,1,0.0,SUCCESS,1,0,50000.0,1,0,0,0,0,0,0,1,0,1,55,Low
744,student0744@student.hitech.lk,ACTIVE,STUDENT,12,GD-UIUX-101,ACTIVE,Business Management,ACTIVE,ADMIN_ONLY,45000.0,8,WEEKS,1,136,12,6,2,4,0,58.33,12,2,0,6,8,14,4,5,5,3,2,1,1,53.53,53.53,53.53,1,0,0,1,56.95,PENDING,0,0,0.0,1,1,0,0,0,0,1,1,1,0,30,Medium
80,student0080@student.hitech.lk,INACTIVE,STUDENT,2,SE-WEB-120,DRAFT,Data Science,ACTIVE,ADMIN_ONLY,25000.0,16,WEEKS,3,42,0,0,0,0,0,0.0,28,10,0,16,22,9,5,4,0,1,1,0,0,0.0,0.0,0.0,0,0,0,0,0.0,SUCCESS,1,0,25000.0,1,1,0,0,0,0,1,3,2,1,40,Average
141,student0141@student.hitech.lk,ACTIVE,STUDENT,11,CC-AWS-101,ACTIVE,Cybersecurity,COMPLETED,ADMIN_ONLY,40000.0,12,WEEKS,1,192,4,2,1,1,0,62.5,4,14,0,4,14,7,2,3,2,4,4,4,4,81.09,98.55,71.39,4,0,0,0,84.07,SUCCESS,1,0,40000.0,1,0,0,0,0,0,0,0,0,0,6,Good
65,student0065@student.hitech.lk,ACTIVE,STUDENT,5,DS-ML-210,ACTIVE,Digital Marketing,ACTIVE,OPEN,45000.0,10,WEEKS,2,140,8,6,0,1,1,84.38,8,9,1,16,1,5,2,3,0,5,4,4,4,52.68,60.61,48.56,3,1,0,1,50.05,SUCCESS,2,0,45000.0,1,1,0,0,1,0,0,1,1,0,29,Medium
184,student0184@student.hitech.lk,ACTIVE,STUDENT,7,BM-COMM-110,ACTIVE,Cloud Computing,ACTIVE,OPEN,35000.0,3,WEEKS,1,151,13,8,1,4,0,65.38,13,3,3,7,9,11,3,5,3,1,1,1,1,43.78,43.78,43.78,0,1,0,1,42.76,PENDING,0,0,0.0,1,1,0,0,0,1,0,0,0,0,32,Medium
353,student0353@student.hitech.lk,ACTIVE,STUDENT,1,SE-JAVA-101,ACTIVE,Software Engineering,COMPLETED,OPEN,40000.0,3,WEEKS,2,188,15,6,2,7,0,46.67,15,10,1,14,11,12,4,7,1,4,2,2,2,56.15,58.41,53.9,2,0,0,1,55.53,SUCCESS,1,0,40000.0,1,0,0,0,0,0,0,0,0,0,16,Medium
232,student0232@student.hitech.lk,PENDING_VERIFICATION,STUDENT,7,BM-COMM-110,ACTIVE,Cloud Computing,REMOVED,OPEN,35000.0,3,WEEKS,1,10,1,0,0,1,0,0.0,13,3,3,7,9,11,3,5,3,1,0,0,0,0.0,0.0,0.0,0,0,0,0,0.0,SUCCESS,2,0,35000.0,1,1,1,0,1,0,0,1,0,1,57,Low
225,student0225@student.hitech.lk,ACTIVE,STUDENT,4,DS-PY-101,ACTIVE,Business Management,COMPLETED,OPEN,50000.0,4,MONTHS,2,122,22,18,2,2,0,86.36,28,5,0,29,4,7,3,2,2,3,3,3,3,90.81,100.0,84.43,3,0,0,0,91.76,SUCCESS,2,0,50000.0,1,0,0,0,0,0,0,2,2,0,2,Good
165,student0165@student.hitech.lk,ACTIVE,STUDENT,4,DS-PY-101,ACTIVE,Business Management,COMPLETED,OPEN,50000.0,4,MONTHS,2,112,22,17,0,5,0,77.27,28,5,0,29,4,7,3,2,2,3,3,3,3,86.47,88.45,84.31,3,0,0,0,90.59,SUCCESS,2,1,50000.0,1,0,0,0,0,0,0,1,1,0,7,Good
738,student0738@student.hitech.lk,ACTIVE,STUDENT,4,DS-PY-101,ACTIVE,Business Management,COMPLETED,OPEN,50000.0,4,MONTHS,2,238,28,18,0,10,0,64.29,28,5,0,29,4,7,3,2,2,3,2,2,2,80.76,80.96,80.56,2,0,0,0,79.32,SUCCESS,2,1,50000.0,1,1,0,0,1,0,0,2,2,0,4,Average
325,student0325@student.hitech.lk,ACTIVE,STUDENT,3,SE-DB-130,ACTIVE,Cybersecurity,ACTIVE,OPEN,50000.0,4,MONTHS,1,47,7,0,4,3,0,28.57,26,8,2,32,2,9,3,4,2,4,3,3,2,53.72,59.31,48.13,1,1,1,1,54.58,SUCCESS,1,0,50000.0,1,1,0,0,1,0,0,0,0,0,16,Medium
621,student0621@student.hitech.lk,ACTIVE,STUDENT,6,CY-SEC-110,ACTIVE,Information Technology,ACTIVE,OPEN,50000.0,16,WEEKS,1,85,12,7,2,3,0,66.67,20,9,0,15,14,17,4,8,5,5,4,4,4,66.15,83.44,54.69,4,0,0,1,59.8,SUCCESS,1,0,50000.0,1,0,0,0,0,0,0,0,0,0,8,Average
580,student0580@student.hitech.lk,ACTIVE,STUDENT,7,BM-COMM-110,ACTIVE,Cloud Computing,ACTIVE,OPEN,35000.0,3,WEEKS,1,32,4,2,0,2,0,50.0,13,3,3,7,9,11,3,5,3,1,0,0,0,0.0,0.0,0.0,0,0,0,0,0.0,PENDING,0,1,0.0,1,1,1,0,1,0,0,0,0,0,36,Low
252,student0252@student.hitech.lk,ACTIVE,STUDENT,1,SE-JAVA-101,ACTIVE,Software Engineering,ACTIVE,OPEN,40000.0,3,WEEKS,2,18,2,1,0,1,0,50.0,15,10,1,14,11,12,4,7,1,4,2,2,2,72.63,74.75,70.51,2,0,0,0,75.69,PENDING,0,0,0.0,1,0,0,0,0,0,0,0,0,0,8,Average
352,student0352@student.hitech.lk,ACTIVE,STUDENT,9,DM-SEO-101,ARCHIVED,Software Engineering,ACTIVE,OPEN,30000.0,12,WEEKS,2,72,12,6,2,4,0,58.33,13,2,0,5,10,13,4,6,3,5,3,3,3,51.84,65.28,44.94,1,2,0,1,54.76,FAILED,0,1,0.0,1,0,0,0,0,0,0,0,0,0,27,Medium
462,student0462@student.hitech.lk,ACTIVE,STUDENT,5,DS-ML-210,ACTIVE,Digital Marketing,ACTIVE,OPEN,45000.0,10,WEEKS,2,36,6,0,1,5,0,8.33,8,9,1,16,1,5,2,3,0,5,1,1,1,19.89,19.89,19.89,0,1,0,2,15.61,FAILED,0,1,0.0,1,1,0,0,1,0,0,1,0,1,63,Low
86,student0086@student.hitech.lk,ACTIVE,STUDENT,3,SE-DB-130,ACTIVE,Cybersecurity,ACTIVE,OPEN,50000.0,4,MONTHS,1,88,17,17,0,0,0,100.0,26,8,2,32,2,9,3,4,2,4,4,4,4,77.09,84.68,62.83,4,0,0,0,74.28,SUCCESS,1,0,50000.0,1,0,0,0,0,0,0,1,1,0,0,Good
551,student0551@student.hitech.lk,ACTIVE,STUDENT,12,GD-UIUX-101,ACTIVE,Business Management,ACTIVE,ADMIN_ONLY,45000.0,8,WEEKS,1,35,3,0,2,1,0,33.33,12,2,0,6,8,14,4,5,5,3,2,2,2,65.61,69.58,61.64,2,0,0,1,68.06,FAILED,0,1,0.0,1,2,1,0,2,0,0,1,1,0,37,Medium
773,student0773@student.hitech.lk,ACTIVE,STUDENT,7,BM-COMM-110,ACTIVE,Cloud Computing,ACTIVE,OPEN,35000.0,3,WEEKS,1,126,13,10,1,2,0,80.77,13,3,3,7,9,11,3,5,3,1,1,1,1,100.0,100.0,100.0,1,0,0,1,99.51,PENDING,0,0,0.0,1,0,0,0,0,0,0,2,2,0,7,Good
489,student0489@student.hitech.lk,ACTIVE,STUDENT,2,SE-WEB-120,DRAFT,Data Science,ACTIVE,ADMIN_ONLY,25000.0,16,WEEKS,3,95,3,3,0,0,0,100.0,28,10,0,16,22,9,5,4,0,1,1,1,1,73.33,73.33,73.33,1,0,0,1,74.63,FAILED,0,1,0.0,0,0,0,0,0,0,0,2,2,0,2,Good
602,student0602@student.hitech.lk,ACTIVE,STUDENT,4,DS-PY-101,ACTIVE,Business Management,ACTIVE,OPEN,50000.0,4,MONTHS,2,158,23,17,0,6,0,73.91,28,5,0,29,4,7,3,2,2,3,2,2,2,78.02,78.73,77.32,2,0,0,0,74.71,SUCCESS,1,0,50000.0,1,1,0,0,1,0,0,1,1,0,14,Average
762,student0762@student.hitech.lk,PENDING_VERIFICATION,STUDENT,7,BM-COMM-110,ACTIVE,Cloud Computing,COMPLETED,OPEN,35000.0,3,WEEKS,1,115,13,10,0,3,0,76.92,13,3,3,7,9,11,3,5,3,1,1,1,1,90.17,90.17,90.17,1,0,0,0,82.14,PENDING,0,0,0.0,1,2,1,0,0,0,2,0,0,0,13,Average
348,student0348@student.hitech.lk,ACTIVE,STUDENT,7,BM-COMM-110,ACTIVE,Cloud Computing,COMPLETED,OPEN,35000.0,3,WEEKS,1,207,13,10,1,2,0,80.77,13,3,3,7,9,11,3,5,3,1,1,1,1,90.41,90.41,90.41,1,0,0,0,96.52,SUCCESS,3,1,35000.0,1,1,1,0,0,0,1,0,0,0,4,Good
184,student0184@student.hitech.lk,ACTIVE,STUDENT,4,DS-PY-101,ACTIVE,Business Management,ACTIVE,OPEN,50000.0,4,MONTHS,2,47,6,1,1,3,1,37.5,28,5,0,29,4,7,3,2,2,3,0,0,0,0.0,0.0,0.0,0,0,0,0,0.0,FAILED,0,1,0.0,1,1,1,0,1,0,0,0,0,0,62,Low
205,student0205@student.hitech.lk,ACTIVE,STUDENT,3,SE-DB-130,ACTIVE,Cybersecurity,REMOVED,OPEN,50000.0,4,MONTHS,1,64,7,0,4,3,0,28.57,26,8,2,32,2,9,3,4,2,4,2,2,2,46.41,58.59,34.24,1,1,0,0,44.32,FAILED,0,1,0.0,1,1,0,0,0,0,1,1,0,1,30,Medium
469,student0469@student.hitech.lk,INACTIVE,STUDENT,7,BM-COMM-110,ACTIVE,Cloud Computing,ACTIVE,OPEN,35000.0,3,WEEKS,1,60,7,4,1,2,0,64.29,13,3,3,7,9,11,3,5,3,1,1,1,1,49.35,49.35,49.35,0,1,0,1,49.52,SUCCESS,1,0,35000.0,1,1,0,0,0,0,1,1,0,1,27,Average
138,student0138@student.hitech.lk,ACTIVE,STUDENT,11,CC-AWS-101,ACTIVE,Cybersecurity,ACTIVE,ADMIN_ONLY,40000.0,12,WEEKS,1,122,4,2,1,0,1,81.25,4,14,0,4,14,7,2,3,2,4,1,0,0,0.0,0.0,0.0,0,0,0,1,0.0,FAILED,0,2,0.0,1,1,1,0,1,0,0,0,0,0,29,Low
444,student0444@student.hitech.lk,ACTIVE,STUDENT,3,SE-DB-130,ACTIVE,Cybersecurity,ACTIVE,OPEN,50000.0,4,MONTHS,1,75,9,3,1,5,0,38.89,26,8,2,32,2,9,3,4,2,4,2,1,1,38.64,38.64,38.64,0,1,0,1,37.73,SUCCESS,1,0,50000.0,1,0,0,0,0,0,0,0,0,0,89,Low
432,student0432@student.hitech.lk,ACTIVE,STUDENT,11,CC-AWS-101,ACTIVE,Cybersecurity,COMPLETED,ADMIN_ONLY,40000.0,12,WEEKS,1,235,4,2,0,2,0,50.0,4,14,0,4,14,7,2,3,2,4,3,3,3,48.16,55.72,38.45,2,1,0,1,47.24,SUCCESS,1,1,40000.0,1,1,1,0,0,0,1,3,3,0,5,Average
548,student0548@student.hitech.lk,ACTIVE,STUDENT,7,BM-COMM-110,ACTIVE,Cloud Computing,REMOVED,OPEN,35000.0,3,WEEKS,1,21,3,1,1,0,1,75.0,13,3,3,7,9,11,3,5,3,1,1,1,1,48.5,48.5,48.5,0,1,0,2,51.8,SUCCESS,1,0,35000.0,1,0,0,0,0,0,0,0,0,0,11,Medium
286,student0286@student.hitech.lk,ACTIVE,STUDENT,10,IT-NET-100,ARCHIVED,Data Science,ACTIVE,OPEN,35000.0,8,WEEKS,1,22,3,0,1,2,0,16.67,26,8,0,16,18,14,5,7,2,1,0,0,0,0.0,0.0,0.0,0,0,0,0,0.0,PENDING,0,1,0.0,1,1,0,0,0,0,1,1,0,1,58,Low
652,student0652@student.hitech.lk,ACTIVE,STUDENT,11,CC-AWS-101,ACTIVE,Cybersecurity,COMPLETED,ADMIN_ONLY,40000.0,12,WEEKS,1,174,4,2,1,0,1,81.25,4,14,0,4,14,7,2,3,2,4,4,4,4,72.49,78.81,66.1,4,0,0,0,69.81,SUCCESS,1,0,40000.0,1,0,0,0,0,0,0,0,0,0,2,Good
720,student0720@student.hitech.lk,ACTIVE,STUDENT,11,CC-AWS-101,ACTIVE,Cybersecurity,ACTIVE,ADMIN_ONLY,40000.0,12,WEEKS,1,47,4,0,2,1,1,43.75,4,14,0,4,14,7,2,3,2,4,2,2,1,48.73,48.73,48.73,0,1,1,0,47.86,SUCCESS,1,0,40000.0,1,0,0,0,0,0,0,0,0,0,38,Medium
502,student0502@student.hitech.lk,ACTIVE,STUDENT,8,BM-MGMT-201,ACTIVE,Graphic Design,ACTIVE,ADMIN_ONLY,50000.0,3,WEEKS,2,70,7,0,3,1,3,53.57,7,6,0,10,3,13,7,5,1,1,0,0,0,0.0,0.0,0.0,0,0,0,0,0.0,FAILED,0,2,0.0,1,1,0,0,0,0,1,0,0,0,70,Low
177,student0177@student.hitech.lk,ACTIVE,STUDENT,3,SE-DB-130,ACTIVE,Cybersecurity,REMOVED,OPEN,50000.0,4,MONTHS,1,6,0,0,0,0,0,0.0,26,8,2,32,2,9,3,4,2,4,1,1,1,43.54,43.54,43.54,0,1,0,0,41.05,FAILED,0,2,0.0,1,2,0,0,2,0,0,1,0,1,80,Low
73,student0073@student.hitech.lk,ACTIVE,STUDENT,4,DS-PY-101,ACTIVE,Business Management,ACTIVE,OPEN,50000.0,4,MONTHS,2,31,4,1,2,1,0,50.0,28,5,0,29,4,7,3,2,2,3,2,2,2,63.79,64.1,63.48,2,0,0,0,65.42,SUCCESS,1,1,50000.0,1,0,0,0,0,0,0,1,1,0,14,Average
33,student0033@student.hitech.lk,ACTIVE,STUDENT,4,DS-PY-101,ACTIVE,Business Management,COMPLETED,OPEN,50000.0,4,MONTHS,2,248,28,16,1,10,1,61.61,28,5,0,29,4,7,3,2,2,3,2,2,2,49.12,49.82,48.41,0,2,0,2,46.06,PENDING,0,0,0.0,1,0,0,0,0,0,0,0,0,0,14,Medium
202,student0202@student.hitech.lk,ACTIVE,STUDENT,3,SE-DB-130,ACTIVE,Cybersecurity,ACTIVE,OPEN,50000.0,4,MONTHS,1,14,1,0,1,0,0,50.0,26,8,2,32,2,9,3,4,2,4,3,3,2,58.76,69.63,47.88,1,1,1,0,53.77,FAILED,0,1,0.0,0,1,0,0,1,0,0,1,1,0,11,Medium
389,student0389@student.hitech.lk,ACTIVE,STUDENT,4,DS-PY-101,ACTIVE,Business Management,ACTIVE,OPEN,50000.0,4,MONTHS,2,64,9,4,2,3,0,55.56,28,5,0,29,4,7,3,2,2,3,2,2,2,70.03,75.77,64.28,2,0,0,1,65.14,SUCCESS,1,1,50000.0,1,1,0,0,0,1,0,3,3,0,8,Average
249,student0249@student.hitech.lk,PENDING_VERIFICATION,STUDENT,6,CY-SEC-110,ACTIVE,Information Technology,ACTIVE,OPEN,50000.0,16,WEEKS,1,67,7,3,1,2,1,60.71,20,9,0,15,14,17,4,8,5,5,2,2,2,55.95,68.99,42.91,1,1,0,2,48.18,SUCCESS,1,0,50000.0,1,3,2,1,0,0,3,0,0,0,19,Medium
330,student0330@student.hitech.lk,ACTIVE,STUDENT,2,SE-WEB-120,DRAFT,Data Science,ACTIVE,ADMIN_ONLY,25000.0,16,WEEKS,3,77,1,0,1,0,0,50.0,28,10,0,16,22,9,5,4,0,1,1,1,1,63.5,63.5,63.5,1,0,0,1,73.99,SUCCESS,1,1,25000.0,1,2,1,0,0,1,1,1,1,0,13,Average
752,student0752@student.hitech.lk,ACTIVE,STUDENT,9,DM-SEO-101,ARCHIVED,Software Engineering,COMPLETED,OPEN,30000.0,12,WEEKS,2,96,11,4,3,4,0,50.0,13,2,0,5,10,13,4,6,3,5,2,2,1,54.11,54.11,54.11,1,0,1,2,54.65,SUCCESS,2,0,30000.0,2,0,0,0,0,0,0,1,1,0,23,Medium
116,student0116@student.hitech.lk,PENDING_VERIFICATION,STUDENT,3,SE-DB-130,ACTIVE,Cybersecurity,ACTIVE,OPEN,50000.0,4,MONTHS,1,27,4,2,1,1,0,62.5,26,8,2,32,2,9,3,4,2,4,2,2,2,65.83,73.06,58.59,2,0,0,0,63.92,SUCCESS,1,0,50000.0,2,0,0,0,0,0,0,1,0,1,19,Average
233,student0233@student.hitech.lk,PENDING_VERIFICATION,STUDENT,4,DS-PY-101,ACTIVE,Business Management,ACTIVE,OPEN,50000.0,4,MONTHS,2,130,15,8,1,6,0,56.67,28,5,0,29,4,7,3,2,2,3,1,1,1,64.84,64.84,64.84,1,0,0,0,64.1,SUCCESS,1,0,50000.0,1,1,0,0,1,0,0,1,1,0,24,Medium
741,student0741@student.hitech.lk,ACTIVE,STUDENT,4,DS-PY-101,ACTIVE,Business Management,ACTIVE,OPEN,50000.0,4,MONTHS,2,233,28,25,1,2,0,91.07,28,5,0,29,4,7,3,2,2,3,3,2,2,88.51,100.0,77.03,2,0,0,0,94.19,SUCCESS,1,1,50000.0,2,0,0,0,0,0,0,0,0,0,4,Good
492,student0492@student.hitech.lk,ACTIVE,STUDENT,6,CY-SEC-110,ACTIVE,Information Technology,ACTIVE,OPEN,50000.0,16,WEEKS,1,46,7,0,0,7,0,0.0,20,9,0,15,14,17,4,8,5,5,1,1,1,12.39,12.39,12.39,0,1,0,2,12.46,PENDING,0,0,0.0,1,1,0,0,1,0,0,0,0,0,26,Low
242,student0242@student.hitech.lk,ACTIVE,STUDENT,11,CC-AWS-101,ACTIVE,Cybersecurity,ACTIVE,ADMIN_ONLY,40000.0,12,WEEKS,1,136,4,4,0,0,0,100.0,4,14,0,4,14,7,2,3,2,4,4,4,3,100.0,100.0,100.0,3,0,1,0,97.48,SUCCESS,2,0,40000.0,2,0,0,0,0,0,0,1,1,0,4,Good
355,student0355@student.hitech.lk,PENDING_VERIFICATION,STUDENT,10,IT-NET-100,ARCHIVED,Data Science,ACTIVE,OPEN,35000.0,8,WEEKS,1,99,11,3,2,6,0,36.36,26,8,0,16,18,14,5,7,2,1,1,1,1,59.38,59.38,59.38,1,0,0,1,55.14,PENDING,0,1,0.0,1,2,2,2,1,1,0,2,1,1,51,Medium
514,student0514@student.hitech.lk,ACTIVE,STUDENT,8,BM-MGMT-201,ACTIVE,Graphic Design,COMPLETED,ADMIN_ONLY,50000.0,3,WEEKS,2,162,7,1,2,4,0,28.57,7,6,0,10,3,13,7,5,1,1,0,0,0,0.0,0.0,0.0,0,0,0,0,0.0,PENDING,0,1,0.0,1,1,0,0,1,0,0,0,0,0,22,Medium
554,student0554@student.hitech.lk,ACTIVE,STUDENT,1,SE-JAVA-101,ACTIVE,Software Engineering,REMOVED,OPEN,40000.0,3,WEEKS,2,11,1,0,0,0,1,75.0,15,10,1,14,11,12,4,7,1,4,0,0,0,0.0,0.0,0.0,0,0,0,0,0.0,SUCCESS,1,0,40000.0,1,3,1,0,3,0,0,0,0,0,81,Low
438,student0438@student.hitech.lk,ACTIVE,STUDENT,12,GD-UIUX-101,ACTIVE,Business Management,COMPLETED,ADMIN_ONLY,45000.0,8,WEEKS,1,159,12,10,2,0,0,91.67,12,2,0,6,8,14,4,5,5,3,3,3,3,91.93,95.87,87.15,3,0,0,0,85.92,SUCCESS,1,0,45000.0,1,0,0,0,0,0,0,0,0,0,5,Good
106,student0106@student.hitech.lk,PENDING_VERIFICATION,STUDENT,11,CC-AWS-101,ACTIVE,Cybersecurity,ACTIVE,ADMIN_ONLY,40000.0,12,WEEKS,1,12,2,0,1,1,0,25.0,4,14,0,4,14,7,2,3,2,4,2,2,2,45.16,50.32,40.0,1,1,0,0,40.29,PENDING,0,0,0.0,1,0,0,0,0,0,0,2,0,2,30,Medium
755,student0755@student.hitech.lk,ACTIVE,STUDENT,5,DS-ML-210,ACTIVE,Digital Marketing,ACTIVE,OPEN,45000.0,10,WEEKS,2,144,8,5,1,2,0,68.75,8,9,1,16,1,5,2,3,0,5,5,4,3,91.21,99.98,84.74,3,0,1,0,94.92,SUCCESS,1,0,45000.0,1,0,0,0,0,0,0,3,3,0,6,Good
588,student0588@student.hitech.lk,ACTIVE,STUDENT,5,DS-ML-210,ACTIVE,Digital Marketing,ACTIVE,OPEN,45000.0,10,WEEKS,2,91,8,1,4,3,0,37.5,8,9,1,16,1,5,2,3,0,5,2,1,1,48.82,48.82,48.82,0,1,0,2,45.23,SUCCESS,1,0,45000.0,1,2,1,0,1,0,1,1,1,0,31,Medium
781,student0781@student.hitech.lk,ACTIVE,STUDENT,10,IT-NET-100,ARCHIVED,Data Science,ACTIVE,OPEN,35000.0,8,WEEKS,1,111,13,11,2,0,0,92.31,26,8,0,16,18,14,5,7,2,1,1,0,0,0.0,0.0,0.0,0,0,0,0,0.0,SUCCESS,1,0,35000.0,1,1,0,0,0,0,1,0,0,0,0,Good
145,student0145@student.hitech.lk,ACTIVE,STUDENT,2,SE-WEB-120,DRAFT,Data Science,ACTIVE,ADMIN_ONLY,25000.0,16,WEEKS,3,29,0,0,0,0,0,0.0,28,10,0,16,22,9,5,4,0,1,0,0,0,0.0,0.0,0.0,0,0,0,0,0.0,PENDING,0,0,0.0,1,2,1,0,1,0,1,0,0,0,81,Low
15,student0015@student.hitech.lk,ACTIVE,STUDENT,10,IT-NET-100,ARCHIVED,Data Science,COMPLETED,OPEN,35000.0,8,WEEKS,1,82,15,9,3,1,2,80.0,26,8,0,16,18,14,5,7,2,1,1,1,0,0.0,0.0,0.0,0,0,1,0,0.0,SUCCESS,3,0,35000.0,1,0,0,0,0,0,0,0,0,0,7,Good
415,student0415@student.hitech.lk,PENDING_VERIFICATION,STUDENT,2,SE-WEB-120,DRAFT,Data Science,ACTIVE,ADMIN_ONLY,25000.0,16,WEEKS,3,70,2,1,1,0,0,75.0,28,10,0,16,22,9,5,4,0,1,1,1,1,59.39,59.39,59.39,1,0,0,1,61.64,SUCCESS,1,0,25000.0,1,0,0,0,0,0,0,1,1,0,10,Average
357,student0357@student.hitech.lk,ACTIVE,STUDENT,6,CY-SEC-110,ACTIVE,Information Technology,ACTIVE,OPEN,50000.0,16,WEEKS,1,32,4,0,2,1,1,43.75,20,9,0,15,14,17,4,8,5,5,2,2,2,24.78,26.16,23.39,0,2,0,1,27.92,FAILED,0,1,0.0,0,4,1,0,2,0,2,1,1,0,88,Low
807,student0807@student.hitech.lk,ACTIVE,STUDENT,11,CC-AWS-101,ACTIVE,Cybersecurity,COMPLETED,ADMIN_ONLY,40000.0,12,WEEKS,1,70,4,1,2,0,1,68.75,4,14,0,4,14,7,2,3,2,4,2,2,2,40.39,40.66,40.12,0,2,0,1,42.79,PENDING,0,0,0.0,1,2,1,0,1,0,1,2,1,1,13,Medium
50,student0050@student.hitech.lk,ACTIVE,STUDENT,10,IT-NET-100,ARCHIVED,Data Science,ACTIVE,OPEN,35000.0,8,WEEKS,1,99,11,4,4,3,0,54.55,26,8,0,16,18,14,5,7,2,1,1,1,1,64.23,64.23,64.23,1,0,0,3,59.74,SUCCESS,1,0,35000.0,2,1,0,0,0,0,1,0,0,0,22,Medium
560,student0560@student.hitech.lk,ACTIVE,STUDENT,2,SE-WEB-120,DRAFT,Data Science,COMPLETED,ADMIN_ONLY,25000.0,16,WEEKS,3,92,3,3,0,0,0,100.0,28,10,0,16,22,9,5,4,0,1,1,1,1,88.91,88.91,88.91,1,0,0,0,89.06,SUCCESS,1,1,25000.0,1,0,0,0,0,0,0,1,1,0,6,Good
395,student0395@student.hitech.lk,ACTIVE,STUDENT,7,BM-COMM-110,ACTIVE,Cloud Computing,COMPLETED,OPEN,35000.0,3,WEEKS,1,184,13,9,2,2,0,76.92,13,3,3,7,9,11,3,5,3,1,1,0,0,0.0,0.0,0.0,0,0,0,0,0.0,SUCCESS,1,0,35000.0,1,2,0,0,2,0,0,0,0,0,6,Good
637,student0637@student.hitech.lk,ACTIVE,STUDENT,10,IT-NET-100,ARCHIVED,Data Science,ACTIVE,OPEN,35000.0,8,WEEKS,1,105,16,13,0,2,1,85.94,26,8,0,16,18,14,5,7,2,1,1,1,1,73.66,73.66,73.66,1,0,0,0,71.13,PENDING,0,0,0.0,1,0,0,0,0,0,0,1,1,0,0,Good
593,student0593@student.hitech.lk,INACTIVE,STUDENT,12,GD-UIUX-101,ACTIVE,Business Management,ACTIVE,ADMIN_ONLY,45000.0,8,WEEKS,1,223,12,4,1,6,1,43.75,12,2,0,6,8,14,4,5,5,3,1,1,1,17.37,17.37,17.37,0,1,0,1,23.13,PENDING,0,0,0.0,1,2,0,0,1,1,0,1,1,0,62,Low
752,student0752@student.hitech.lk,ACTIVE,STUDENT,3,SE-DB-130,ACTIVE,Cybersecurity,COMPLETED,OPEN,50000.0,4,MONTHS,1,165,20,11,0,7,2,62.5,26,8,2,32,2,9,3,4,2,4,0,0,0,0.0,0.0,0.0,0,0,0,0,0.0,SUCCESS,1,0,50000.0,1,0,0,0,0,0,0,1,0,1,47,Low
626,student0626@student.hitech.lk,ACTIVE,STUDENT,7,BM-COMM-110,ACTIVE,Cloud Computing,ACTIVE,OPEN,35000.0,3,WEEKS,1,86,13,11,1,1,0,88.46,13,3,3,7,9,11,3,5,3,1,1,1,1,84.65,84.65,84.65,1,0,0,0,85.56,SUCCESS,2,0,35000.0,1,1,0,0,0,1,0,1,1,0,0,Good
51,student0051@student.hitech.lk,ACTIVE,STUDENT,12,GD-UIUX-101,ACTIVE,Business Management,COMPLETED,ADMIN_ONLY,45000.0,8,WEEKS,1,242,12,10,1,0,1,93.75,12,2,0,6,8,14,4,5,5,3,2,2,2,88.44,88.87,88.02,2,0,0,0,83.94,SUCCESS,2,0,45000.0,1,0,0,0,0,0,0,2,2,0,18,Average
43,student0043@student.hitech.lk,ACTIVE,STUDENT,6,CY-SEC-110,ACTIVE,Information Technology,ACTIVE,OPEN,50000.0,16,WEEKS,1,155,20,9,0,11,0,45.0,20,9,0,15,14,17,4,8,5,5,1,1,1,37.63,37.63,37.63,0,1,0,1,35.76,FAILED,0,2,0.0,1,5,2,2,3,0,2,1,1,0,47,Low
14,student0014@student.hitech.lk,ACTIVE,STUDENT,4,DS-PY-101,ACTIVE,Business Management,COMPLETED,OPEN,50000.0,4,MONTHS,2,99,12,8,0,4,0,66.67,28,5,0,29,4,7,3,2,2,3,2,2,1,76.37,76.37,76.37,1,0,1,2,84.33,SUCCESS,1,0,50000.0,1,1,0,0,0,0,1,0,0,0,6,Average
565,student0565@student.hitech.lk,ACTIVE,STUDENT,3,SE-DB-130,ACTIVE,Cybersecurity,COMPLETED,OPEN,50000.0,4,MONTHS,1,222,26,12,3,11,0,51.92,26,8,2,32,2,9,3,4,2,4,2,1,0,0.0,0.0,0.0,0,0,1,2,0.0,SUCCESS,1,0,50000.0,1,1,0,0,1,0,0,0,0,0,31,Medium
217,student0217@student.hitech.lk,ACTIVE,STUDENT,3,SE-DB-130,ACTIVE,Cybersecurity,ACTIVE,OPEN,50000.0,4,MONTHS,1,92,17,5,2,9,1,39.71,26,8,2,32,2,9,3,4,2,4,0,0,0,0.0,0.0,0.0,0,0,0,0,0.0,SUCCESS,2,0,50000.0,1,1,0,0,0,0,1,0,0,0,89,Low
654,student0654@student.hitech.lk,INACTIVE,STUDENT,4,DS-PY-101,ACTIVE,Business Management,ACTIVE,OPEN,50000.0,4,MONTHS,2,115,18,5,2,10,1,37.5,28,5,0,29,4,7,3,2,2,3,0,0,0,0.0,0.0,0.0,0,0,0,0,0.0,FAILED,0,1,0.0,1,0,0,0,0,0,0,0,0,0,87,Low
39,student0039@student.hitech.lk,ACTIVE,STUDENT,5,DS-ML-210,ACTIVE,Digital Marketing,ACTIVE,OPEN,45000.0,10,WEEKS,2,119,8,0,1,7,0,6.25,8,9,1,16,1,5,2,3,0,5,0,0,0,0.0,0.0,0.0,0,0,0,0,0.0,PENDING,0,1,0.0,1,2,2,0,1,0,1,1,0,1,86,Low
51,student0051@student.hitech.lk,ACTIVE,STUDENT,6,CY-SEC-110,ACTIVE,Information Technology,REMOVED,OPEN,50000.0,16,WEEKS,1,37,5,0,2,1,2,50.0,20,9,0,15,14,17,4,8,5,5,1,1,1,10.01,10.01,10.01,0,1,0,4,6.8,FAILED,0,1,0.0,1,3,1,1,2,0,1,0,0,0,49,Low
448,student0448@student.hitech.lk,INACTIVE,STUDENT,11,CC-AWS-101,ACTIVE,Cybersecurity,COMPLETED,ADMIN_ONLY,40000.0,12,WEEKS,1,190,4,3,1,0,0,87.5,4,14,0,4,14,7,2,3,2,4,3,3,2,69.2,70.31,68.09,2,0,1,0,71.26,SUCCESS,1,0,40000.0,1,0,0,0,0,0,0,2,2,0,19,Good
769,student0769@student.hitech.lk,ACTIVE,STUDENT,4,DS-PY-101,ACTIVE,Business Management,ACTIVE,OPEN,50000.0,4,MONTHS,2,91,15,15,0,0,0,100.0,28,5,0,29,4,7,3,2,2,3,2,2,2,69.36,72.41,66.31,2,0,0,1,66.16,SUCCESS,1,0,50000.0,1,0,0,0,0,0,0,0,0,0,16,Average
349,student0349@student.hitech.lk,ACTIVE,STUDENT,11,CC-AWS-101,ACTIVE,Cybersecurity,COMPLETED,ADMIN_ONLY,40000.0,12,WEEKS,1,171,4,1,1,2,0,37.5,4,14,0,4,14,7,2,3,2,4,1,1,1,55.27,55.27,55.27,1,0,0,2,55.18,SUCCESS,1,0,40000.0,1,1,0,0,1,0,0,0,0,0,39,Medium
845,student0845@student.hitech.lk,ACTIVE,STUDENT,5,DS-ML-210,ACTIVE,Digital Marketing,COMPLETED,OPEN,45000.0,10,WEEKS,2,173,8,3,1,3,1,53.12,8,9,1,16,1,5,2,3,0,5,3,3,3,48.89,53.16,44.78,1,2,0,1,50.87,SUCCESS,1,0,45000.0,1,0,0,0,0,0,0,3,2,1,16,Average
23,student0023@student.hitech.lk,ACTIVE,STUDENT,9,DM-SEO-101,ARCHIVED,Software Engineering,ACTIVE,OPEN,30000.0,12,WEEKS,2,75,9,6,0,2,1,75.0,13,2,0,5,10,13,4,6,3,5,3,3,3,62.05,66.44,54.42,3,0,0,0,59.66,SUCCESS,1,0,30000.0,1,0,0,0,0,0,0,2,2,0,5,Average
44,student0044@student.hitech.lk,PENDING_VERIFICATION,STUDENT,3,SE-DB-130,ACTIVE,Cybersecurity,ACTIVE,OPEN,50000.0,4,MONTHS,1,74,12,7,2,2,1,72.92,26,8,2,32,2,9,3,4,2,4,3,3,2,56.58,58.75,54.41,2,0,1,2,51.82,PENDING,0,0,0.0,1,2,0,0,0,1,1,0,0,0,51,Medium
29,student0029@student.hitech.lk,ACTIVE,STUDENT,2,SE-WEB-120,DRAFT,Data Science,ACTIVE,ADMIN_ONLY,25000.0,16,WEEKS,3,115,3,0,3,0,0,50.0,28,10,0,16,22,9,5,4,0,1,1,1,1,90.0,90.0,90.0,1,0,0,0,87.5,SUCCESS,1,0,25000.0,1,1,0,0,1,0,0,0,0,0,1,Good
830,student0830@student.hitech.lk,ACTIVE,STUDENT,9,DM-SEO-101,ARCHIVED,Software Engineering,ACTIVE,OPEN,30000.0,12,WEEKS,2,135,13,7,5,1,0,73.08,13,2,0,5,10,13,4,6,3,5,4,4,4,74.3,82.04,66.57,4,0,0,0,72.59,FAILED,0,1,0.0,1,0,0,0,0,0,0,1,1,0,6,Average
654,student0654@student.hitech.lk,ACTIVE,STUDENT,6,CY-SEC-110,ACTIVE,Information Technology,ACTIVE,OPEN,50000.0,16,WEEKS,1,31,5,4,0,1,0,80.0,20,9,0,15,14,17,4,8,5,5,4,4,4,63.4,65.32,60.77,4,0,0,1,64.44,PENDING,0,0,0.0,1,0,0,0,0,0,0,1,1,0,15,Average
390,student0390@student.hitech.lk,ACTIVE,STUDENT,6,CY-SEC-110,ACTIVE,Information Technology,ACTIVE,OPEN,50000.0,16,WEEKS,1,83,9,3,3,3,0,50.0,20,9,0,15,14,17,4,8,5,5,2,2,2,42.43,43.81,41.05,0,2,0,0,46.12,SUCCESS,1,0,50000.0,1,3,3,2,2,0,1,1,1,0,35,Medium
391,student0391@student.hitech.lk,PENDING_VERIFICATION,STUDENT,9,DM-SEO-101,ARCHIVED,Software Engineering,ACTIVE,OPEN,30000.0,12,WEEKS,2,55,6,0,3,2,1,37.5,13,2,0,5,10,13,4,6,3,5,2,2,2,25.82,25.91,25.74,0,2,0,3,21.95,SUCCESS,2,0,30000.0,1,2,0,1,1,0,1,2,0,2,94,Low
436,student0436@student.hitech.lk,ACTIVE,STUDENT,3,SE-DB-130,ACTIVE,Cybersecurity,ACTIVE,OPEN,50000.0,4,MONTHS,1,46,5,3,2,0,0,80.0,26,8,2,32,2,9,3,4,2,4,4,4,4,87.79,94.84,81.79,4,0,0,0,91.48,SUCCESS,1,2,50000.0,2,0,0,0,0,0,0,0,0,0,6,Good
50,student0050@student.hitech.lk,ACTIVE,STUDENT,1,SE-JAVA-101,ACTIVE,Software Engineering,ACTIVE,OPEN,40000.0,3,WEEKS,2,39,4,2,1,1,0,62.5,15,10,1,14,11,12,4,7,1,4,4,4,4,88.41,92.09,84.08,4,0,0,0,86.29,SUCCESS,1,1,40000.0,2,0,0,0,0,0,0,1,1,0,5,Good
345,student0345@student.hitech.lk,ACTIVE,STUDENT,8,BM-MGMT-201,ACTIVE,Graphic Design,ACTIVE,ADMIN_ONLY,50000.0,3,WEEKS,2,180,7,5,0,2,0,71.43,7,6,0,10,3,13,7,5,1,1,0,0,0,0.0,0.0,0.0,0,0,0,0,0.0,FAILED,0,1,0.0,1,0,0,0,0,0,0,0,0,0,31,Medium
383,student0383@student.hitech.lk,ACTIVE,STUDENT,6,CY-SEC-110,ACTIVE,Information Technology,COMPLETED,OPEN,50000.0,16,WEEKS,1,182,20,14,0,6,0,70.0,20,9,0,15,14,17,4,8,5,5,3,3,3,64.17,68.4,59.08,3,0,0,0,61.45,SUCCESS,1,0,50000.0,1,2,0,0,2,0,0,0,0,0,4,Average
186,student0186@student.hitech.lk,ACTIVE,STUDENT,8,BM-MGMT-201,ACTIVE,Graphic Design,ACTIVE,ADMIN_ONLY,50000.0,3,WEEKS,2,74,7,5,0,2,0,71.43,7,6,0,10,3,13,7,5,1,1,1,1,1,82.71,82.71,82.71,1,0,0,0,84.57,FAILED,0,1,0.0,1,1,0,0,1,0,0,0,0,0,16,Average
540,student0540@student.hitech.lk,ACTIVE,STUDENT,8,BM-MGMT-201,ACTIVE,Graphic Design,ACTIVE,ADMIN_ONLY,50000.0,3,WEEKS,2,105,7,5,2,0,0,85.71,7,6,0,10,3,13,7,5,1,1,1,1,1,98.61,98.61,98.61,1,0,0,1,100.0,SUCCESS,1,1,50000.0,1,0,0,0,0,0,0,1,1,0,3,Good
5,student0005@student.hitech.lk,ACTIVE,STUDENT,3,SE-DB-130,ACTIVE,Cybersecurity,ACTIVE,OPEN,50000.0,4,MONTHS,1,170,26,16,2,8,0,65.38,26,8,2,32,2,9,3,4,2,4,3,3,3,60.29,67.92,56.04,3,0,0,0,60.19,SUCCESS,1,0,50000.0,1,0,0,0,0,0,0,0,0,0,7,Average
715,student0715@student.hitech.lk,ACTIVE,STUDENT,9,DM-SEO-101,ARCHIVED,Software Engineering,COMPLETED,OPEN,30000.0,12,WEEKS,2,142,13,7,1,5,0,57.69,13,2,0,5,10,13,4,6,3,5,2,2,2,68.65,72.48,64.83,2,0,0,0,73.32,SUCCESS,1,0,30000.0,1,1,1,0,1,0,0,0,0,0,26,Medium
544,student0544@student.hitech.lk,ACTIVE,STUDENT,7,BM-COMM-110,ACTIVE,Cloud Computing,REMOVED,OPEN,35000.0,3,WEEKS,1,44,5,2,2,0,1,75.0,13,3,3,7,9,11,3,5,3,1,1,0,0,0.0,0.0,0.0,0,0,0,0,0.0,SUCCESS,2,0,35000.0,1,1,0,0,0,0,1,1,1,0,32,Medium
837,student0837@student.hitech.lk,ACTIVE,STUDENT,1,SE-JAVA-101,ACTIVE,Software Engineering,ACTIVE,OPEN,40000.0,3,WEEKS,2,56,9,7,0,2,0,77.78,15,10,1,14,11,12,4,7,1,4,3,3,3,74.54,79.43,69.39,3,0,0,0,82.89,SUCCESS,1,0,40000.0,1,1,0,0,1,0,0,0,0,0,13,Average
493,student0493@student.hitech.lk,ACTIVE,STUDENT,2,SE-WEB-120,DRAFT,Data Science,ACTIVE,ADMIN_ONLY,25000.0,16,WEEKS,3,126,2,1,1,0,0,75.0,28,10,0,16,22,9,5,4,0,1,1,1,1,73.46,73.46,73.46,1,0,0,0,68.98,SUCCESS,1,0,25000.0,1,0,0,0,0,0,0,1,1,0,3,Good
441,student0441@student.hitech.lk,ACTIVE,STUDENT,4,DS-PY-101,ACTIVE,Business Management,COMPLETED,OPEN,50000.0,4,MONTHS,2,114,19,14,0,5,0,73.68,28,5,0,29,4,7,3,2,2,3,2,2,2,64.26,74.13,54.4,2,0,0,0,57.86,PENDING,0,0,0.0,1,0,0,0,0,0,0,1,0,1,11,Average
49,student0049@student.hitech.lk,ACTIVE,STUDENT,2,SE-WEB-120,DRAFT,Data Science,COMPLETED,ADMIN_ONLY,25000.0,16,WEEKS,3,199,0,0,0,0,0,0.0,28,10,0,16,22,9,5,4,0,1,1,1,1,62.26,62.26,62.26,1,0,0,4,60.8,PENDING,0,0,0.0,1,1,1,0,1,0,0,2,1,1,31,Medium
151,student0151@student.hitech.lk,ACTIVE,STUDENT,2,SE-WEB-120,DRAFT,Data Science,ACTIVE,ADMIN_ONLY,25000.0,16,WEEKS,3,61,3,1,1,1,0,50.0,28,10,0,16,22,9,5,4,0,1,1,0,0,0.0,0.0,0.0,0,0,0,0,0.0,SUCCESS,1,0,25000.0,1,0,0,0,0,0,0,2,1,1,22,Medium
404,student0404@student.hitech.lk,ACTIVE,STUDENT,12,GD-UIUX-101,ACTIVE,Business Management,ACTIVE,ADMIN_ONLY,45000.0,8,WEEKS,1,15,2,1,1,0,0,75.0,12,2,0,6,8,14,4,5,5,3,3,2,2,81.4,88.54,74.26,2,0,0,0,84.08,SUCCESS,2,0,45000.0,1,0,0,0,0,0,0,2,2,0,1,Good
458,student0458@student.hitech.lk,ACTIVE,STUDENT,10,IT-NET-100,ARCHIVED,Data Science,COMPLETED,OPEN,35000.0,8,WEEKS,1,106,12,10,0,2,0,83.33,26,8,0,16,18,14,5,7,2,1,1,1,1,78.66,78.66,78.66,1,0,0,0,72.38,PENDING,0,0,0.0,1,0,0,0,0,0,0,1,1,0,14,Average
414,student0414@student.hitech.lk,ACTIVE,STUDENT,7,BM-COMM-110,ACTIVE,Cloud Computing,ACTIVE,OPEN,35000.0,3,WEEKS,1,40,6,4,0,2,0,66.67,13,3,3,7,9,11,3,5,3,1,1,0,0,0.0,0.0,0.0,0,0,0,1,0.0,SUCCESS,1,0,35000.0,1,0,0,0,0,0,0,2,2,0,15,Average
511,student0511@student.hitech.lk,ACTIVE,STUDENT,11,CC-AWS-101,ACTIVE,Cybersecurity,ACTIVE,ADMIN_ONLY,40000.0,12,WEEKS,1,105,4,1,2,1,0,50.0,4,14,0,4,14,7,2,3,2,4,2,2,2,56.35,64.11,48.59,1,1,0,1,53.84,SUCCESS,1,0,40000.0,1,1,0,0,0,0,1,2,2,0,11,Medium
153,student0153@student.hitech.lk,ACTIVE,STUDENT,5,DS-ML-210,ACTIVE,Digital Marketing,REMOVED,OPEN,45000.0,10,WEEKS,2,16,1,0,1,0,0,50.0,8,9,1,16,1,5,2,3,0,5,5,5,5,92.54,99.89,87.54,5,0,0,0,93.51,SUCCESS,2,0,45000.0,1,0,0,0,0,0,0,1,1,0,5,Good
223,student0223@student.hitech.lk,ACTIVE,STUDENT,2,SE-WEB-120,DRAFT,Data Science,ACTIVE,ADMIN_ONLY,25000.0,16,WEEKS,3,128,0,0,0,0,0,0.0,28,10,0,16,22,9,5,4,0,1,1,1,1,98.95,98.95,98.95,1,0,0,0,92.01,PENDING,0,0,0.0,1,0,0,0,0,0,0,1,0,1,5,Good
780,student0780@student.hitech.lk,ACTIVE,STUDENT,6,CY-SEC-110,ACTIVE,Information Technology,ACTIVE,OPEN,50000.0,16,WEEKS,1,77,14,3,2,8,1,33.93,20,9,0,15,14,17,4,8,5,5,1,1,1,27.76,27.76,27.76,0,1,0,0,25.91,SUCCESS,1,0,50000.0,1,2,1,1,1,0,1,1,0,1,81,Low
240,student0240@student.hitech.lk,INACTIVE,STUDENT,12,GD-UIUX-101,ACTIVE,Business Management,ACTIVE,ADMIN_ONLY,45000.0,8,WEEKS,1,120,12,8,1,3,0,70.83,12,2,0,6,8,14,4,5,5,3,3,2,2,79.45,84.41,74.48,2,0,0,0,80.97,SUCCESS,1,0,45000.0,1,0,0,0,0,0,0,0,0,0,31,Good
744,student0744@student.hitech.lk,ACTIVE,STUDENT,7,BM-COMM-110,ACTIVE,Cloud Computing,ACTIVE,OPEN,35000.0,3,WEEKS,1,105,13,5,3,5,0,50.0,13,3,3,7,9,11,3,5,3,1,0,0,0,0.0,0.0,0.0,0,0,0,0,0.0,SUCCESS,2,0,35000.0,1,0,0,0,0,0,0,0,0,0,14,Medium
55,student0055@student.hitech.lk,ACTIVE,STUDENT,1,SE-JAVA-101,ACTIVE,Software Engineering,ACTIVE,OPEN,40000.0,3,WEEKS,2,77,9,5,1,2,1,69.44,15,10,1,14,11,12,4,7,1,4,3,3,3,65.8,69.95,63.69,3,0,0,0,71.22,SUCCESS,3,0,40000.0,2,0,0,0,0,0,0,0,0,0,3,Average
749,student0749@student.hitech.lk,ACTIVE,STUDENT,8,BM-MGMT-201,ACTIVE,Graphic Design,COMPLETED,ADMIN_ONLY,50000.0,3,WEEKS,2,176,7,3,3,0,1,75.0,7,6,0,10,3,13,7,5,1,1,1,1,1,79.75,79.75,79.75,1,0,0,0,75.34,SUCCESS,1,0,50000.0,1,0,0,0,0,0,0,2,2,0,3,Average
34,student0034@student.hitech.lk,ACTIVE,STUDENT,7,BM-COMM-110,ACTIVE,Cloud Computing,ACTIVE,OPEN,35000.0,3,WEEKS,1,45,7,3,1,3,0,50.0,13,3,3,7,9,11,3,5,3,1,1,1,1,72.75,72.75,72.75,1,0,0,1,76.72,SUCCESS,2,0,35000.0,1,0,0,0,0,0,0,0,0,0,12,Medium
819,student0819@student.hitech.lk,ACTIVE,STUDENT,3,SE-DB-130,ACTIVE,Cybersecurity,ACTIVE,OPEN,50000.0,4,MONTHS,1,55,8,6,0,2,0,75.0,26,8,2,32,2,9,3,4,2,4,4,4,4,81.25,84.78,77.24,4,0,0,0,82.68,SUCCESS,1,0,50000.0,1,0,0,0,0,0,0,0,0,0,4,Good
673,student0673@student.hitech.lk,ACTIVE,STUDENT,11,CC-AWS-101,ACTIVE,Cybersecurity,ACTIVE,ADMIN_ONLY,40000.0,12,WEEKS,1,80,4,0,1,3,0,12.5,4,14,0,4,14,7,2,3,2,4,1,0,0,0.0,0.0,0.0,0,0,0,1,0.0,SUCCESS,1,0,40000.0,1,2,1,0,1,0,1,1,0,1,66,Low
546,student0546@student.hitech.lk,ACTIVE,STUDENT,1,SE-JAVA-101,ACTIVE,Software Engineering,ACTIVE,OPEN,40000.0,3,WEEKS,2,172,15,12,0,3,0,80.0,15,10,1,14,11,12,4,7,1,4,2,2,2,54.47,57.52,51.42,2,0,0,0,54.74,SUCCESS,1,1,40000.0,1,0,0,0,0,0,0,1,1,0,14,Average
301,student0301@student.hitech.lk,ACTIVE,STUDENT,5,DS-ML-210,ACTIVE,Digital Marketing,ACTIVE,OPEN,45000.0,10,WEEKS,2,97,8,3,0,4,1,46.88,8,9,1,16,1,5,2,3,0,5,0,0,0,0.0,0.0,0.0,0,0,0,0,0.0,PENDING,0,0,0.0,1,1,0,0,1,0,0,0,0,0,26,Low
135,student0135@student.hitech.lk,ACTIVE,STUDENT,12,GD-UIUX-101,ACTIVE,Business Management,COMPLETED,ADMIN_ONLY,45000.0,8,WEEKS,1,116,12,11,0,1,0,91.67,12,2,0,6,8,14,4,5,5,3,3,3,3,79.97,87.05,70.56,3,0,0,0,80.71,FAILED,0,3,0.0,1,0,0,0,0,0,0,0,0,0,2,Good
667,student0667@student.hitech.lk,ACTIVE,STUDENT,11,CC-AWS-101,ACTIVE,Cybersecurity,ACTIVE,ADMIN_ONLY,40000.0,12,WEEKS,1,88,4,1,1,0,2,75.0,4,14,0,4,14,7,2,3,2,4,1,1,1,44.03,44.03,44.03,0,1,0,2,43.92,SUCCESS,1,0,40000.0,1,2,2,1,1,0,1,0,0,0,68,Low
460,student0460@student.hitech.lk,ACTIVE,STUDENT,2,SE-WEB-120,DRAFT,Data Science,REMOVED,ADMIN_ONLY,25000.0,16,WEEKS,3,18,0,0,0,0,0,0.0,28,10,0,16,22,9,5,4,0,1,1,1,1,60.43,60.43,60.43,1,0,0,1,56.85,SUCCESS,2,0,25000.0,1,0,0,0,0,0,0,0,0,0,13,Average
208,student0208@student.hitech.lk,PENDING_VERIFICATION,STUDENT,12,GD-UIUX-101,ACTIVE,Business Management,ACTIVE,ADMIN_ONLY,45000.0,8,WEEKS,1,302,12,7,2,3,0,66.67,12,2,0,6,8,14,4,5,5,3,2,2,2,78.68,79.05,78.31,2,0,0,1,78.59,SUCCESS,1,0,45000.0,2,2,0,0,0,1,1,0,0,0,9,Average
793,student0793@student.hitech.lk,PENDING_VERIFICATION,STUDENT,6,CY-SEC-110,ACTIVE,Information Technology,ACTIVE,OPEN,50000.0,16,WEEKS,1,153,20,11,1,8,0,57.5,20,9,0,15,14,17,4,8,5,5,2,2,2,38.79,40.07,37.51,0,2,0,0,44.04,SUCCESS,1,0,50000.0,1,0,0,0,0,0,0,3,2,1,39,Medium
110,student0110@student.hitech.lk,ACTIVE,STUDENT,12,GD-UIUX-101,ACTIVE,Business Management,ACTIVE,ADMIN_ONLY,45000.0,8,WEEKS,1,60,9,6,0,3,0,66.67,12,2,0,6,8,14,4,5,5,3,3,3,3,77.33,83.4,65.76,3,0,0,1,82.43,SUCCESS,1,0,45000.0,1,2,0,0,0,0,2,0,0,0,13,Average
628,student0628@student.hitech.lk,ACTIVE,STUDENT,7,BM-COMM-110,ACTIVE,Cloud Computing,ACTIVE,OPEN,35000.0,3,WEEKS,1,132,13,6,2,5,0,53.85,13,3,3,7,9,11,3,5,3,1,1,1,1,35.62,35.62,35.62,0,1,0,1,36.68,PENDING,0,0,0.0,1,3,2,2,1,1,1,0,0,0,18,Medium
661,student0661@student.hitech.lk,ACTIVE,STUDENT,1,SE-JAVA-101,ACTIVE,Software Engineering,ACTIVE,OPEN,40000.0,3,WEEKS,2,42,5,0,3,1,1,45.0,15,10,1,14,11,12,4,7,1,4,1,1,0,0.0,0.0,0.0,0,0,1,0,0.0,SUCCESS,1,0,40000.0,1,0,0,0,0,0,0,1,0,1,22,Medium
279,student0279@student.hitech.lk,ACTIVE,STUDENT,12,GD-UIUX-101,ACTIVE,Business Management,ACTIVE,ADMIN_ONLY,45000.0,8,WEEKS,1,171,12,8,0,0,4,91.67,12,2,0,6,8,14,4,5,5,3,2,2,2,53.54,58.04,49.05,1,1,0,1,55.86,SUCCESS,1,0,45000.0,1,3,0,0,1,0,2,1,0,1,30,Medium
566,student0566@student.hitech.lk,PENDING_VERIFICATION,STUDENT,4,DS-PY-101,ACTIVE,Business Management,ACTIVE,OPEN,50000.0,4,MONTHS,2,85,9,0,4,5,0,22.22,28,5,0,29,4,7,3,2,2,3,2,1,1,45.38,45.38,45.38,0,1,0,1,51.76,PENDING,0,0,0.0,1,1,0,0,0,1,0,1,1,0,18,Medium
493,student0493@student.hitech.lk,ACTIVE,STUDENT,10,IT-NET-100,ARCHIVED,Data Science,ACTIVE,OPEN,35000.0,8,WEEKS,1,102,12,9,2,0,1,89.58,26,8,0,16,18,14,5,7,2,1,1,1,1,74.42,74.42,74.42,1,0,0,0,78.06,SUCCESS,1,0,35000.0,1,0,0,0,0,0,0,1,1,0,3,Good
154,student0154@student.hitech.lk,ACTIVE,STUDENT,10,IT-NET-100,ARCHIVED,Data Science,ACTIVE,OPEN,35000.0,8,WEEKS,1,89,12,12,0,0,0,100.0,26,8,0,16,18,14,5,7,2,1,1,1,1,93.4,93.4,93.4,1,0,0,0,100.0,PENDING,0,0,0.0,1,0,0,0,0,0,0,0,0,0,0,Good
198,student0198@student.hitech.lk,ACTIVE,STUDENT,10,IT-NET-100,ARCHIVED,Data Science,ACTIVE,OPEN,35000.0,8,WEEKS,1,26,3,0,1,2,0,16.67,26,8,0,16,18,14,5,7,2,1,0,0,0,0.0,0.0,0.0,0,0,0,0,0.0,SUCCESS,3,0,35000.0,1,0,0,0,0,0,0,1,1,0,31,Low
9,student0009@student.hitech.lk,ACTIVE,STUDENT,7,BM-COMM-110,ACTIVE,Cloud Computing,ACTIVE,OPEN,35000.0,3,WEEKS,1,134,13,8,1,3,1,71.15,13,3,3,7,9,11,3,5,3,1,1,1,1,64.71,64.71,64.71,1,0,0,0,68.86,SUCCESS,1,0,35000.0,1,1,0,0,1,0,0,1,0,1,4,Average
393,student0393@student.hitech.lk,ACTIVE,STUDENT,5,DS-ML-210,ACTIVE,Digital Marketing,ACTIVE,OPEN,45000.0,10,WEEKS,2,71,8,7,0,0,1,96.88,8,9,1,16,1,5,2,3,0,5,3,2,2,58.79,67.05,50.52,2,0,0,0,55.73,SUCCESS,1,0,45000.0,1,1,0,0,1,0,0,1,0,1,17,Average
214,student0214@student.hitech.lk,ACTIVE,STUDENT,11,CC-AWS-101,ACTIVE,Cybersecurity,REMOVED,ADMIN_ONLY,40000.0,12,WEEKS,1,67,4,0,2,1,1,43.75,4,14,0,4,14,7,2,3,2,4,1,1,1,36.31,36.31,36.31,0,1,0,2,35.92,SUCCESS,1,0,40000.0,2,3,2,1,2,0,1,2,1,1,52,Low
360,student0360@student.hitech.lk,ACTIVE,STUDENT,10,IT-NET-100,ARCHIVED,Data Science,ACTIVE,OPEN,35000.0,8,WEEKS,1,90,11,8,1,1,1,84.09,26,8,0,16,18,14,5,7,2,1,1,1,1,82.71,82.71,82.71,1,0,0,0,84.29,SUCCESS,3,0,35000.0,2,0,0,0,0,0,0,0,0,0,7,Good
447,student0447@student.hitech.lk,ACTIVE,STUDENT,4,DS-PY-101,ACTIVE,Business Management,ACTIVE,OPEN,50000.0,4,MONTHS,2,56,7,5,1,1,0,78.57,28,5,0,29,4,7,3,2,2,3,3,3,3,92.9,98.73,84.96,3,0,0,0,95.59,SUCCESS,1,1,50000.0,1,1,0,0,1,0,0,2,2,0,3,Good
516,student0516@student.hitech.lk,ACTIVE,STUDENT,1,SE-JAVA-101,ACTIVE,Software Engineering,ACTIVE,OPEN,40000.0,3,WEEKS,2,87,11,8,1,2,0,77.27,15,10,1,14,11,12,4,7,1,4,4,4,4,80.59,87.12,75.28,4,0,0,1,82.69,SUCCESS,1,0,40000.0,1,1,0,0,0,0,1,1,1,0,2,Good
453,student0453@student.hitech.lk,ACTIVE,STUDENT,9,DM-SEO-101,ARCHIVED,Software Engineering,COMPLETED,OPEN,30000.0,12,WEEKS,2,82,11,10,0,0,1,97.73,13,2,0,5,10,13,4,6,3,5,5,5,5,76.55,90.05,60.94,5,0,0,0,75.6,SUCCESS,1,0,30000.0,1,0,0,0,0,0,0,2,2,0,5,Good
375,student0375@student.hitech.lk,ACTIVE,STUDENT,1,SE-JAVA-101,ACTIVE,Software Engineering,COMPLETED,OPEN,40000.0,3,WEEKS,2,226,15,0,3,12,0,10.0,15,10,1,14,11,12,4,7,1,4,1,1,1,29.04,29.04,29.04,0,1,0,3,29.67,SUCCESS,2,0,40000.0,1,3,3,0,1,1,1,1,0,1,76,Low
334,student0334@student.hitech.lk,ACTIVE,STUDENT,9,DM-SEO-101,ARCHIVED,Software Engineering,REMOVED,OPEN,30000.0,12,WEEKS,2,21,3,0,2,1,0,33.33,13,2,0,5,10,13,4,6,3,5,1,0,0,0.0,0.0,0.0,0,0,0,5,0.0,PENDING,0,1,0.0,1,3,3,0,2,1,0,0,0,0,46,Low
350,student0350@student.hitech.lk,ACTIVE,STUDENT,7,BM-COMM-110,ACTIVE,Cloud Computing,ACTIVE,OPEN,35000.0,3,WEEKS,1,67,8,6,2,0,0,87.5,13,3,3,7,9,11,3,5,3,1,1,1,1,100.0,100.0,100.0,1,0,0,0,100.0,SUCCESS,1,0,35000.0,1,0,0,0,0,0,0,0,0,0,7,Good
833,student0833@student.hitech.lk,ACTIVE,STUDENT,1,SE-JAVA-101,ACTIVE,Software Engineering,ACTIVE,OPEN,40000.0,3,WEEKS,2,181,15,10,4,1,0,80.0,15,10,1,14,11,12,4,7,1,4,3,3,3,78.74,83.62,74.69,3,0,0,0,78.04,SUCCESS,1,0,40000.0,1,2,0,0,1,0,1,1,1,0,10,Average
667,student0667@student.hitech.lk,ACTIVE,STUDENT,9,DM-SEO-101,ARCHIVED,Software Engineering,COMPLETED,OPEN,30000.0,12,WEEKS,2,240,13,12,1,0,0,96.15,13,2,0,5,10,13,4,6,3,5,5,5,5,87.19,100.0,76.82,5,0,0,0,83.62,SUCCESS,1,0,30000.0,1,0,0,0,0,0,0,1,0,1,7,Good
570,student0570@student.hitech.lk,ACTIVE,STUDENT,1,SE-JAVA-101,ACTIVE,Software Engineering,ACTIVE,OPEN,40000.0,3,WEEKS,2,65,8,5,0,3,0,62.5,15,10,1,14,11,12,4,7,1,4,3,3,3,67.33,72.6,63.38,3,0,0,0,68.37,SUCCESS,1,0,40000.0,1,1,0,0,0,0,1,2,2,0,10,Average
193,student0193@student.hitech.lk,ACTIVE,STUDENT,2,SE-WEB-120,DRAFT,Data Science,REMOVED,ADMIN_ONLY,25000.0,16,WEEKS,3,81,3,1,1,0,1,75.0,28,10,0,16,22,9,5,4,0,1,1,1,1,59.29,59.29,59.29,1,0,0,0,61.31,SUCCESS,1,0,25000.0,2,0,0,0,0,0,0,0,0,0,21,Medium
575,student0575@student.hitech.lk,ACTIVE,STUDENT,2,SE-WEB-120,DRAFT,Data Science,ACTIVE,ADMIN_ONLY,25000.0,16,WEEKS,3,42,2,1,0,1,0,50.0,28,10,0,16,22,9,5,4,0,1,1,1,0,0.0,0.0,0.0,0,0,1,0,0.0,PENDING,0,0,0.0,1,0,0,0,0,0,0,1,1,0,20,Medium
485,student0485@student.hitech.lk,ACTIVE,STUDENT,7,BM-COMM-110,ACTIVE,Cloud Computing,ACTIVE,OPEN,35000.0,3,WEEKS,1,72,8,1,3,4,0,31.25,13,3,3,7,9,11,3,5,3,1,1,1,0,0.0,0.0,0.0,0,0,1,0,0.0,SUCCESS,1,0,35000.0,1,2,0,0,2,0,0,1,1,0,29,Medium
720,student0720@student.hitech.lk,ACTIVE,STUDENT,5,DS-ML-210,ACTIVE,Digital Marketing,ACTIVE,OPEN,45000.0,10,WEEKS,2,76,8,0,3,3,2,37.5,8,9,1,16,1,5,2,3,0,5,1,1,1,10.42,10.42,10.42,0,1,0,1,14.59,PENDING,0,0,0.0,1,2,1,0,1,1,0,0,0,0,73,Low
41,student0041@student.hitech.lk,ACTIVE,STUDENT,10,IT-NET-100,ARCHIVED,Data Science,ACTIVE,OPEN,35000.0,8,WEEKS,1,20,2,0,2,0,0,50.0,26,8,0,16,18,14,5,7,2,1,1,1,1,68.14,68.14,68.14,1,0,0,1,71.21,SUCCESS,1,0,35000.0,1,1,0,0,0,0,1,0,0,0,14,Average
47,student0047@student.hitech.lk,ACTIVE,STUDENT,4,DS-PY-101,ACTIVE,Business Management,COMPLETED,OPEN,50000.0,4,MONTHS,2,154,22,18,0,2,2,88.64,28,5,0,29,4,7,3,2,2,3,1,1,0,0.0,0.0,0.0,0,0,1,0,0.0,SUCCESS,1,0,50000.0,2,0,0,0,0,0,0,0,0,0,8,Average
717,student0717@student.hitech.lk,ACTIVE,STUDENT,10,IT-NET-100,ARCHIVED,Data Science,REMOVED,OPEN,35000.0,8,WEEKS,1,16,2,0,1,1,0,25.0,26,8,0,16,18,14,5,7,2,1,0,0,0,0.0,0.0,0.0,0,0,0,0,0.0,PENDING,0,0,0.0,1,0,0,0,0,0,0,1,1,0,37,Low
464,student0464@student.hitech.lk,ACTIVE,STUDENT,5,DS-ML-210,ACTIVE,Digital Marketing,COMPLETED,OPEN,45000.0,10,WEEKS,2,249,8,7,0,1,0,87.5,8,9,1,16,1,5,2,3,0,5,3,3,3,57.78,62.19,54.89,3,0,0,0,50.07,SUCCESS,3,1,45000.0,1,1,0,0,0,0,1,0,0,0,18,Average
214,student0214@student.hitech.lk,ACTIVE,STUDENT,8,BM-MGMT-201,ACTIVE,Graphic Design,ACTIVE,ADMIN_ONLY,50000.0,3,WEEKS,2,110,7,6,1,0,0,92.86,7,6,0,10,3,13,7,5,1,1,1,1,1,92.73,92.73,92.73,1,0,0,0,95.89,SUCCESS,1,0,50000.0,1,0,0,0,0,0,0,0,0,0,3,Good
281,student0281@student.hitech.lk,PENDING_VERIFICATION,STUDENT,11,CC-AWS-101,ACTIVE,Cybersecurity,ACTIVE,ADMIN_ONLY,40000.0,12,WEEKS,1,105,4,4,0,0,0,100.0,4,14,0,4,14,7,2,3,2,4,4,3,3,82.88,85.62,77.72,3,0,0,0,83.14,SUCCESS,1,0,40000.0,1,0,0,0,0,0,0,0,0,0,21,Good
819,student0819@student.hitech.lk,ACTIVE,STUDENT,5,DS-ML-210,ACTIVE,Digital Marketing,ACTIVE,OPEN,45000.0,10,WEEKS,2,56,8,0,2,5,1,21.88,8,9,1,16,1,5,2,3,0,5,2,2,2,51.2,53.6,48.79,1,1,0,4,50.53,FAILED,0,2,0.0,1,4,2,0,1,1,2,1,1,0,77,Low
358,student0358@student.hitech.lk,ACTIVE,STUDENT,11,CC-AWS-101,ACTIVE,Cybersecurity,ACTIVE,ADMIN_ONLY,40000.0,12,WEEKS,1,98,4,1,2,0,1,68.75,4,14,0,4,14,7,2,3,2,4,2,2,2,41.64,45.79,37.49,0,2,0,3,35.24,SUCCESS,1,0,40000.0,1,0,0,0,0,0,0,1,1,0,24,Medium
147,student0147@student.hitech.lk,PENDING_VERIFICATION,STUDENT,1,SE-JAVA-101,ACTIVE,Software Engineering,ACTIVE,OPEN,40000.0,3,WEEKS,2,53,7,5,2,0,0,85.71,15,10,1,14,11,12,4,7,1,4,4,4,4,83.22,89.08,79.38,4,0,0,1,75.67,SUCCESS,1,2,40000.0,2,0,0,0,0,0,0,1,1,0,11,Good
442,student0442@student.hitech.lk,ACTIVE,STUDENT,11,CC-AWS-101,ACTIVE,Cybersecurity,ACTIVE,ADMIN_ONLY,40000.0,12,WEEKS,1,139,4,3,1,0,0,87.5,4,14,0,4,14,7,2,3,2,4,3,3,3,82.06,89.25,75.2,3,0,0,0,86.45,SUCCESS,2,0,40000.0,1,0,0,0,0,0,0,1,1,0,0,Good
289,student0289@student.hitech.lk,ACTIVE,STUDENT,11,CC-AWS-101,ACTIVE,Cybersecurity,ACTIVE,ADMIN_ONLY,40000.0,12,WEEKS,1,123,4,3,1,0,0,87.5,4,14,0,4,14,7,2,3,2,4,4,4,4,85.8,94.32,74.61,4,0,0,1,82.22,SUCCESS,1,0,40000.0,1,0,0,0,0,0,0,0,0,0,3,Good
689,student0689@student.hitech.lk,ACTIVE,STUDENT,4,DS-PY-101,ACTIVE,Business Management,ACTIVE,OPEN,50000.0,4,MONTHS,2,178,27,13,1,13,0,50.0,28,5,0,29,4,7,3,2,2,3,2,1,1,58.03,58.03,58.03,1,0,0,0,58.9,SUCCESS,1,1,50000.0,1,0,0,0,0,0,0,2,1,1,34,Medium
541,student0541@student.hitech.lk,ACTIVE,STUDENT,10,IT-NET-100,ARCHIVED,Data Science,ACTIVE,OPEN,35000.0,8,WEEKS,1,72,10,5,1,4,0,55.0,26,8,0,16,18,14,5,7,2,1,0,0,0,0.0,0.0,0.0,0,0,0,0,0.0,SUCCESS,1,0,35000.0,1,0,0,0,0,0,0,4,4,0,29,Medium
420,student0420@student.hitech.lk,ACTIVE,STUDENT,12,GD-UIUX-101,ACTIVE,Business Management,ACTIVE,ADMIN_ONLY,45000.0,8,WEEKS,1,110,12,10,0,2,0,83.33,12,2,0,6,8,14,4,5,5,3,2,2,2,90.55,91.54,89.56,2,0,0,0,94.11,PENDING,0,1,0.0,1,0,0,0,0,0,0,0,0,0,0,Good
92,student0092@student.hitech.lk,ACTIVE,STUDENT,5,DS-ML-210,ACTIVE,Digital Marketing,REMOVED,OPEN,45000.0,10,WEEKS,2,26,4,1,1,1,1,56.25,8,9,1,16,1,5,2,3,0,5,3,3,3,48.74,54.68,37.36,2,1,0,0,51.31,SUCCESS,1,0,45000.0,2,1,1,0,0,1,0,1,1,0,33,Medium
212,student0212@student.hitech.lk,PENDING_VERIFICATION,STUDENT,9,DM-SEO-101,ARCHIVED,Software Engineering,COMPLETED,OPEN,30000.0,12,WEEKS,2,165,13,13,0,0,0,100.0,13,2,0,5,10,13,4,6,3,5,5,5,5,95.68,99.04,92.18,5,0,0,0,94.56,SUCCESS,2,1,30000.0,1,1,0,0,0,1,0,1,1,0,16,Good
228,student0228@student.hitech.lk,ACTIVE,STUDENT,7,BM-COMM-110,ACTIVE,Cloud Computing,ACTIVE,OPEN,35000.0,3,WEEKS,1,58,7,4,1,2,0,64.29,13,3,3,7,9,11,3,5,3,1,1,0,0,0.0,0.0,0.0,0,0,0,2,0.0,SUCCESS,2,2,35000.0,1,0,0,0,0,0,0,1,1,0,5,Average
549,student0549@student.hitech.lk,ACTIVE,STUDENT,5,DS-ML-210,ACTIVE,Digital Marketing,ACTIVE,OPEN,45000.0,10,WEEKS,2,56,8,5,0,3,0,62.5,8,9,1,16,1,5,2,3,0,5,3,2,2,55.45,57.82,53.07,2,0,0,0,61.98,PENDING,0,0,0.0,1,1,1,0,1,0,0,0,0,0,39,Medium
744,student0744@student.hitech.lk,ACTIVE,STUDENT,5,DS-ML-210,ACTIVE,Digital Marketing,ACTIVE,OPEN,45000.0,10,WEEKS,2,73,8,6,0,2,0,75.0,8,9,1,16,1,5,2,3,0,5,4,4,4,69.92,80.1,50.75,4,0,0,1,68.57,SUCCESS,2,0,45000.0,1,0,0,0,0,0,0,0,0,0,4,Average
152,student0152@student.hitech.lk,INACTIVE,STUDENT,12,GD-UIUX-101,ACTIVE,Business Management,ACTIVE,ADMIN_ONLY,45000.0,8,WEEKS,1,34,4,3,0,0,1,93.75,12,2,0,6,8,14,4,5,5,3,3,3,3,80.7,81.04,80.35,3,0,0,0,81.73,SUCCESS,1,0,45000.0,1,1,1,0,0,1,0,1,1,0,18,Good
519,student0519@student.hitech.lk,ACTIVE,STUDENT,10,IT-NET-100,ARCHIVED,Data Science,ACTIVE,OPEN,35000.0,8,WEEKS,1,56,6,5,0,1,0,83.33,26,8,0,16,18,14,5,7,2,1,1,1,1,94.49,94.49,94.49,1,0,0,0,94.15,SUCCESS,1,0,35000.0,2,0,0,0,0,0,0,2,1,1,3,Good
300,student0300@student.hitech.lk,ACTIVE,STUDENT,11,CC-AWS-101,ACTIVE,Cybersecurity,ACTIVE,ADMIN_ONLY,40000.0,12,WEEKS,1,114,4,1,2,0,1,68.75,4,14,0,4,14,7,2,3,2,4,3,3,3,74.36,78.0,67.07,3,0,0,0,75.66,SUCCESS,2,1,40000.0,1,0,0,0,0,0,0,0,0,0,17,Average
557,student0557@student.hitech.lk,ACTIVE,STUDENT,6,CY-SEC-110,ACTIVE,Information Technology,ACTIVE,OPEN,50000.0,16,WEEKS,1,142,16,7,2,6,1,54.69,20,9,0,15,14,17,4,8,5,5,3,3,2,44.69,46.33,43.05,0,2,1,0,41.58,PENDING,0,0,0.0,1,1,0,0,1,0,0,2,0,2,23,Medium
841,student0841@student.hitech.lk,ACTIVE,STUDENT,4,DS-PY-101,ACTIVE,Business Management,COMPLETED,OPEN,50000.0,4,MONTHS,2,198,28,22,1,5,0,80.36,28,5,0,29,4,7,3,2,2,3,2,2,2,67.09,74.21,59.97,2,0,0,0,68.5,SUCCESS,1,0,50000.0,1,1,0,0,0,0,1,1,0,1,7,Average
670,student0670@student.hitech.lk,ACTIVE,STUDENT,3,SE-DB-130,ACTIVE,Cybersecurity,REMOVED,OPEN,50000.0,4,MONTHS,1,7,1,0,1,0,0,50.0,26,8,2,32,2,9,3,4,2,4,4,4,4,79.93,87.91,71.14,4,0,0,1,83.87,SUCCESS,2,0,50000.0,1,0,0,0,0,0,0,1,1,0,7,Good
596,student0596@student.hitech.lk,INACTIVE,STUDENT,9,DM-SEO-101,ARCHIVED,Software Engineering,ACTIVE,OPEN,30000.0,12,WEEKS,2,155,13,8,3,2,0,73.08,13,2,0,5,10,13,4,6,3,5,4,4,4,67.11,78.1,59.58,4,0,0,0,66.37,SUCCESS,1,0,30000.0,1,0,0,0,0,0,0,1,1,0,27,Good
168,student0168@student.hitech.lk,ACTIVE,STUDENT,10,IT-NET-100,ARCHIVED,Data Science,ACTIVE,OPEN,35000.0,8,WEEKS,1,48,8,4,3,1,0,68.75,26,8,0,16,18,14,5,7,2,1,1,1,1,72.48,72.48,72.48,1,0,0,1,72.73,SUCCESS,2,1,35000.0,1,2,1,0,1,1,0,1,1,0,10,Average
660,student0660@student.hitech.lk,INACTIVE,STUDENT,2,SE-WEB-120,DRAFT,Data Science,ACTIVE,ADMIN_ONLY,25000.0,16,WEEKS,3,19,2,1,1,0,0,75.0,28,10,0,16,22,9,5,4,0,1,1,1,1,78.23,78.23,78.23,1,0,0,0,72.43,SUCCESS,1,0,25000.0,2,0,0,0,0,0,0,1,1,0,14,Good
6,student0006@student.hitech.lk,ACTIVE,STUDENT,10,IT-NET-100,ARCHIVED,Data Science,ACTIVE,OPEN,35000.0,8,WEEKS,1,93,12,11,0,1,0,91.67,26,8,0,16,18,14,5,7,2,1,1,1,1,46.69,46.69,46.69,0,1,0,1,45.35,SUCCESS,1,0,35000.0,1,1,0,0,0,0,1,1,1,0,13,Average
343,student0343@student.hitech.lk,ACTIVE,STUDENT,7,BM-COMM-110,ACTIVE,Cloud Computing,ACTIVE,OPEN,35000.0,3,WEEKS,1,73,8,4,0,3,1,59.38,13,3,3,7,9,11,3,5,3,1,1,1,1,39.85,39.85,39.85,0,1,0,1,34.55,PENDING,0,0,0.0,1,0,0,0,0,0,0,1,1,0,40,Medium
562,student0562@student.hitech.lk,ACTIVE,STUDENT,12,GD-UIUX-101,ACTIVE,Business Management,ACTIVE,ADMIN_ONLY,45000.0,8,WEEKS,1,36,4,3,0,0,1,93.75,12,2,0,6,8,14,4,5,5,3,3,2,2,81.15,85.87,76.43,2,0,0,1,79.97,SUCCESS,1,1,45000.0,1,0,0,0,0,0,0,0,0,0,5,Good
181,student0181@student.hitech.lk,ACTIVE,STUDENT,11,CC-AWS-101,ACTIVE,Cybersecurity,REMOVED,ADMIN_ONLY,40000.0,12,WEEKS,1,46,4,0,1,0,3,68.75,4,14,0,4,14,7,2,3,2,4,1,1,1,25.56,25.56,25.56,0,1,0,0,27.73,SUCCESS,3,0,40000.0,1,2,0,0,0,1,1,0,0,0,31,Low
441,student0441@student.hitech.lk,PENDING_VERIFICATION,STUDENT,12,GD-UIUX-101,ACTIVE,Business Management,ACTIVE,ADMIN_ONLY,45000.0,8,WEEKS,1,45,7,4,0,3,0,57.14,12,2,0,6,8,14,4,5,5,3,2,2,2,47.26,48.34,46.18,0,2,0,2,46.75,SUCCESS,2,0,45000.0,1,0,0,0,0,0,0,2,0,2,33,Medium
714,student0714@student.hitech.lk,ACTIVE,STUDENT,4,DS-PY-101,ACTIVE,Business Management,COMPLETED,OPEN,50000.0,4,MONTHS,2,200,28,16,1,10,1,61.61,28,5,0,29,4,7,3,2,2,3,2,2,2,66.34,68.32,64.36,2,0,0,2,62.88,SUCCESS,1,0,50000.0,1,1,0,0,0,0,1,1,1,0,3,Average
765,student0765@student.hitech.lk,PENDING_VERIFICATION,STUDENT,3,SE-DB-130,ACTIVE,Cybersecurity,ACTIVE,OPEN,50000.0,4,MONTHS,1,83,13,13,0,0,0,100.0,26,8,2,32,2,9,3,4,2,4,3,2,2,81.62,83.99,79.25,2,0,0,0,80.74,SUCCESS,1,0,50000.0,1,0,0,0,0,0,0,4,4,0,11,Good
814,student0814@student.hitech.lk,ACTIVE,STUDENT,3,SE-DB-130,ACTIVE,Cybersecurity,ACTIVE,OPEN,50000.0,4,MONTHS,1,103,12,1,3,7,1,27.08,26,8,2,32,2,9,3,4,2,4,2,2,2,39.06,39.68,38.44,0,2,0,3,33.8,FAILED,0,1,0.0,1,2,0,0,2,0,0,2,2,0,46,Low
640,student0640@student.hitech.lk,ACTIVE,STUDENT,1,SE-JAVA-101,ACTIVE,Software Engineering,ACTIVE,OPEN,40000.0,3,WEEKS,2,49,6,4,1,1,0,75.0,15,10,1,14,11,12,4,7,1,4,3,3,3,70.13,76.25,61.08,3,0,0,0,71.03,SUCCESS,1,0,40000.0,1,0,0,0,0,0,0,1,1,0,6,Average
176,student0176@student.hitech.lk,ACTIVE,STUDENT,6,CY-SEC-110,ACTIVE,Information Technology,COMPLETED,OPEN,50000.0,16,WEEKS,1,164,20,15,0,5,0,75.0,20,9,0,15,14,17,4,8,5,5,4,4,4,67.11,72.31,61.54,4,0,0,0,70.03,SUCCESS,2,0,50000.0,2,0,0,0,0,0,0,0,0,0,15,Average
463,student0463@student.hitech.lk,ACTIVE,STUDENT,1,SE-JAVA-101,ACTIVE,Software Engineering,ACTIVE,OPEN,40000.0,3,WEEKS,2,87,15,12,0,3,0,80.0,15,10,1,14,11,12,4,7,1,4,2,2,1,60.45,60.45,60.45,1,0,1,1,55.53,PENDING,0,0,0.0,1,1,0,0,0,0,1,1,1,0,13,Average
330,student0330@student.hitech.lk,ACTIVE,STUDENT,5,DS-ML-210,ACTIVE,Digital Marketing,ACTIVE,OPEN,45000.0,10,WEEKS,2,57,7,5,0,2,0,71.43,8,9,1,16,1,5,2,3,0,5,3,3,3,71.65,73.01,69.7,3,0,0,0,61.87,SUCCESS,2,1,45000.0,1,2,0,0,2,0,0,1,1,0,12,Average
234,student0234@student.hitech.lk,ACTIVE,STUDENT,5,DS-ML-210,ACTIVE,Digital Marketing,ACTIVE,OPEN,45000.0,10,WEEKS,2,160,8,6,0,2,0,75.0,8,9,1,16,1,5,2,3,0,5,5,4,3,79.62,97.59,62.66,3,0,1,0,77.23,SUCCESS,1,1,45000.0,2,0,0,0,0,0,0,0,0,0,4,Good
773,student0773@student.hitech.lk,ACTIVE,STUDENT,12,GD-UIUX-101,ACTIVE,Business Management,COMPLETED,ADMIN_ONLY,45000.0,8,WEEKS,1,147,12,8,1,3,0,70.83,12,2,0,6,8,14,4,5,5,3,1,1,1,60.86,60.86,60.86,1,0,0,1,63.1,SUCCESS,2,0,45000.0,1,0,0,0,0,0,0,0,0,0,16,Medium
187,student0187@student.hitech.lk,PENDING_VERIFICATION,STUDENT,12,GD-UIUX-101,ACTIVE,Business Management,REMOVED,ADMIN_ONLY,45000.0,8,WEEKS,1,94,12,5,2,5,0,50.0,12,2,0,6,8,14,4,5,5,3,2,2,2,65.9,68.16,63.65,2,0,0,0,68.3,SUCCESS,1,0,45000.0,1,0,0,0,0,0,0,1,1,0,18,Average
526,student0526@student.hitech.lk,ACTIVE,STUDENT,1,SE-JAVA-101,ACTIVE,Software Engineering,COMPLETED,OPEN,40000.0,3,WEEKS,2,212,15,6,3,5,1,55.0,15,10,1,14,11,12,4,7,1,4,2,2,2,59.39,59.74,59.04,2,0,0,4,55.86,SUCCESS,1,0,40000.0,1,2,0,0,2,0,0,0,0,0,25,Medium
46,student0046@student.hitech.lk,ACTIVE,STUDENT,3,SE-DB-130,ACTIVE,Cybersecurity,COMPLETED,OPEN,50000.0,4,MONTHS,1,163,21,20,1,0,0,97.62,26,8,2,32,2,9,3,4,2,4,2,2,2,68.43,70.36,66.5,2,0,0,0,76.25,SUCCESS,3,0,50000.0,1,0,0,0,0,0,0,2,2,0,6,Average
353,student0353@student.hitech.lk,ACTIVE,STUDENT,12,GD-UIUX-101,ACTIVE,Business Management,REMOVED,ADMIN_ONLY,45000.0,8,WEEKS,1,45,7,0,2,4,1,25.0,12,2,0,6,8,14,4,5,5,3,1,0,0,0.0,0.0,0.0,0,0,0,3,0.0,FAILED,0,2,0.0,0,1,0,0,0,1,0,0,0,0,47,Low
539,student0539@student.hitech.lk,ACTIVE,STUDENT,2,SE-WEB-120,DRAFT,Data Science,ACTIVE,ADMIN_ONLY,25000.0,16,WEEKS,3,74,0,0,0,0,0,0.0,28,10,0,16,22,9,5,4,0,1,0,0,0,0.0,0.0,0.0,0,0,0,0,0.0,SUCCESS,1,0,25000.0,1,0,0,0,0,0,0,2,0,2,37,Medium
778,student0778@student.hitech.lk,ACTIVE,STUDENT,8,BM-MGMT-201,ACTIVE,Graphic Design,ACTIVE,ADMIN_ONLY,50000.0,3,WEEKS,2,67,7,2,1,1,3,67.86,7,6,0,10,3,13,7,5,1,1,0,0,0,0.0,0.0,0.0,0,0,0,0,0.0,PENDING,0,0,0.0,1,2,2,1,1,1,0,0,0,0,60,Low
335,student0335@student.hitech.lk,ACTIVE,STUDENT,8,BM-MGMT-201,ACTIVE,Graphic Design,ACTIVE,ADMIN_ONLY,50000.0,3,WEEKS,2,61,7,4,2,0,1,82.14,7,6,0,10,3,13,7,5,1,1,1,1,1,81.7,81.7,81.7,1,0,0,0,83.24,SUCCESS,1,0,50000.0,1,0,0,0,0,0,0,0,0,0,5,Good
533,student0533@student.hitech.lk,ACTIVE,STUDENT,7,BM-COMM-110,ACTIVE,Cloud Computing,ACTIVE,OPEN,35000.0,3,WEEKS,1,49,6,2,2,0,2,75.0,13,3,3,7,9,11,3,5,3,1,1,0,0,0.0,0.0,0.0,0,0,0,0,0.0,PENDING,0,0,0.0,1,0,0,0,0,0,0,2,1,1,9,Average
739,student0739@student.hitech.lk,ACTIVE,STUDENT,8,BM-MGMT-201,ACTIVE,Graphic Design,ACTIVE,ADMIN_ONLY,50000.0,3,WEEKS,2,25,3,3,0,0,0,100.0,7,6,0,10,3,13,7,5,1,1,1,1,1,100.0,100.0,100.0,1,0,0,0,100.0,SUCCESS,2,1,50000.0,1,0,0,0,0,0,0,0,0,0,6,Good
235,student0235@student.hitech.lk,ACTIVE,STUDENT,4,DS-PY-101,ACTIVE,Business Management,ACTIVE,OPEN,50000.0,4,MONTHS,2,82,10,6,2,2,0,70.0,28,5,0,29,4,7,3,2,2,3,1,1,1,48.96,48.96,48.96,0,1,0,2,54.75,FAILED,0,1,0.0,0,1,1,0,0,0,1,0,0,0,31,Medium
840,student0840@student.hitech.lk,ACTIVE,STUDENT,12,GD-UIUX-101,ACTIVE,Business Management,REMOVED,ADMIN_ONLY,45000.0,8,WEEKS,1,16,1,1,0,0,0,100.0,12,2,0,6,8,14,4,5,5,3,1,1,1,75.16,75.16,75.16,1,0,0,1,72.88,SUCCESS,1,0,45000.0,1,1,0,0,1,0,0,0,0,0,17,Medium
597,student0597@student.hitech.lk,PENDING_VERIFICATION,STUDENT,12,GD-UIUX-101,ACTIVE,Business Management,COMPLETED,ADMIN_ONLY,45000.0,8,WEEKS,1,133,12,8,1,3,0,70.83,12,2,0,6,8,14,4,5,5,3,2,2,2,70.54,73.76,67.33,2,0,0,1,70.86,SUCCESS,1,1,45000.0,1,1,0,0,0,1,0,0,0,0,30,Average
3,student0003@student.hitech.lk,ACTIVE,STUDENT,8,BM-MGMT-201,ACTIVE,Graphic Design,COMPLETED,ADMIN_ONLY,50000.0,3,WEEKS,2,138,7,6,0,1,0,85.71,7,6,0,10,3,13,7,5,1,1,1,1,0,0.0,0.0,0.0,0,0,1,0,0.0,PENDING,0,0,0.0,1,1,0,0,0,1,0,0,0,0,7,Good
805,student0805@student.hitech.lk,ACTIVE,STUDENT,4,DS-PY-101,ACTIVE,Business Management,ACTIVE,OPEN,50000.0,4,MONTHS,2,46,8,4,2,2,0,62.5,28,5,0,29,4,7,3,2,2,3,2,2,1,62.84,62.84,62.84,1,0,1,1,61.14,SUCCESS,2,0,50000.0,1,0,0,0,0,0,0,0,0,0,18,Average
136,student0136@student.hitech.lk,ACTIVE,STUDENT,4,DS-PY-101,ACTIVE,Business Management,COMPLETED,OPEN,50000.0,4,MONTHS,2,138,21,14,3,4,0,73.81,28,5,0,29,4,7,3,2,2,3,2,1,1,63.21,63.21,63.21,1,0,0,0,63.58,SUCCESS,1,1,50000.0,1,0,0,0,0,0,0,2,1,1,27,Medium
543,student0543@student.hitech.lk,ACTIVE,STUDENT,5,DS-ML-210,ACTIVE,Digital Marketing,ACTIVE,OPEN,45000.0,10,WEEKS,2,68,7,3,1,3,0,50.0,8,9,1,16,1,5,2,3,0,5,4,3,3,84.37,87.19,81.38,3,0,0,0,82.72,SUCCESS,2,0,45000.0,1,0,0,0,0,0,0,1,1,0,17,Average
387,student0387@student.hitech.lk,PENDING_VERIFICATION,STUDENT,3,SE-DB-130,ACTIVE,Cybersecurity,ACTIVE,OPEN,50000.0,4,MONTHS,1,40,6,0,1,5,0,8.33,26,8,2,32,2,9,3,4,2,4,1,1,1,28.46,28.46,28.46,0,1,0,2,25.41,PENDING,0,0,0.0,1,2,2,0,0,2,0,2,1,1,93,Low
647,student0647@student.hitech.lk,ACTIVE,STUDENT,11,CC-AWS-101,ACTIVE,Cybersecurity,ACTIVE,ADMIN_ONLY,40000.0,12,WEEKS,1,57,4,0,2,2,0,25.0,4,14,0,4,14,7,2,3,2,4,2,2,2,43.98,48.67,39.28,0,2,0,1,45.87,SUCCESS,1,0,40000.0,1,0,0,0,0,0,0,0,0,0,23,Medium
211,student0211@student.hitech.lk,ACTIVE,STUDENT,9,DM-SEO-101,ARCHIVED,Software Engineering,COMPLETED,OPEN,30000.0,12,WEEKS,2,128,13,11,0,2,0,84.62,13,2,0,5,10,13,4,6,3,5,5,5,5,76.88,82.41,69.32,5,0,0,0,77.75,SUCCESS,1,0,30000.0,1,0,0,0,0,0,0,0,0,0,6,Good
294,student0294@student.hitech.lk,ACTIVE,STUDENT,5,DS-ML-210,ACTIVE,Digital Marketing,COMPLETED,OPEN,45000.0,10,WEEKS,2,151,8,4,3,1,0,68.75,8,9,1,16,1,5,2,3,0,5,5,5,5,91.99,99.37,83.93,5,0,0,1,86.61,SUCCESS,1,0,45000.0,1,0,0,0,0,0,0,1,1,0,1,Good
94,student0094@student.hitech.lk,ACTIVE,STUDENT,7,BM-COMM-110,ACTIVE,Cloud Computing,REMOVED,OPEN,35000.0,3,WEEKS,1,107,13,4,2,7,0,38.46,13,3,3,7,9,11,3,5,3,1,0,0,0,0.0,0.0,0.0,0,0,0,0,0.0,SUCCESS,1,0,35000.0,1,0,0,0,0,0,0,3,1,2,25,Medium
831,student0831@student.hitech.lk,ACTIVE,STUDENT,3,SE-DB-130,ACTIVE,Cybersecurity,REMOVED,OPEN,50000.0,4,MONTHS,1,29,3,0,2,0,1,58.33,26,8,2,32,2,9,3,4,2,4,2,2,2,64.5,70.57,58.43,2,0,0,0,62.48,SUCCESS,1,1,50000.0,1,0,0,0,0,0,0,1,0,1,27,Medium
338,student0338@student.hitech.lk,ACTIVE,STUDENT,5,DS-ML-210,ACTIVE,Digital Marketing,COMPLETED,OPEN,45000.0,10,WEEKS,2,174,8,6,0,1,1,84.38,8,9,1,16,1,5,2,3,0,5,4,4,4,69.06,82.83,58.99,4,0,0,0,65.83,SUCCESS,2,0,45000.0,1,0,0,0,0,0,0,1,1,0,7,Average
480,student0480@student.hitech.lk,ACTIVE,STUDENT,5,DS-ML-210,ACTIVE,Digital Marketing,COMPLETED,OPEN,45000.0,10,WEEKS,2,167,8,4,2,1,1,71.88,8,9,1,16,1,5,2,3,0,5,4,3,3,75.52,81.53,67.51,3,0,0,0,80.03,SUCCESS,2,0,45000.0,1,0,0,0,0,0,0,1,1,0,13,Average
480,student0480@student.hitech.lk,ACTIVE,STUDENT,9,DM-SEO-101,ARCHIVED,Software Engineering,COMPLETED,OPEN,30000.0,12,WEEKS,2,133,13,10,1,2,0,80.77,13,2,0,5,10,13,4,6,3,5,3,3,3,70.72,78.57,57.71,3,0,0,0,72.87,SUCCESS,1,0,30000.0,1,0,0,0,0,0,0,1,1,0,13,Average
459,student0459@student.hitech.lk,ACTIVE,STUDENT,2,SE-WEB-120,DRAFT,Data Science,ACTIVE,ADMIN_ONLY,25000.0,16,WEEKS,3,157,0,0,0,0,0,0.0,28,10,0,16,22,9,5,4,0,1,1,1,1,56.96,56.96,56.96,1,0,0,2,58.9,PENDING,0,0,0.0,1,1,0,1,1,0,0,0,0,0,29,Medium
398,student0398@student.hitech.lk,ACTIVE,STUDENT,7,BM-COMM-110,ACTIVE,Cloud Computing,COMPLETED,OPEN,35000.0,3,WEEKS,1,221,13,9,1,2,1,78.85,13,3,3,7,9,11,3,5,3,1,1,1,1,83.44,83.44,83.44,1,0,0,1,81.51,SUCCESS,1,0,35000.0,1,0,0,0,0,0,0,0,0,0,17,Average
404,student0404@student.hitech.lk,ACTIVE,STUDENT,6,CY-SEC-110,ACTIVE,Information Technology,ACTIVE,OPEN,50000.0,16,WEEKS,1,144,20,13,1,4,2,75.0,20,9,0,15,14,17,4,8,5,5,2,2,2,55.01,60.47,49.55,1,1,0,1,60.73,SUCCESS,2,0,50000.0,1,0,0,0,0,0,0,0,0,0,38,Medium
643,student0643@student.hitech.lk,ACTIVE,STUDENT,10,IT-NET-100,ARCHIVED,Data Science,ACTIVE,OPEN,35000.0,8,WEEKS,1,67,9,5,1,3,0,61.11,26,8,0,16,18,14,5,7,2,1,1,0,0,0.0,0.0,0.0,0,0,0,1,0.0,SUCCESS,1,1,35000.0,1,0,0,0,0,0,0,1,0,1,8,Average
295,student0295@student.hitech.lk,PENDING_VERIFICATION,STUDENT,4,DS-PY-101,ACTIVE,Business Management,ACTIVE,OPEN,50000.0,4,MONTHS,2,70,8,5,1,2,0,68.75,28,5,0,29,4,7,3,2,2,3,3,3,3,91.75,98.9,80.28,3,0,0,1,94.5,SUCCESS,1,0,50000.0,1,0,0,0,0,0,0,0,0,0,20,Good
41,student0041@student.hitech.lk,ACTIVE,STUDENT,2,SE-WEB-120,DRAFT,Data Science,COMPLETED,ADMIN_ONLY,25000.0,16,WEEKS,3,202,2,0,2,0,0,50.0,28,10,0,16,22,9,5,4,0,1,1,1,1,65.03,65.03,65.03,1,0,0,0,60.44,SUCCESS,2,0,25000.0,1,0,0,0,0,0,0,2,2,0,9,Average
712,student0712@student.hitech.lk,ACTIVE,STUDENT,7,BM-COMM-110,ACTIVE,Cloud Computing,ACTIVE,OPEN,35000.0,3,WEEKS,1,110,13,12,1,0,0,96.15,13,3,3,7,9,11,3,5,3,1,1,1,1,74.21,74.21,74.21,1,0,0,0,79.23,SUCCESS,1,0,35000.0,1,0,0,0,0,0,0,2,2,0,1,Good
365,student0365@student.hitech.lk,ACTIVE,STUDENT,10,IT-NET-100,ARCHIVED,Data Science,REMOVED,OPEN,35000.0,8,WEEKS,1,11,1,0,0,1,0,0.0,26,8,0,16,18,14,5,7,2,1,0,0,0,0.0,0.0,0.0,0,0,0,0,0.0,PENDING,0,1,0.0,1,0,0,0,0,0,0,0,0,0,64,Low
336,student0336@student.hitech.lk,ACTIVE,STUDENT,4,DS-PY-101,ACTIVE,Business Management,ACTIVE,OPEN,50000.0,4,MONTHS,2,61,8,7,0,1,0,87.5,28,5,0,29,4,7,3,2,2,3,3,3,2,92.1,96.53,87.67,2,0,1,0,94.96,SUCCESS,1,0,50000.0,1,0,0,0,0,0,0,0,0,0,2,Good
323,student0323@student.hitech.lk,ACTIVE,STUDENT,2,SE-WEB-120,DRAFT,Data Science,COMPLETED,ADMIN_ONLY,25000.0,16,WEEKS,3,133,3,0,2,1,0,33.33,28,10,0,16,22,9,5,4,0,1,0,0,0,0.0,0.0,0.0,0,0,0,0,0.0,SUCCESS,2,0,25000.0,1,2,1,0,1,0,1,1,0,1,26,Medium
274,student0274@student.hitech.lk,ACTIVE,STUDENT,1,SE-JAVA-101,ACTIVE,Software Engineering,REMOVED,OPEN,40000.0,3,WEEKS,2,132,15,6,2,5,2,56.67,15,10,1,14,11,12,4,7,1,4,2,2,2,52.48,57.88,47.09,1,1,0,0,47.19,PENDING,0,0,0.0,1,0,0,0,0,0,0,0,0,0,39,Medium
540,student0540@student.hitech.lk,ACTIVE,STUDENT,2,SE-WEB-120,DRAFT,Data Science,ACTIVE,ADMIN_ONLY,25000.0,16,WEEKS,3,11,3,3,0,0,0,100.0,28,10,0,16,22,9,5,4,0,1,1,1,1,80.19,80.19,80.19,1,0,0,2,70.98,FAILED,0,1,0.0,1,1,1,0,0,1,0,1,1,0,6,Average
270,student0270@student.hitech.lk,ACTIVE,STUDENT,8,BM-MGMT-201,ACTIVE,Graphic Design,ACTIVE,ADMIN_ONLY,50000.0,3,WEEKS,2,10,1,1,0,0,0,100.0,7,6,0,10,3,13,7,5,1,1,1,1,1,88.04,88.04,88.04,1,0,0,0,92.87,SUCCESS,1,0,50000.0,1,0,0,0,0,0,0,1,1,0,2,Good
240,student0240@student.hitech.lk,INACTIVE,STUDENT,1,SE-JAVA-101,ACTIVE,Software Engineering,ACTIVE,OPEN,40000.0,3,WEEKS,2,41,7,6,0,0,1,96.43,15,10,1,14,11,12,4,7,1,4,3,3,3,73.74,79.19,63.63,3,0,0,0,79.22,SUCCESS,1,0,40000.0,2,0,0,0,0,0,0,1,1,0,25,Good
613,student0613@student.hitech.lk,ACTIVE,STUDENT,12,GD-UIUX-101,ACTIVE,Business Management,ACTIVE,ADMIN_ONLY,45000.0,8,WEEKS,1,95,10,3,1,6,0,35.0,12,2,0,6,8,14,4,5,5,3,2,2,2,12.78,16.81,8.74,0,2,0,1,15.19,SUCCESS,1,0,45000.0,1,2,1,0,1,0,1,1,1,0,85,Low
320,student0320@student.hitech.lk,ACTIVE,STUDENT,5,DS-ML-210,ACTIVE,Digital Marketing,ACTIVE,OPEN,45000.0,10,WEEKS,2,81,8,3,2,3,0,50.0,8,9,1,16,1,5,2,3,0,5,4,3,2,68.55,71.9,65.2,2,0,1,0,67.73,SUCCESS,1,0,45000.0,1,1,0,0,0,1,0,0,0,0,3,Average
35,student0035@student.hitech.lk,ACTIVE,STUDENT,6,CY-SEC-110,ACTIVE,Information Technology,ACTIVE,OPEN,50000.0,16,WEEKS,1,52,9,6,0,3,0,66.67,20,9,0,15,14,17,4,8,5,5,4,4,4,61.7,77.26,52.72,4,0,0,2,62.2,SUCCESS,1,0,50000.0,1,0,0,0,0,0,0,0,0,0,8,Average
653,student0653@student.hitech.lk,ACTIVE,STUDENT,9,DM-SEO-101,ARCHIVED,Software Engineering,REMOVED,OPEN,30000.0,12,WEEKS,2,18,3,1,1,1,0,50.0,13,2,0,5,10,13,4,6,3,5,4,4,4,63.76,71.06,57.83,4,0,0,0,70.83,SUCCESS,1,0,30000.0,2,1,0,0,1,0,0,0,0,0,3,Average
252,student0252@student.hitech.lk,ACTIVE,STUDENT,6,CY-SEC-110,ACTIVE,Information Technology,ACTIVE,OPEN,50000.0,16,WEEKS,1,53,6,4,1,0,1,87.5,20,9,0,15,14,17,4,8,5,5,5,5,4,71.57,82.87,64.14,4,0,1,0,73.08,SUCCESS,1,0,50000.0,1,0,0,0,0,0,0,0,0,0,15,Average
333,student0333@student.hitech.lk,ACTIVE,STUDENT,2,SE-WEB-120,DRAFT,Data Science,ACTIVE,ADMIN_ONLY,25000.0,16,WEEKS,3,82,0,0,0,0,0,0.0,28,10,0,16,22,9,5,4,0,1,1,1,1,57.9,57.9,57.9,1,0,0,1,58.98,SUCCESS,1,1,25000.0,1,1,1,0,0,1,0,0,0,0,19,Medium
375,student0375@student.hitech.lk,ACTIVE,STUDENT,7,BM-COMM-110,ACTIVE,Cloud Computing,COMPLETED,OPEN,35000.0,3,WEEKS,1,230,13,3,3,6,1,40.38,13,3,3,7,9,11,3,5,3,1,0,0,0,0.0,0.0,0.0,0,0,0,0,0.0,SUCCESS,3,0,35000.0,1,1,0,0,1,0,0,0,0,0,32,Low
316,student0316@student.hitech.lk,ACTIVE,STUDENT,4,DS-PY-101,ACTIVE,Business Management,ACTIVE,OPEN,50000.0,4,MONTHS,2,112,13,5,1,7,0,42.31,28,5,0,29,4,7,3,2,2,3,1,0,0,0.0,0.0,0.0,0,0,0,0,0.0,SUCCESS,2,0,50000.0,1,0,0,0,0,0,0,0,0,0,34,Medium
99,student0099@student.hitech.lk,ACTIVE,STUDENT,9,DM-SEO-101,ARCHIVED,Software Engineering,REMOVED,OPEN,30000.0,12,WEEKS,2,144,13,3,2,6,2,42.31,13,2,0,5,10,13,4,6,3,5,2,1,1,41.6,41.6,41.6,0,1,0,1,41.2,SUCCESS,1,0,30000.0,2,1,0,0,0,1,0,0,0,0,49,Low
204,student0204@student.hitech.lk,ACTIVE,STUDENT,12,GD-UIUX-101,ACTIVE,Business Management,ACTIVE,ADMIN_ONLY,45000.0,8,WEEKS,1,67,9,5,0,4,0,55.56,12,2,0,6,8,14,4,5,5,3,1,1,1,43.02,43.02,43.02,0,1,0,1,48.32,SUCCESS,1,0,45000.0,1,1,1,0,1,0,0,1,0,1,17,Medium
784,student0784@student.hitech.lk,ACTIVE,STUDENT,5,DS-ML-210,ACTIVE,Digital Marketing,ACTIVE,OPEN,45000.0,10,WEEKS,2,104,8,6,0,2,0,75.0,8,9,1,16,1,5,2,3,0,5,3,3,2,77.15,80.08,74.21,2,0,1,1,71.94,SUCCESS,1,0,45000.0,1,0,0,0,0,0,0,1,1,0,12,Average
186,student0186@student.hitech.lk,ACTIVE,STUDENT,1,SE-JAVA-101,ACTIVE,Software Engineering,COMPLETED,OPEN,40000.0,3,WEEKS,2,188,15,7,3,5,0,56.67,15,10,1,14,11,12,4,7,1,4,2,1,1,49.95,49.95,49.95,0,1,0,1,46.39,SUCCESS,1,0,40000.0,1,0,0,0,0,0,0,1,0,1,31,Medium
432,student0432@student.hitech.lk,ACTIVE,STUDENT,7,BM-COMM-110,ACTIVE,Cloud Computing,COMPLETED,OPEN,35000.0,3,WEEKS,1,91,12,8,1,2,1,77.08,13,3,3,7,9,11,3,5,3,1,1,1,1,73.22,73.22,73.22,1,0,0,0,68.44,SUCCESS,1,0,35000.0,1,0,0,0,0,0,0,1,0,1,11,Average
534,student0534@student.hitech.lk,ACTIVE,STUDENT,11,CC-AWS-101,ACTIVE,Cybersecurity,ACTIVE,ADMIN_ONLY,40000.0,12,WEEKS,1,157,4,4,0,0,0,100.0,4,14,0,4,14,7,2,3,2,4,4,3,3,92.86,100.0,89.11,3,0,0,0,92.64,SUCCESS,1,0,40000.0,1,0,0,0,0,0,0,0,0,0,6,Good
456,student0456@student.hitech.lk,ACTIVE,STUDENT,5,DS-ML-210,ACTIVE,Digital Marketing,ACTIVE,OPEN,45000.0,10,WEEKS,2,83,8,0,4,4,0,25.0,8,9,1,16,1,5,2,3,0,5,2,2,2,52.32,55.51,49.13,1,1,0,2,50.12,PENDING,0,1,0.0,1,1,0,0,0,0,1,0,0,0,12,Medium
832,student0832@student.hitech.lk,ACTIVE,STUDENT,12,GD-UIUX-101,ACTIVE,Business Management,ACTIVE,ADMIN_ONLY,45000.0,8,WEEKS,1,45,6,2,2,2,0,50.0,12,2,0,6,8,14,4,5,5,3,2,2,2,48.21,55.46,40.96,1,1,0,0,46.74,SUCCESS,1,0,45000.0,1,1,1,0,0,0,1,1,1,0,38,Medium
847,student0847@student.hitech.lk,ACTIVE,STUDENT,6,CY-SEC-110,ACTIVE,Information Technology,ACTIVE,OPEN,50000.0,16,WEEKS,1,85,14,10,0,4,0,71.43,20,9,0,15,14,17,4,8,5,5,3,3,3,66.96,78.05,61.08,3,0,0,0,66.87,SUCCESS,1,0,50000.0,1,0,0,0,0,0,0,1,1,0,18,Average
143,student0143@student.hitech.lk,ACTIVE,STUDENT,12,GD-UIUX-101,ACTIVE,Business Management,COMPLETED,ADMIN_ONLY,45000.0,8,WEEKS,1,183,12,10,1,1,0,87.5,12,2,0,6,8,14,4,5,5,3,2,2,2,70.0,72.83,67.17,2,0,0,0,73.2,PENDING,0,0,0.0,1,2,0,0,1,0,1,0,0,0,13,Average
215,student0215@student.hitech.lk,ACTIVE,STUDENT,10,IT-NET-100,ARCHIVED,Data Science,ACTIVE,OPEN,35000.0,8,WEEKS,1,57,9,6,0,3,0,66.67,26,8,0,16,18,14,5,7,2,1,1,1,1,79.43,79.43,79.43,1,0,0,0,77.51,SUCCESS,1,2,35000.0,1,1,0,0,1,0,0,2,0,2,17,Average
348,student0348@student.hitech.lk,ACTIVE,STUDENT,9,DM-SEO-101,ARCHIVED,Software Engineering,COMPLETED,OPEN,30000.0,12,WEEKS,2,98,13,6,3,4,0,57.69,13,2,0,5,10,13,4,6,3,5,3,3,3,59.51,64.91,50.76,3,0,0,1,66.42,FAILED,0,1,0.0,1,0,0,0,0,0,0,1,0,1,40,Medium
256,student0256@student.hitech.lk,ACTIVE,STUDENT,12,GD-UIUX-101,ACTIVE,Business Management,COMPLETED,ADMIN_ONLY,45000.0,8,WEEKS,1,152,12,6,2,4,0,58.33,12,2,0,6,8,14,4,5,5,3,2,2,2,39.35,47.7,30.99,0,2,0,0,48.31,SUCCESS,1,0,45000.0,1,1,0,0,1,0,0,0,0,0,23,Medium
121,student0121@student.hitech.lk,ACTIVE,STUDENT,4,DS-PY-101,ACTIVE,Business Management,ACTIVE,OPEN,50000.0,4,MONTHS,2,84,11,6,0,3,2,68.18,28,5,0,29,4,7,3,2,2,3,1,1,1,31.23,31.23,31.23,0,1,0,4,30.35,PENDING,0,0,0.0,1,4,1,0,2,1,1,2,1,1,38,Low
48,student0048@student.hitech.lk,ACTIVE,STUDENT,10,IT-NET-100,ARCHIVED,Data Science,COMPLETED,OPEN,35000.0,8,WEEKS,1,127,20,16,2,2,0,85.0,26,8,0,16,18,14,5,7,2,1,1,1,1,91.27,91.27,91.27,1,0,0,0,87.17,SUCCESS,1,0,35000.0,1,0,0,0,0,0,0,0,0,0,6,Good
437,student0437@student.hitech.lk,ACTIVE,STUDENT,9,DM-SEO-101,ARCHIVED,Software Engineering,COMPLETED,OPEN,30000.0,12,WEEKS,2,225,13,9,0,4,0,69.23,13,2,0,5,10,13,4,6,3,5,4,3,3,64.36,66.03,61.08,3,0,0,0,67.81,SUCCESS,2,0,30000.0,1,0,0,0,0,0,0,0,0,0,4,Average
545,student0545@student.hitech.lk,ACTIVE,STUDENT,10,IT-NET-100,ARCHIVED,Data Science,REMOVED,OPEN,35000.0,8,WEEKS,1,41,5,4,0,1,0,80.0,26,8,0,16,18,14,5,7,2,1,1,0,0,0.0,0.0,0.0,0,0,0,0,0.0,SUCCESS,1,0,35000.0,1,0,0,0,0,0,0,1,1,0,18,Average
80,student0080@student.hitech.lk,ACTIVE,STUDENT,7,BM-COMM-110,ACTIVE,Cloud Computing,ACTIVE,OPEN,35000.0,3,WEEKS,1,94,13,8,1,4,0,65.38,13,3,3,7,9,11,3,5,3,1,1,1,1,70.84,70.84,70.84,1,0,0,0,70.8,SUCCESS,1,1,35000.0,1,0,0,0,0,0,0,0,0,0,12,Average
12,student0012@student.hitech.lk,ACTIVE,STUDENT,3,SE-DB-130,ACTIVE,Cybersecurity,ACTIVE,OPEN,50000.0,4,MONTHS,1,48,6,6,0,0,0,100.0,26,8,2,32,2,9,3,4,2,4,4,4,4,83.68,91.14,76.25,4,0,0,0,89.98,SUCCESS,1,0,50000.0,1,0,0,0,0,0,0,1,1,0,1,Good
698,student0698@student.hitech.lk,ACTIVE,STUDENT,1,SE-JAVA-101,ACTIVE,Software Engineering,ACTIVE,OPEN,40000.0,3,WEEKS,2,57,7,3,2,1,1,67.86,15,10,1,14,11,12,4,7,1,4,2,2,2,56.76,60.23,53.28,2,0,0,0,60.16,SUCCESS,1,0,40000.0,1,1,1,0,1,0,0,1,0,1,17,Medium
46,student0046@student.hitech.lk,ACTIVE,STUDENT,4,DS-PY-101,ACTIVE,Business Management,COMPLETED,OPEN,50000.0,4,MONTHS,2,186,22,13,1,7,1,64.77,28,5,0,29,4,7,3,2,2,3,1,1,1,63.58,63.58,63.58,1,0,0,3,59.22,FAILED,0,2,0.0,0,1,0,0,0,0,1,1,1,0,36,Medium
366,student0366@student.hitech.lk,ACTIVE,STUDENT,8,BM-MGMT-201,ACTIVE,Graphic Design,ACTIVE,ADMIN_ONLY,50000.0,3,WEEKS,2,104,7,1,1,5,0,21.43,7,6,0,10,3,13,7,5,1,1,0,0,0,0.0,0.0,0.0,0,0,0,0,0.0,SUCCESS,2,0,50000.0,1,5,2,1,1,2,2,1,1,0,85,Low
837,student0837@student.hitech.lk,ACTIVE,STUDENT,12,GD-UIUX-101,ACTIVE,Business Management,ACTIVE,ADMIN_ONLY,45000.0,8,WEEKS,1,88,10,5,0,5,0,50.0,12,2,0,6,8,14,4,5,5,3,1,1,1,54.47,54.47,54.47,1,0,0,0,53.07,SUCCESS,1,0,45000.0,1,1,1,0,1,0,0,3,1,2,37,Medium
421,student0421@student.hitech.lk,ACTIVE,STUDENT,10,IT-NET-100,ARCHIVED,Data Science,ACTIVE,OPEN,35000.0,8,WEEKS,1,32,4,2,1,1,0,62.5,26,8,0,16,18,14,5,7,2,1,1,1,1,70.12,70.12,70.12,1,0,0,0,68.63,SUCCESS,1,0,35000.0,1,0,0,0,0,0,0,0,0,0,9,Average
246,student0246@student.hitech.lk,ACTIVE,STUDENT,6,CY-SEC-110,ACTIVE,Information Technology,COMPLETED,OPEN,50000.0,16,WEEKS,1,137,20,14,1,5,0,72.5,20,9,0,15,14,17,4,8,5,5,3,3,3,63.51,74.22,56.0,3,0,0,2,58.14,SUCCESS,1,0,50000.0,1,0,0,0,0,0,0,2,1,1,14,Medium
208,student0208@student.hitech.lk,ACTIVE,STUDENT,3,SE-DB-130,ACTIVE,Cybersecurity,COMPLETED,OPEN,50000.0,4,MONTHS,1,195,26,26,0,0,0,100.0,26,8,2,32,2,9,3,4,2,4,4,4,4,89.38,100.0,79.72,4,0,0,2,86.8,SUCCESS,1,0,50000.0,1,0,0,0,0,0,0,1,1,0,6,Good
789,student0789@student.hitech.lk,ACTIVE,STUDENT,12,GD-UIUX-101,ACTIVE,Business Management,ACTIVE,ADMIN_ONLY,45000.0,8,WEEKS,1,85,10,8,0,2,0,80.0,12,2,0,6,8,14,4,5,5,3,3,3,3,84.19,89.77,77.75,3,0,0,0,90.84,FAILED,0,1,0.0,0,0,0,0,0,0,0,0,0,0,3,Good
373,student0373@student.hitech.lk,INACTIVE,STUDENT,7,BM-COMM-110,ACTIVE,Cloud Computing,ACTIVE,OPEN,35000.0,3,WEEKS,1,58,8,2,1,5,0,31.25,13,3,3,7,9,11,3,5,3,1,0,0,0,0.0,0.0,0.0,0,0,0,0,0.0,PENDING,0,0,0.0,1,1,0,0,0,0,1,0,0,0,42,Medium
219,student0219@student.hitech.lk,ACTIVE,STUDENT,6,CY-SEC-110,ACTIVE,Information Technology,ACTIVE,OPEN,50000.0,16,WEEKS,1,110,15,7,1,7,0,50.0,20,9,0,15,14,17,4,8,5,5,2,2,2,51.31,55.85,46.77,1,1,0,0,39.89,SUCCESS,1,2,50000.0,1,0,0,0,0,0,0,1,1,0,18,Medium
812,student0812@student.hitech.lk,ACTIVE,STUDENT,6,CY-SEC-110,ACTIVE,Information Technology,ACTIVE,OPEN,50000.0,16,WEEKS,1,39,6,4,1,1,0,75.0,20,9,0,15,14,17,4,8,5,5,4,4,4,55.73,65.17,43.64,3,1,0,0,56.67,SUCCESS,1,0,50000.0,2,0,0,0,0,0,0,2,0,2,16,Average
512,student0512@student.hitech.lk,ACTIVE,STUDENT,8,BM-MGMT-201,ACTIVE,Graphic Design,REMOVED,ADMIN_ONLY,50000.0,3,WEEKS,2,38,6,0,2,3,1,29.17,7,6,0,10,3,13,7,5,1,1,0,0,0,0.0,0.0,0.0,0,0,0,0,0.0,FAILED,0,1,0.0,0,3,0,1,1,1,1,1,0,1,41,Low
37,student0037@student.hitech.lk,ACTIVE,STUDENT,8,BM-MGMT-201,ACTIVE,Graphic Design,ACTIVE,ADMIN_ONLY,50000.0,3,WEEKS,2,98,7,6,1,0,0,92.86,7,6,0,10,3,13,7,5,1,1,1,1,1,84.47,84.47,84.47,1,0,0,1,88.47,SUCCESS,1,0,50000.0,1,0,0,0,0,0,0,1,1,0,7,Good
562,student0562@student.hitech.lk,ACTIVE,STUDENT,8,BM-MGMT-201,ACTIVE,Graphic Design,ACTIVE,ADMIN_ONLY,50000.0,3,WEEKS,2,60,7,3,1,3,0,50.0,7,6,0,10,3,13,7,5,1,1,1,1,1,47.27,47.27,47.27,0,1,0,1,50.12,FAILED,0,2,0.0,1,0,0,0,0,0,0,2,0,2,30,Medium
694,student0694@student.hitech.lk,PENDING_VERIFICATION,STUDENT,1,SE-JAVA-101,ACTIVE,Software Engineering,REMOVED,OPEN,40000.0,3,WEEKS,2,76,13,0,4,8,1,21.15,15,10,1,14,11,12,4,7,1,4,1,1,1,51.07,51.07,51.07,1,0,0,2,48.59,FAILED,0,1,0.0,0,6,3,1,2,3,1,1,1,0,43,Low
144,student0144@student.hitech.lk,ACTIVE,STUDENT,11,CC-AWS-101,ACTIVE,Cybersecurity,COMPLETED,ADMIN_ONLY,40000.0,12,WEEKS,1,181,4,2,1,1,0,62.5,4,14,0,4,14,7,2,3,2,4,3,3,3,64.66,66.24,61.66,3,0,0,1,57.76,FAILED,0,1,0.0,1,0,0,0,0,0,0,0,0,0,15,Average
237,student0237@student.hitech.lk,ACTIVE,STUDENT,7,BM-COMM-110,ACTIVE,Cloud Computing,REMOVED,OPEN,35000.0,3,WEEKS,1,30,5,1,2,1,1,55.0,13,3,3,7,9,11,3,5,3,1,0,0,0,0.0,0.0,0.0,0,0,0,0,0.0,FAILED,0,1,0.0,0,0,0,0,0,0,0,0,0,0,43,Low
281,student0281@student.hitech.lk,ACTIVE,STUDENT,9,DM-SEO-101,ARCHIVED,Software Engineering,ACTIVE,OPEN,30000.0,12,WEEKS,2,84,11,4,3,3,1,56.82,13,2,0,5,10,13,4,6,3,5,3,3,3,66.36,68.96,64.83,3,0,0,0,61.97,FAILED,0,1,0.0,1,0,0,0,0,0,0,0,0,0,14,Average
167,student0167@student.hitech.lk,ACTIVE,STUDENT,9,DM-SEO-101,ARCHIVED,Software Engineering,ACTIVE,OPEN,30000.0,12,WEEKS,2,56,9,2,2,4,1,41.67,13,2,0,5,10,13,4,6,3,5,3,3,3,50.58,54.37,45.31,2,1,0,0,43.68,PENDING,0,0,0.0,1,1,1,0,0,0,1,1,1,0,62,Low
749,student0749@student.hitech.lk,ACTIVE,STUDENT,12,GD-UIUX-101,ACTIVE,Business Management,COMPLETED,ADMIN_ONLY,45000.0,8,WEEKS,1,133,12,6,3,3,0,62.5,12,2,0,6,8,14,4,5,5,3,2,1,1,76.23,76.23,76.23,1,0,0,1,78.73,PENDING,0,0,0.0,1,0,0,0,0,0,0,1,1,0,12,Average
388,student0388@student.hitech.lk,INACTIVE,STUDENT,1,SE-JAVA-101,ACTIVE,Software Engineering,ACTIVE,OPEN,40000.0,3,WEEKS,2,73,11,8,0,2,1,79.55,15,10,1,14,11,12,4,7,1,4,2,2,2,67.9,68.32,67.48,2,0,0,1,68.17,SUCCESS,1,0,40000.0,2,1,0,1,0,1,0,0,0,0,51,Average
322,student0322@student.hitech.lk,ACTIVE,STUDENT,8,BM-MGMT-201,ACTIVE,Graphic Design,ACTIVE,ADMIN_ONLY,50000.0,3,WEEKS,2,40,4,2,0,2,0,50.0,7,6,0,10,3,13,7,5,1,1,0,0,0,0.0,0.0,0.0,0,0,0,0,0.0,SUCCESS,1,0,50000.0,1,0,0,0,0,0,0,1,1,0,20,Medium
618,student0618@student.hitech.lk,ACTIVE,STUDENT,3,SE-DB-130,ACTIVE,Cybersecurity,COMPLETED,OPEN,50000.0,4,MONTHS,1,112,18,15,1,1,1,90.28,26,8,2,32,2,9,3,4,2,4,4,4,4,90.09,100.0,76.69,4,0,0,0,94.52,SUCCESS,2,0,50000.0,1,0,0,0,0,0,0,1,1,0,0,Good
61,student0061@student.hitech.lk,ACTIVE,STUDENT,12,GD-UIUX-101,ACTIVE,Business Management,COMPLETED,ADMIN_ONLY,45000.0,8,WEEKS,1,230,12,5,4,3,0,58.33,12,2,0,6,8,14,4,5,5,3,2,2,2,58.62,61.04,56.2,2,0,0,1,55.26,SUCCESS,1,0,45000.0,2,0,0,0,0,0,0,1,1,0,36,Medium
128,student0128@student.hitech.lk,ACTIVE,STUDENT,3,SE-DB-130,ACTIVE,Cybersecurity,ACTIVE,OPEN,50000.0,4,MONTHS,1,14,1,1,0,0,0,100.0,26,8,2,32,2,9,3,4,2,4,3,3,3,72.07,75.99,65.71,3,0,0,0,76.45,FAILED,0,1,0.0,1,0,0,0,0,0,0,1,0,1,16,Average
543,student0543@student.hitech.lk,ACTIVE,STUDENT,3,SE-DB-130,ACTIVE,Cybersecurity,COMPLETED,OPEN,50000.0,4,MONTHS,1,240,26,24,0,2,0,92.31,26,8,2,32,2,9,3,4,2,4,3,3,3,83.25,87.17,77.33,3,0,0,2,87.17,SUCCESS,1,1,50000.0,2,0,0,0,0,0,0,1,1,0,7,Good
617,student0617@student.hitech.lk,ACTIVE,STUDENT,8,BM-MGMT-201,ACTIVE,Graphic Design,ACTIVE,ADMIN_ONLY,50000.0,3,WEEKS,2,55,6,4,0,2,0,66.67,7,6,0,10,3,13,7,5,1,1,1,0,0,0.0,0.0,0.0,0,0,0,0,0.0,SUCCESS,1,0,50000.0,2,1,0,0,0,0,1,0,0,0,8,Average
699,student0699@student.hitech.lk,ACTIVE,STUDENT,5,DS-ML-210,ACTIVE,Digital Marketing,COMPLETED,OPEN,45000.0,10,WEEKS,2,189,8,5,1,2,0,68.75,8,9,1,16,1,5,2,3,0,5,2,1,1,43.93,43.93,43.93,0,1,0,2,43.4,PENDING,0,1,0.0,1,2,1,1,1,1,0,1,1,0,33,Medium
501,student0501@student.hitech.lk,ACTIVE,STUDENT,1,SE-JAVA-101,ACTIVE,Software Engineering,REMOVED,OPEN,40000.0,3,WEEKS,2,43,5,4,0,1,0,80.0,15,10,1,14,11,12,4,7,1,4,3,3,3,64.85,71.75,60.22,3,0,0,0,60.73,PENDING,0,1,0.0,1,0,0,0,0,0,0,1,1,0,10,Average
428,student0428@student.hitech.lk,ACTIVE,STUDENT,1,SE-JAVA-101,ACTIVE,Software Engineering,ACTIVE,OPEN,40000.0,3,WEEKS,2,53,8,7,1,0,0,93.75,15,10,1,14,11,12,4,7,1,4,4,3,3,84.86,91.3,73.12,3,0,0,1,78.47,SUCCESS,1,0,40000.0,1,0,0,0,0,0,0,0,0,0,6,Good
841,student0841@student.hitech.lk,ACTIVE,STUDENT,11,CC-AWS-101,ACTIVE,Cybersecurity,ACTIVE,ADMIN_ONLY,40000.0,12,WEEKS,1,54,4,1,1,0,2,75.0,4,14,0,4,14,7,2,3,2,4,1,1,1,47.21,47.21,47.21,0,1,0,0,44.34,SUCCESS,1,0,40000.0,1,1,0,0,1,0,0,3,3,0,28,Medium
745,student0745@student.hitech.lk,ACTIVE,STUDENT,2,SE-WEB-120,DRAFT,Data Science,REMOVED,ADMIN_ONLY,25000.0,16,WEEKS,3,5,1,0,0,1,0,0.0,28,10,0,16,22,9,5,4,0,1,0,0,0,0.0,0.0,0.0,0,0,0,0,0.0,FAILED,0,1,0.0,1,3,2,0,2,0,1,1,1,0,63,Low
586,student0586@student.hitech.lk,INACTIVE,STUDENT,10,IT-NET-100,ARCHIVED,Data Science,ACTIVE,OPEN,35000.0,8,WEEKS,1,72,8,2,4,1,1,59.38,26,8,0,16,18,14,5,7,2,1,1,1,1,49.89,49.89,49.89,0,1,0,2,41.22,SUCCESS,1,1,35000.0,1,2,1,0,0,1,1,1,1,0,26,Medium
646,student0646@student.hitech.lk,ACTIVE,STUDENT,9,DM-SEO-101,ARCHIVED,Software Engineering,ACTIVE,OPEN,30000.0,12,WEEKS,2,15,2,0,1,1,0,25.0,13,2,0,5,10,13,4,6,3,5,3,3,3,54.06,60.56,47.42,2,1,0,0,61.47,SUCCESS,1,0,30000.0,1,1,0,0,1,0,0,2,1,1,17,Medium
456,student0456@student.hitech.lk,ACTIVE,STUDENT,6,CY-SEC-110,ACTIVE,Information Technology,COMPLETED,OPEN,50000.0,16,WEEKS,1,187,20,13,2,4,1,73.75,20,9,0,15,14,17,4,8,5,5,3,3,3,59.05,64.07,54.07,3,0,0,0,64.43,SUCCESS,1,0,50000.0,1,2,0,0,1,0,1,1,1,0,6,Average
249,student0249@student.hitech.lk,ACTIVE,STUDENT,5,DS-ML-210,ACTIVE,Digital Marketing,ACTIVE,OPEN,45000.0,10,WEEKS,2,99,8,6,0,2,0,75.0,8,9,1,16,1,5,2,3,0,5,4,4,4,65.29,80.2,54.8,4,0,0,2,67.31,SUCCESS,2,1,45000.0,1,0,0,0,0,0,0,0,0,0,4,Average
669,student0669@student.hitech.lk,ACTIVE,STUDENT,8,BM-MGMT-201,ACTIVE,Graphic Design,REMOVED,ADMIN_ONLY,50000.0,3,WEEKS,2,106,7,1,1,5,0,21.43,7,6,0,10,3,13,7,5,1,1,0,0,0,0.0,0.0,0.0,0,0,0,0,0.0,SUCCESS,1,0,50000.0,1,1,1,0,1,0,0,1,0,1,82,Low
497,student0497@student.hitech.lk,ACTIVE,STUDENT,10,IT-NET-100,ARCHIVED,Data Science,ACTIVE,OPEN,35000.0,8,WEEKS,1,66,8,8,0,0,0,100.0,26,8,0,16,18,14,5,7,2,1,1,1,1,88.95,88.95,88.95,1,0,0,0,84.56,SUCCESS,1,0,35000.0,1,0,0,0,0,0,0,0,0,0,3,Good
549,student0549@student.hitech.lk,ACTIVE,STUDENT,12,GD-UIUX-101,ACTIVE,Business Management,REMOVED,ADMIN_ONLY,45000.0,8,WEEKS,1,17,2,0,1,0,1,62.5,12,2,0,6,8,14,4,5,5,3,0,0,0,0.0,0.0,0.0,0,0,0,0,0.0,FAILED,0,1,0.0,0,2,0,1,1,0,1,0,0,0,60,Low
610,student0610@student.hitech.lk,ACTIVE,STUDENT,1,SE-JAVA-101,ACTIVE,Software Engineering,ACTIVE,OPEN,40000.0,3,WEEKS,2,115,14,12,0,2,0,85.71,15,10,1,14,11,12,4,7,1,4,3,3,3,69.99,73.0,68.27,3,0,0,0,64.62,SUCCESS,1,0,40000.0,1,1,0,0,1,0,0,1,1,0,16,Average
46,student0046@student.hitech.lk,ACTIVE,STUDENT,6,CY-SEC-110,ACTIVE,Information Technology,ACTIVE,OPEN,50000.0,16,WEEKS,1,136,16,14,2,0,0,93.75,20,9,0,15,14,17,4,8,5,5,5,5,5,70.15,79.7,59.99,5,0,0,0,66.91,SUCCESS,1,1,50000.0,1,0,0,0,0,0,0,1,1,0,5,Good
65,student0065@student.hitech.lk,ACTIVE,STUDENT,12,GD-UIUX-101,ACTIVE,Business Management,ACTIVE,ADMIN_ONLY,45000.0,8,WEEKS,1,74,12,9,1,0,2,91.67,12,2,0,6,8,14,4,5,5,3,3,3,3,80.38,81.63,78.87,3,0,0,0,85.17,SUCCESS,1,1,45000.0,1,0,0,0,0,0,0,1,1,0,7,Good
466,student0466@student.hitech.lk,ACTIVE,STUDENT,8,BM-MGMT-201,ACTIVE,Graphic Design,ACTIVE,ADMIN_ONLY,50000.0,3,WEEKS,2,40,6,3,1,1,1,70.83,7,6,0,10,3,13,7,5,1,1,0,0,0,0.0,0.0,0.0,0,0,0,0,0.0,SUCCESS,2,1,50000.0,2,2,2,0,1,1,0,0,0,0,23,Medium
14,student0014@student.hitech.lk,ACTIVE,STUDENT,6,CY-SEC-110,ACTIVE,Information Technology,ACTIVE,OPEN,50000.0,16,WEEKS,1,55,8,4,0,3,1,59.38,20,9,0,15,14,17,4,8,5,5,2,2,2,35.45,45.16,25.73,0,2,0,2,38.78,SUCCESS,1,0,50000.0,1,5,3,1,5,0,0,0,0,0,64,Low
155,student0155@student.hitech.lk,PENDING_VERIFICATION,STUDENT,11,CC-AWS-101,ACTIVE,Cybersecurity,REMOVED,ADMIN_ONLY,40000.0,12,WEEKS,1,12,1,0,0,0,1,75.0,4,14,0,4,14,7,2,3,2,4,2,2,2,46.62,47.66,45.59,0,2,0,1,43.72,FAILED,0,1,0.0,1,2,2,1,0,0,2,0,0,0,63,Low
107,student0107@student.hitech.lk,ACTIVE,STUDENT,8,BM-MGMT-201,ACTIVE,Graphic Design,ACTIVE,ADMIN_ONLY,50000.0,3,WEEKS,2,150,7,4,3,0,0,78.57,7,6,0,10,3,13,7,5,1,1,1,1,1,72.62,72.62,72.62,1,0,0,0,77.39,PENDING,0,0,0.0,1,0,0,0,0,0,0,1,1,0,6,Good
96,student0096@student.hitech.lk,ACTIVE,STUDENT,1,SE-JAVA-101,ACTIVE,Software Engineering,COMPLETED,OPEN,40000.0,3,WEEKS,2,217,15,8,2,5,0,60.0,15,10,1,14,11,12,4,7,1,4,3,3,3,53.25,62.72,41.28,2,1,0,2,53.48,SUCCESS,1,0,40000.0,1,5,5,1,2,0,3,0,0,0,21,Medium
367,student0367@student.hitech.lk,PENDING_VERIFICATION,STUDENT,4,DS-PY-101,ACTIVE,Business Management,ACTIVE,OPEN,50000.0,4,MONTHS,2,31,6,3,0,3,0,50.0,28,5,0,29,4,7,3,2,2,3,1,1,1,85.12,85.12,85.12,1,0,0,1,80.21,SUCCESS,2,0,50000.0,1,2,2,0,0,1,1,0,0,0,24,Medium
157,student0157@student.hitech.lk,PENDING_VERIFICATION,STUDENT,7,BM-COMM-110,ACTIVE,Cloud Computing,REMOVED,OPEN,35000.0,3,WEEKS,1,45,6,0,2,4,0,16.67,13,3,3,7,9,11,3,5,3,1,0,0,0,0.0,0.0,0.0,0,0,0,0,0.0,FAILED,0,1,0.0,0,2,1,1,1,0,1,1,0,1,44,Low
70,student0070@student.hitech.lk,PENDING_VERIFICATION,STUDENT,10,IT-NET-100,ARCHIVED,Data Science,ACTIVE,OPEN,35000.0,8,WEEKS,1,47,7,4,1,2,0,64.29,26,8,0,16,18,14,5,7,2,1,1,0,0,0.0,0.0,0.0,0,0,0,1,0.0,SUCCESS,2,0,35000.0,2,0,0,0,0,0,0,1,1,0,23,Medium
128,student0128@student.hitech.lk,ACTIVE,STUDENT,7,BM-COMM-110,ACTIVE,Cloud Computing,ACTIVE,OPEN,35000.0,3,WEEKS,1,113,13,10,0,3,0,76.92,13,3,3,7,9,11,3,5,3,1,1,1,1,59.87,59.87,59.87,1,0,0,1,60.17,PENDING,0,0,0.0,1,2,0,0,0,2,0,0,0,0,18,Average
761,student0761@student.hitech.lk,ACTIVE,STUDENT,12,GD-UIUX-101,ACTIVE,Business Management,ACTIVE,ADMIN_ONLY,45000.0,8,WEEKS,1,68,12,5,2,5,0,50.0,12,2,0,6,8,14,4,5,5,3,1,1,1,20.09,20.09,20.09,0,1,0,3,16.27,FAILED,0,3,0.0,1,4,0,0,3,1,0,0,0,0,38,Low
350,student0350@student.hitech.lk,ACTIVE,STUDENT,11,CC-AWS-101,ACTIVE,Cybersecurity,ACTIVE,ADMIN_ONLY,40000.0,12,WEEKS,1,57,4,3,1,0,0,87.5,4,14,0,4,14,7,2,3,2,4,4,4,4,87.34,96.01,81.42,4,0,0,0,91.55,SUCCESS,1,1,40000.0,2,0,0,0,0,0,0,1,1,0,0,Good
371,student0371@student.hitech.lk,INACTIVE,STUDENT,2,SE-WEB-120,DRAFT,Data Science,ACTIVE,ADMIN_ONLY,25000.0,16,WEEKS,3,137,2,0,2,0,0,50.0,28,10,0,16,22,9,5,4,0,1,1,1,0,0.0,0.0,0.0,0,0,1,1,0.0,SUCCESS,1,0,25000.0,1,1,0,0,0,0,1,0,0,0,43,Average
385,student0385@student.hitech.lk,ACTIVE,STUDENT,10,IT-NET-100,ARCHIVED,Data Science,ACTIVE,OPEN,35000.0,8,WEEKS,1,78,10,7,1,2,0,75.0,26,8,0,16,18,14,5,7,2,1,1,1,1,70.85,70.85,70.85,1,0,0,0,70.42,SUCCESS,1,0,35000.0,1,1,0,0,0,0,1,2,1,1,16,Average
189,student0189@student.hitech.lk,ACTIVE,STUDENT,6,CY-SEC-110,ACTIVE,Information Technology,REMOVED,OPEN,50000.0,16,WEEKS,1,102,18,6,1,11,0,36.11,20,9,0,15,14,17,4,8,5,5,1,1,0,0.0,0.0,0.0,0,0,1,2,0.0,FAILED,0,1,0.0,1,1,0,0,1,0,0,1,1,0,83,Low
819,student0819@student.hitech.lk,ACTIVE,STUDENT,8,BM-MGMT-201,ACTIVE,Graphic Design,ACTIVE,ADMIN_ONLY,50000.0,3,WEEKS,2,47,6,0,2,3,1,29.17,7,6,0,10,3,13,7,5,1,1,1,1,1,51.98,51.98,51.98,1,0,0,1,59.99,SUCCESS,2,0,50000.0,2,1,1,0,1,0,0,0,0,0,17,Medium
372,student0372@student.hitech.lk,ACTIVE,STUDENT,12,GD-UIUX-101,ACTIVE,Business Management,ACTIVE,ADMIN_ONLY,45000.0,8,WEEKS,1,63,9,4,2,3,0,55.56,12,2,0,6,8,14,4,5,5,3,3,3,3,76.05,89.15,62.15,3,0,0,2,84.26,PENDING,0,1,0.0,1,1,1,0,0,1,0,1,0,1,16,Average
168,student0168@student.hitech.lk,ACTIVE,STUDENT,6,CY-SEC-110,ACTIVE,Information Technology,ACTIVE,OPEN,50000.0,16,WEEKS,1,176,20,18,0,1,1,93.75,20,9,0,15,14,17,4,8,5,5,5,5,5,79.37,90.16,68.87,5,0,0,0,80.72,SUCCESS,1,0,50000.0,1,1,0,0,0,1,0,0,0,0,6,Average
261,student0261@student.hitech.lk,ACTIVE,STUDENT,1,SE-JAVA-101,ACTIVE,Software Engineering,COMPLETED,OPEN,40000.0,3,WEEKS,2,201,15,11,1,2,1,81.67,15,10,1,14,11,12,4,7,1,4,4,4,4,92.65,100.0,84.81,4,0,0,0,87.5,SUCCESS,1,2,40000.0,1,2,0,1,0,0,2,0,0,0,5,Good
83,student0083@student.hitech.lk,ACTIVE,STUDENT,1,SE-JAVA-101,ACTIVE,Software Engineering,ACTIVE,OPEN,40000.0,3,WEEKS,2,49,6,1,4,1,0,50.0,15,10,1,14,11,12,4,7,1,4,2,2,2,64.3,68.74,59.87,2,0,0,1,66.61,SUCCESS,1,0,40000.0,1,1,0,0,0,0,1,0,0,0,39,Medium
263,student0263@student.hitech.lk,ACTIVE,STUDENT,12,GD-UIUX-101,ACTIVE,Business Management,ACTIVE,ADMIN_ONLY,45000.0,8,WEEKS,1,137,12,8,1,0,3,89.58,12,2,0,6,8,14,4,5,5,3,2,2,2,64.89,65.89,63.89,2,0,0,0,68.2,SUCCESS,1,0,45000.0,1,0,0,0,0,0,0,0,0,0,11,Average
671,student0671@student.hitech.lk,ACTIVE,STUDENT,1,SE-JAVA-101,ACTIVE,Software Engineering,COMPLETED,OPEN,40000.0,3,WEEKS,2,207,15,7,0,8,0,46.67,15,10,1,14,11,12,4,7,1,4,1,1,1,36.81,36.81,36.81,0,1,0,3,35.24,FAILED,0,3,0.0,1,2,0,0,1,1,0,1,0,1,69,Low
431,student0431@student.hitech.lk,ACTIVE,STUDENT,11,CC-AWS-101,ACTIVE,Cybersecurity,ACTIVE,ADMIN_ONLY,40000.0,12,WEEKS,1,152,4,3,1,0,0,87.5,4,14,0,4,14,7,2,3,2,4,4,3,3,96.13,100.0,90.19,3,0,0,0,100.0,PENDING,0,1,0.0,1,0,0,0,0,0,0,3,3,0,1,Good
617,student0617@student.hitech.lk,ACTIVE,STUDENT,2,SE-WEB-120,DRAFT,Data Science,ACTIVE,ADMIN_ONLY,25000.0,16,WEEKS,3,58,0,0,0,0,0,0.0,28,10,0,16,22,9,5,4,0,1,1,1,1,46.19,46.19,46.19,0,1,0,2,48.56,SUCCESS,1,0,25000.0,1,0,0,0,0,0,0,0,0,0,33,Medium
307,student0307@student.hitech.lk,ACTIVE,STUDENT,6,CY-SEC-110,ACTIVE,Information Technology,ACTIVE,OPEN,50000.0,16,WEEKS,1,124,20,10,3,7,0,57.5,20,9,0,15,14,17,4,8,5,5,4,4,4,69.82,82.18,48.47,3,1,0,0,66.86,SUCCESS,3,0,50000.0,1,2,1,0,0,1,1,1,1,0,18,Average
645,student0645@student.hitech.lk,ACTIVE,STUDENT,10,IT-NET-100,ARCHIVED,Data Science,COMPLETED,OPEN,35000.0,8,WEEKS,1,190,22,19,0,3,0,86.36,26,8,0,16,18,14,5,7,2,1,1,1,0,0.0,0.0,0.0,0,0,1,0,0.0,SUCCESS,1,0,35000.0,1,0,0,0,0,0,0,1,1,0,7,Good
537,student0537@student.hitech.lk,ACTIVE,STUDENT,2,SE-WEB-120,DRAFT,Data Science,REMOVED,ADMIN_ONLY,25000.0,16,WEEKS,3,38,2,0,1,1,0,25.0,28,10,0,16,22,9,5,4,0,1,0,0,0,0.0,0.0,0.0,0,0,0,0,0.0,SUCCESS,1,0,25000.0,1,2,0,0,2,0,0,2,1,1,18,Medium
510,student0510@student.hitech.lk,ACTIVE,STUDENT,4,DS-PY-101,ACTIVE,Business Management,COMPLETED,OPEN,50000.0,4,MONTHS,2,133,15,7,1,7,0,50.0,28,5,0,29,4,7,3,2,2,3,2,1,1,50.47,50.47,50.47,1,0,0,1,55.6,SUCCESS,2,0,50000.0,1,2,0,0,2,0,0,1,1,0,15,Medium
373,student0373@student.hitech.lk,ACTIVE,STUDENT,5,DS-ML-210,ACTIVE,Digital Marketing,COMPLETED,OPEN,45000.0,10,WEEKS,2,152,8,6,1,1,0,81.25,8,9,1,16,1,5,2,3,0,5,5,5,4,84.85,95.31,78.69,4,0,1,0,85.23,SUCCESS,1,0,45000.0,1,0,0,0,0,0,0,0,0,0,3,Good
547,student0547@student.hitech.lk,ACTIVE,STUDENT,12,GD-UIUX-101,ACTIVE,Business Management,ACTIVE,ADMIN_ONLY,45000.0,8,WEEKS,1,25,2,2,0,0,0,100.0,12,2,0,6,8,14,4,5,5,3,2,1,1,87.95,87.95,87.95,1,0,0,0,88.75,SUCCESS,1,0,45000.0,1,0,0,0,0,0,0,0,0,0,3,Good
599,student0599@student.hitech.lk,PENDING_VERIFICATION,STUDENT,3,SE-DB-130,ACTIVE,Cybersecurity,ACTIVE,OPEN,50000.0,4,MONTHS,1,69,8,6,2,0,0,87.5,26,8,2,32,2,9,3,4,2,4,4,4,4,48.58,55.2,43.7,1,3,0,1,45.83,SUCCESS,1,0,50000.0,1,0,0,0,0,0,0,2,1,1,18,Average
723,student0723@student.hitech.lk,ACTIVE,STUDENT,1,SE-JAVA-101,ACTIVE,Software Engineering,COMPLETED,OPEN,40000.0,3,WEEKS,2,101,12,5,1,6,0,45.83,15,10,1,14,11,12,4,7,1,4,2,2,2,65.32,69.98,60.66,2,0,0,0,66.16,FAILED,0,1,0.0,0,3,0,0,2,0,1,1,1,0,38,Medium
516,student0516@student.hitech.lk,ACTIVE,STUDENT,11,CC-AWS-101,ACTIVE,Cybersecurity,REMOVED,ADMIN_ONLY,40000.0,12,WEEKS,1,14,2,2,0,0,0,100.0,4,14,0,4,14,7,2,3,2,4,2,2,2,76.48,79.44,73.52,2,0,0,1,75.59,PENDING,0,0,0.0,1,1,0,0,0,0,1,0,0,0,10,Average
257,student0257@student.hitech.lk,ACTIVE,STUDENT,5,DS-ML-210,ACTIVE,Digital Marketing,COMPLETED,OPEN,45000.0,10,WEEKS,2,161,8,8,0,0,0,100.0,8,9,1,16,1,5,2,3,0,5,5,5,5,95.01,100.0,89.18,5,0,0,0,97.62,PENDING,0,1,0.0,1,0,0,0,0,0,0,1,1,0,4,Good
624,student0624@student.hitech.lk,ACTIVE,STUDENT,11,CC-AWS-101,ACTIVE,Cybersecurity,ACTIVE,ADMIN_ONLY,40000.0,12,WEEKS,1,106,4,2,1,1,0,62.5,4,14,0,4,14,7,2,3,2,4,2,2,2,56.45,58.74,54.16,2,0,0,0,55.02,SUCCESS,1,0,40000.0,1,1,0,0,1,0,0,1,0,1,18,Average
830,student0830@student.hitech.lk,PENDING_VERIFICATION,STUDENT,5,DS-ML-210,ACTIVE,Digital Marketing,ACTIVE,OPEN,45000.0,10,WEEKS,2,154,8,4,1,3,0,56.25,8,9,1,16,1,5,2,3,0,5,3,3,3,71.81,82.69,66.28,3,0,0,0,71.49,FAILED,0,1,0.0,0,0,0,0,0,0,0,4,2,2,19,Average
668,student0668@student.hitech.lk,ACTIVE,STUDENT,8,BM-MGMT-201,ACTIVE,Graphic Design,ACTIVE,ADMIN_ONLY,50000.0,3,WEEKS,2,235,7,4,1,1,1,75.0,7,6,0,10,3,13,7,5,1,1,1,1,1,71.91,71.91,71.91,1,0,0,2,68.44,SUCCESS,1,0,50000.0,1,3,1,0,0,0,3,1,0,1,3,Average
481,student0481@student.hitech.lk,ACTIVE,STUDENT,1,SE-JAVA-101,ACTIVE,Software Engineering,REMOVED,OPEN,40000.0,3,WEEKS,2,62,9,2,2,5,0,33.33,15,10,1,14,11,12,4,7,1,4,0,0,0,0.0,0.0,0.0,0,0,0,0,0.0,FAILED,0,2,0.0,1,1,1,0,1,0,0,1,0,1,60,Low
573,student0573@student.hitech.lk,ACTIVE,STUDENT,11,CC-AWS-101,ACTIVE,Cybersecurity,ACTIVE,ADMIN_ONLY,40000.0,12,WEEKS,1,69,4,2,1,1,0,62.5,4,14,0,4,14,7,2,3,2,4,2,2,2,73.05,74.99,71.12,2,0,0,0,69.48,SUCCESS,1,0,40000.0,1,0,0,0,0,0,0,0,0,0,9,Average
667,student0667@student.hitech.lk,ACTIVE,STUDENT,7,BM-COMM-110,ACTIVE,Cloud Computing,ACTIVE,OPEN,35000.0,3,WEEKS,1,47,5,2,2,1,0,60.0,13,3,3,7,9,11,3,5,3,1,1,1,1,60.48,60.48,60.48,1,0,0,0,55.91,SUCCESS,1,0,35000.0,1,2,1,0,0,1,1,2,2,0,3,Average
48,student0048@student.hitech.lk,ACTIVE,STUDENT,4,DS-PY-101,ACTIVE,Business Management,COMPLETED,OPEN,50000.0,4,MONTHS,2,149,17,13,4,0,0,88.24,28,5,0,29,4,7,3,2,2,3,3,3,3,83.4,87.33,76.82,3,0,0,0,88.61,SUCCESS,2,0,50000.0,1,0,0,0,0,0,0,0,0,0,2,Good
481,student0481@student.hitech.lk,ACTIVE,STUDENT,9,DM-SEO-101,ARCHIVED,Software Engineering,COMPLETED,OPEN,30000.0,12,WEEKS,2,226,13,7,1,3,2,69.23,13,2,0,5,10,13,4,6,3,5,3,3,3,73.36,76.97,67.5,3,0,0,0,75.02,PENDING,0,0,0.0,1,0,0,0,0,0,0,3,3,0,17,Average
482,student0482@student.hitech.lk,ACTIVE,STUDENT,10,IT-NET-100,ARCHIVED,Data Science,ACTIVE,OPEN,35000.0,8,WEEKS,1,64,10,4,2,4,0,50.0,26,8,0,16,18,14,5,7,2,1,1,1,1,85.89,85.89,85.89,1,0,0,1,88.19,SUCCESS,1,0,35000.0,1,0,0,0,0,0,0,0,0,0,4,Average
353,student0353@student.hitech.lk,ACTIVE,STUDENT,6,CY-SEC-110,ACTIVE,Information Technology,COMPLETED,OPEN,50000.0,16,WEEKS,1,75,10,6,1,3,0,65.0,20,9,0,15,14,17,4,8,5,5,3,2,1,59.02,59.02,59.02,1,0,1,1,61.85,SUCCESS,1,0,50000.0,1,0,0,0,0,0,0,1,1,0,9,Average
114,student0114@student.hitech.lk,INACTIVE,STUDENT,2,SE-WEB-120,DRAFT,Data Science,ACTIVE,ADMIN_ONLY,25000.0,16,WEEKS,3,34,3,1,1,1,0,50.0,28,10,0,16,22,9,5,4,0,1,1,1,1,76.24,76.24,76.24,1,0,0,0,72.25,SUCCESS,1,1,25000.0,2,0,0,0,0,0,0,1,1,0,18,Good
311,student0311@student.hitech.lk,PENDING_VERIFICATION,STUDENT,1,SE-JAVA-101,ACTIVE,Software Engineering,ACTIVE,OPEN,40000.0,3,WEEKS,2,48,8,5,1,1,1,78.12,15,10,1,14,11,12,4,7,1,4,3,3,3,66.96,72.58,64.01,3,0,0,0,65.2,SUCCESS,2,0,40000.0,1,1,0,0,0,0,1,0,0,0,26,Average
639,student0639@student.hitech.lk,PENDING_VERIFICATION,STUDENT,6,CY-SEC-110,ACTIVE,Information Technology,COMPLETED,OPEN,50000.0,16,WEEKS,1,215,20,18,1,1,0,92.5,20,9,0,15,14,17,4,8,5,5,5,5,5,76.23,88.52,72.49,5,0,0,0,80.48,SUCCESS,2,0,50000.0,1,0,0,0,0,0,0,1,1,0,17,Good
556,student0556@student.hitech.lk,ACTIVE,STUDENT,11,CC-AWS-101,ACTIVE,Cybersecurity,ACTIVE,ADMIN_ONLY,40000.0,12,WEEKS,1,151,4,2,1,1,0,62.5,4,14,0,4,14,7,2,3,2,4,2,2,2,41.47,50.36,32.58,1,1,0,0,36.83,SUCCESS,1,0,40000.0,1,1,0,0,1,0,0,0,0,0,25,Medium
488,student0488@student.hitech.lk,ACTIVE,STUDENT,3,SE-DB-130,ACTIVE,Cybersecurity,ACTIVE,OPEN,50000.0,4,MONTHS,1,85,16,11,1,4,0,71.88,26,8,2,32,2,9,3,4,2,4,3,3,3,83.09,88.34,76.92,3,0,0,0,81.22,PENDING,0,0,0.0,1,0,0,0,0,0,0,1,1,0,12,Average
247,student0247@student.hitech.lk,ACTIVE,STUDENT,11,CC-AWS-101,ACTIVE,Cybersecurity,ACTIVE,ADMIN_ONLY,40000.0,12,WEEKS,1,63,4,0,2,2,0,25.0,4,14,0,4,14,7,2,3,2,4,1,1,1,67.29,67.29,67.29,1,0,0,1,67.89,FAILED,0,1,0.0,1,1,0,0,0,0,1,2,1,1,10,Medium
781,student0781@student.hitech.lk,ACTIVE,STUDENT,2,SE-WEB-120,DRAFT,Data Science,REMOVED,ADMIN_ONLY,25000.0,16,WEEKS,3,26,1,0,1,0,0,50.0,28,10,0,16,22,9,5,4,0,1,1,1,1,78.23,78.23,78.23,1,0,0,0,77.59,SUCCESS,2,0,25000.0,1,1,0,0,0,0,1,2,1,1,3,Average
420,student0420@student.hitech.lk,ACTIVE,STUDENT,2,SE-WEB-120,DRAFT,Data Science,REMOVED,ADMIN_ONLY,25000.0,16,WEEKS,3,26,3,0,1,2,0,16.67,28,10,0,16,22,9,5,4,0,1,0,0,0,0.0,0.0,0.0,0,0,0,0,0.0,FAILED,0,1,0.0,0,1,1,0,1,0,0,0,0,0,87,Low
829,student0829@student.hitech.lk,ACTIVE,STUDENT,12,GD-UIUX-101,ACTIVE,Business Management,COMPLETED,ADMIN_ONLY,45000.0,8,WEEKS,1,230,12,10,0,2,0,83.33,12,2,0,6,8,14,4,5,5,3,2,2,2,73.73,74.94,72.53,2,0,0,2,73.6,SUCCESS,2,1,45000.0,1,0,0,0,0,0,0,2,1,1,9,Average
163,student0163@student.hitech.lk,ACTIVE,STUDENT,4,DS-PY-101,ACTIVE,Business Management,ACTIVE,OPEN,50000.0,4,MONTHS,2,111,16,9,1,6,0,59.38,28,5,0,29,4,7,3,2,2,3,2,2,2,72.13,74.18,70.08,2,0,0,0,70.2,SUCCESS,1,0,50000.0,1,1,0,0,0,0,1,0,0,0,17,Average
764,student0764@student.hitech.lk,ACTIVE,STUDENT,12,GD-UIUX-101,ACTIVE,Business Management,ACTIVE,ADMIN_ONLY,45000.0,8,WEEKS,1,71,9,3,2,4,0,44.44,12,2,0,6,8,14,4,5,5,3,2,2,2,56.33,59.69,52.97,2,0,0,0,51.82,PENDING,0,1,0.0,1,1,0,0,0,0,1,1,1,0,24,Medium
829,student0829@student.hitech.lk,ACTIVE,STUDENT,4,DS-PY-101,ACTIVE,Business Management,ACTIVE,OPEN,50000.0,4,MONTHS,2,46,5,4,0,0,1,95.0,28,5,0,29,4,7,3,2,2,3,2,2,2,71.99,75.27,68.72,2,0,0,1,69.66,SUCCESS,1,0,50000.0,1,0,0,0,0,0,0,0,0,0,15,Average
174,student0174@student.hitech.lk,ACTIVE,STUDENT,5,DS-ML-210,ACTIVE,Digital Marketing,ACTIVE,OPEN,45000.0,10,WEEKS,2,211,8,6,0,1,1,84.38,8,9,1,16,1,5,2,3,0,5,3,2,2,59.5,63.09,55.92,2,0,0,0,58.9,SUCCESS,1,0,45000.0,1,0,0,0,0,0,0,3,2,1,15,Average
603,student0603@student.hitech.lk,ACTIVE,STUDENT,1,SE-JAVA-101,ACTIVE,Software Engineering,ACTIVE,OPEN,40000.0,3,WEEKS,2,21,3,0,2,1,0,33.33,15,10,1,14,11,12,4,7,1,4,2,1,1,62.24,62.24,62.24,1,0,0,1,61.47,SUCCESS,1,0,40000.0,1,1,0,0,1,0,0,3,1,2,28,Medium
448,student0448@student.hitech.lk,ACTIVE,STUDENT,6,CY-SEC-110,ACTIVE,Information Technology,REMOVED,OPEN,50000.0,16,WEEKS,1,6,0,0,0,0,0,0.0,20,9,0,15,14,17,4,8,5,5,2,2,2,65.39,77.85,52.93,2,0,0,1,67.33,PENDING,0,0,0.0,1,0,0,0,0,0,0,0,0,0,16,Average
27,student0027@student.hitech.lk,ACTIVE,STUDENT,2,SE-WEB-120,DRAFT,Data Science,ACTIVE,ADMIN_ONLY,25000.0,16,WEEKS,3,42,0,0,0,0,0,0.0,28,10,0,16,22,9,5,4,0,1,1,1,1,69.35,69.35,69.35,1,0,0,0,73.87,SUCCESS,2,1,25000.0,1,0,0,0,0,0,0,3,3,0,16,Average
19,student0019@student.hitech.lk,ACTIVE,STUDENT,4,DS-PY-101,ACTIVE,Business Management,COMPLETED,OPEN,50000.0,4,MONTHS,2,173,28,13,2,13,0,50.0,28,5,0,29,4,7,3,2,2,3,1,1,0,0.0,0.0,0.0,0,0,1,0,0.0,SUCCESS,1,0,50000.0,1,0,0,0,0,0,0,2,0,2,34,Medium
814,student0814@student.hitech.lk,PENDING_VERIFICATION,STUDENT,5,DS-ML-210,ACTIVE,Digital Marketing,ACTIVE,OPEN,45000.0,10,WEEKS,2,63,7,2,2,3,0,42.86,8,9,1,16,1,5,2,3,0,5,4,4,4,65.05,73.14,60.76,4,0,0,0,67.32,SUCCESS,1,0,45000.0,1,1,0,0,1,0,0,2,0,2,28,Medium
233,student0233@student.hitech.lk,ACTIVE,STUDENT,8,BM-MGMT-201,ACTIVE,Graphic Design,ACTIVE,ADMIN_ONLY,50000.0,3,WEEKS,2,79,7,2,2,2,1,53.57,7,6,0,10,3,13,7,5,1,1,0,0,0,0.0,0.0,0.0,0,0,0,0,0.0,SUCCESS,1,0,50000.0,1,1,1,0,1,0,0,1,1,0,16,Medium
449,student0449@student.hitech.lk,ACTIVE,STUDENT,8,BM-MGMT-201,ACTIVE,Graphic Design,COMPLETED,ADMIN_ONLY,50000.0,3,WEEKS,2,131,7,5,1,1,0,78.57,7,6,0,10,3,13,7,5,1,1,1,1,1,64.7,64.7,64.7,1,0,0,0,59.44,SUCCESS,1,0,50000.0,1,0,0,0,0,0,0,1,1,0,6,Average
701,student0701@student.hitech.lk,PENDING_VERIFICATION,STUDENT,8,BM-MGMT-201,ACTIVE,Graphic Design,ACTIVE,ADMIN_ONLY,50000.0,3,WEEKS,2,23,3,0,1,1,1,41.67,7,6,0,10,3,13,7,5,1,1,0,0,0,0.0,0.0,0.0,0,0,0,0,0.0,PENDING,0,0,0.0,1,3,1,1,1,0,2,0,0,0,91,Low
407,student0407@student.hitech.lk,ACTIVE,STUDENT,2,SE-WEB-120,DRAFT,Data Science,ACTIVE,ADMIN_ONLY,25000.0,16,WEEKS,3,140,3,2,1,0,0,83.33,28,10,0,16,22,9,5,4,0,1,1,1,1,86.15,86.15,86.15,1,0,0,0,82.09,SUCCESS,3,0,25000.0,1,0,0,0,0,0,0,1,1,0,1,Good
67,student0067@student.hitech.lk,ACTIVE,STUDENT,3,SE-DB-130,ACTIVE,Cybersecurity,COMPLETED,OPEN,50000.0,4,MONTHS,1,237,26,24,0,2,0,92.31,26,8,2,32,2,9,3,4,2,4,2,2,2,67.1,72.68,61.51,2,0,0,0,55.91,SUCCESS,1,0,50000.0,1,0,0,0,0,0,0,1,0,1,16,Average
758,student0758@student.hitech.lk,ACTIVE,STUDENT,11,CC-AWS-101,ACTIVE,Cybersecurity,ACTIVE,ADMIN_ONLY,40000.0,12,WEEKS,1,175,4,0,1,2,1,31.25,4,14,0,4,14,7,2,3,2,4,1,1,1,40.07,40.07,40.07,0,1,0,3,35.0,FAILED,0,1,0.0,0,2,1,0,1,1,0,0,0,0,52,Low
71,student0071@student.hitech.lk,ACTIVE,STUDENT,7,BM-COMM-110,ACTIVE,Cloud Computing,COMPLETED,OPEN,35000.0,3,WEEKS,1,218,13,4,0,9,0,30.77,13,3,3,7,9,11,3,5,3,1,1,1,1,65.46,65.46,65.46,1,0,0,0,61.07,PENDING,0,1,0.0,1,1,0,0,0,0,1,0,0,0,33,Medium
7,student0007@student.hitech.lk,ACTIVE,STUDENT,5,DS-ML-210,ACTIVE,Digital Marketing,ACTIVE,OPEN,45000.0,10,WEEKS,2,85,8,4,2,2,0,62.5,8,9,1,16,1,5,2,3,0,5,3,3,3,55.57,62.67,49.06,2,1,0,2,50.59,PENDING,0,0,0.0,1,1,0,0,0,0,1,1,0,1,33,Medium
88,student0088@student.hitech.lk,ACTIVE,STUDENT,11,CC-AWS-101,ACTIVE,Cybersecurity,REMOVED,ADMIN_ONLY,40000.0,12,WEEKS,1,77,4,0,2,2,0,25.0,4,14,0,4,14,7,2,3,2,4,0,0,0,0.0,0.0,0.0,0,0,0,0,0.0,PENDING,0,1,0.0,1,3,1,0,1,1,1,1,1,0,35,Low
312,student0312@student.hitech.lk,ACTIVE,STUDENT,3,SE-DB-130,ACTIVE,Cybersecurity,REMOVED,OPEN,50000.0,4,MONTHS,1,40,4,1,1,0,2,75.0,26,8,2,32,2,9,3,4,2,4,2,2,2,34.02,43.2,24.85,0,2,0,2,30.33,PENDING,0,1,0.0,1,1,1,0,0,0,1,0,0,0,79,Low
396,student0396@student.hitech.lk,ACTIVE,STUDENT,7,BM-COMM-110,ACTIVE,Cloud Computing,ACTIVE,OPEN,35000.0,3,WEEKS,1,105,13,11,0,1,1,90.38,13,3,3,7,9,11,3,5,3,1,1,1,1,96.09,96.09,96.09,1,0,0,0,98.45,SUCCESS,2,0,35000.0,2,0,0,0,0,0,0,0,0,0,2,Good
438,student0438@student.hitech.lk,ACTIVE,STUDENT,11,CC-AWS-101,ACTIVE,Cybersecurity,COMPLETED,ADMIN_ONLY,40000.0,12,WEEKS,1,111,4,0,4,0,0,50.0,4,14,0,4,14,7,2,3,2,4,3,3,3,78.43,94.21,68.14,3,0,0,0,73.95,SUCCESS,1,0,40000.0,1,0,0,0,0,0,0,1,0,1,3,Good
722,student0722@student.hitech.lk,ACTIVE,STUDENT,3,SE-DB-130,ACTIVE,Cybersecurity,ACTIVE,OPEN,50000.0,4,MONTHS,1,57,7,7,0,0,0,100.0,26,8,2,32,2,9,3,4,2,4,4,4,4,93.64,98.14,89.06,4,0,0,0,88.41,SUCCESS,1,0,50000.0,1,0,0,0,0,0,0,2,2,0,3,Good
229,student0229@student.hitech.lk,ACTIVE,STUDENT,4,DS-PY-101,ACTIVE,Business Management,ACTIVE,OPEN,50000.0,4,MONTHS,2,93,13,7,2,4,0,61.54,28,5,0,29,4,7,3,2,2,3,2,2,2,68.46,76.96,59.95,2,0,0,1,69.08,SUCCESS,2,0,50000.0,1,2,1,0,0,0,2,2,1,1,15,Average
390,student0390@student.hitech.lk,ACTIVE,STUDENT,11,CC-AWS-101,ACTIVE,Cybersecurity,ACTIVE,ADMIN_ONLY,40000.0,12,WEEKS,1,79,4,3,0,1,0,75.0,4,14,0,4,14,7,2,3,2,4,3,2,1,74.76,74.76,74.76,1,0,1,1,71.33,SUCCESS,1,0,40000.0,1,0,0,0,0,0,0,1,1,0,16,Average
379,student0379@student.hitech.lk,ACTIVE,STUDENT,7,BM-COMM-110,ACTIVE,Cloud Computing,COMPLETED,OPEN,35000.0,3,WEEKS,1,129,13,9,0,4,0,69.23,13,3,3,7,9,11,3,5,3,1,1,1,1,72.21,72.21,72.21,1,0,0,1,71.4,SUCCESS,2,0,35000.0,2,1,0,0,0,0,1,0,0,0,9,Average
313,student0313@student.hitech.lk,ACTIVE,STUDENT,3,SE-DB-130,ACTIVE,Cybersecurity,ACTIVE,OPEN,50000.0,4,MONTHS,1,51,6,1,2,3,0,33.33,26,8,2,32,2,9,3,4,2,4,1,1,1,33.62,33.62,33.62,0,1,0,2,37.16,SUCCESS,1,0,50000.0,1,3,1,1,2,1,0,0,0,0,44,Low
712,student0712@student.hitech.lk,ACTIVE,STUDENT,9,DM-SEO-101,ARCHIVED,Software Engineering,ACTIVE,OPEN,30000.0,12,WEEKS,2,139,13,10,1,0,2,92.31,13,2,0,5,10,13,4,6,3,5,3,3,3,63.5,71.96,56.18,3,0,0,2,66.21,PENDING,0,1,0.0,1,0,0,0,0,0,0,2,2,0,7,Average
95,student0095@student.hitech.lk,ACTIVE,STUDENT,6,CY-SEC-110,ACTIVE,Information Technology,ACTIVE,OPEN,50000.0,16,WEEKS,1,90,16,12,0,2,2,84.38,20,9,0,15,14,17,4,8,5,5,4,4,4,61.13,68.9,51.89,4,0,0,1,58.99,SUCCESS,2,0,50000.0,1,0,0,0,0,0,0,1,1,0,6,Average
593,student0593@student.hitech.lk,ACTIVE,STUDENT,1,SE-JAVA-101,ACTIVE,Software Engineering,ACTIVE,OPEN,40000.0,3,WEEKS,2,91,15,11,0,4,0,73.33,15,10,1,14,11,12,4,7,1,4,3,2,2,72.13,79.25,65.0,2,0,0,0,65.84,SUCCESS,1,0,40000.0,1,1,0,0,0,1,0,0,0,0,18,Average
138,student0138@student.hitech.lk,ACTIVE,STUDENT,9,DM-SEO-101,ARCHIVED,Software Engineering,COMPLETED,OPEN,30000.0,12,WEEKS,2,133,13,12,0,1,0,92.31,13,2,0,5,10,13,4,6,3,5,5,4,4,94.59,100.0,86.97,4,0,0,1,94.96,SUCCESS,1,2,30000.0,2,0,0,0,0,0,0,0,0,0,0,Good
267,student0267@student.hitech.lk,PENDING_VERIFICATION,STUDENT,12,GD-UIUX-101,ACTIVE,Business Management,ACTIVE,ADMIN_ONLY,45000.0,8,WEEKS,1,77,9,1,3,3,2,44.44,12,2,0,6,8,14,4,5,5,3,1,0,0,0.0,0.0,0.0,0,0,0,1,0.0,FAILED,0,1,0.0,1,0,0,0,0,0,0,0,0,0,67,Low
643,student0643@student.hitech.lk,PENDING_VERIFICATION,STUDENT,1,SE-JAVA-101,ACTIVE,Software Engineering,REMOVED,OPEN,40000.0,3,WEEKS,2,5,0,0,0,0,0,0.0,15,10,1,14,11,12,4,7,1,4,1,1,1,15.98,15.98,15.98,0,1,0,0,14.7,FAILED,0,1,0.0,1,2,1,0,0,1,1,0,0,0,71,Low
642,student0642@student.hitech.lk,ACTIVE,STUDENT,9,DM-SEO-101,ARCHIVED,Software Engineering,COMPLETED,OPEN,30000.0,12,WEEKS,2,152,13,10,1,2,0,80.77,13,2,0,5,10,13,4,6,3,5,3,3,3,71.16,73.31,68.84,3,0,0,0,73.84,SUCCESS,1,0,30000.0,1,0,0,0,0,0,0,1,0,1,10,Average
42,student0042@student.hitech.lk,ACTIVE,STUDENT,6,CY-SEC-110,ACTIVE,Information Technology,ACTIVE,OPEN,50000.0,16,WEEKS,1,29,4,1,1,2,0,37.5,20,9,0,15,14,17,4,8,5,5,3,3,3,62.75,65.64,59.33,3,0,0,2,66.27,PENDING,0,0,0.0,1,1,1,0,1,0,0,1,0,1,23,Medium
455,student0455@student.hitech.lk,PENDING_VERIFICATION,STUDENT,9,DM-SEO-101,ARCHIVED,Software Engineering,COMPLETED,OPEN,30000.0,12,WEEKS,2,171,13,9,1,2,1,78.85,13,2,0,5,10,13,4,6,3,5,4,4,4,67.4,69.41,62.0,4,0,0,0,66.21,PENDING,0,0,0.0,1,0,0,0,0,0,0,0,0,0,21,Average
231,student0231@student.hitech.lk,ACTIVE,STUDENT,4,DS-PY-101,ACTIVE,Business Management,ACTIVE,OPEN,50000.0,4,MONTHS,2,49,8,4,1,3,0,56.25,28,5,0,29,4,7,3,2,2,3,2,2,2,73.82,79.29,68.36,2,0,0,0,79.49,SUCCESS,1,0,50000.0,1,0,0,0,0,0,0,2,2,0,10,Average
244,student0244@student.hitech.lk,ACTIVE,STUDENT,3,SE-DB-130,ACTIVE,Cybersecurity,REMOVED,OPEN,50000.0,4,MONTHS,1,27,4,0,2,2,0,25.0,26,8,2,32,2,9,3,4,2,4,0,0,0,0.0,0.0,0.0,0,0,0,0,0.0,FAILED,0,1,0.0,1,3,1,2,2,1,0,1,0,1,58,Low
848,student0848@student.hitech.lk,INACTIVE,STUDENT,10,IT-NET-100,ARCHIVED,Data Science,REMOVED,OPEN,35000.0,8,WEEKS,1,29,4,0,2,1,1,43.75,26,8,0,16,18,14,5,7,2,1,0,0,0,0.0,0.0,0.0,0,0,0,0,0.0,SUCCESS,1,0,35000.0,1,3,0,0,0,1,2,0,0,0,30,Medium
162,student0162@student.hitech.lk,ACTIVE,STUDENT,8,BM-MGMT-201,ACTIVE,Graphic Design,REMOVED,ADMIN_ONLY,50000.0,3,WEEKS,2,107,7,1,2,3,1,39.29,7,6,0,10,3,13,7,5,1,1,0,0,0,0.0,0.0,0.0,0,0,0,0,0.0,PENDING,0,0,0.0,1,5,0,3,2,2,1,0,0,0,77,Low
659,student0659@student.hitech.lk,ACTIVE,STUDENT,8,BM-MGMT-201,ACTIVE,Graphic Design,COMPLETED,ADMIN_ONLY,50000.0,3,WEEKS,2,83,7,3,3,1,0,64.29,7,6,0,10,3,13,7,5,1,1,1,1,1,93.24,93.24,93.24,1,0,0,0,99.53,PENDING,0,0,0.0,1,1,1,0,0,1,0,0,0,0,5,Good
772,student0772@student.hitech.lk,ACTIVE,STUDENT,4,DS-PY-101,ACTIVE,Business Management,ACTIVE,OPEN,50000.0,4,MONTHS,2,178,20,15,1,3,1,81.25,28,5,0,29,4,7,3,2,2,3,1,1,1,42.78,42.78,42.78,0,1,0,1,43.67,SUCCESS,2,0,50000.0,1,1,0,0,0,0,1,0,0,0,18,Medium
188,student0188@student.hitech.lk,ACTIVE,STUDENT,12,GD-UIUX-101,ACTIVE,Business Management,ACTIVE,ADMIN_ONLY,45000.0,8,WEEKS,1,228,12,10,2,0,0,91.67,12,2,0,6,8,14,4,5,5,3,3,3,3,98.46,100.0,95.37,3,0,0,0,97.63,PENDING,0,1,0.0,1,1,1,0,0,0,1,3,3,0,6,Good
205,student0205@student.hitech.lk,PENDING_VERIFICATION,STUDENT,4,DS-PY-101,ACTIVE,Business Management,COMPLETED,OPEN,50000.0,4,MONTHS,2,103,19,14,1,3,1,80.26,28,5,0,29,4,7,3,2,2,3,2,2,2,87.1,87.46,86.73,2,0,0,0,86.44,SUCCESS,1,0,50000.0,2,1,0,0,0,0,1,1,1,0,16,Good
477,student0477@student.hitech.lk,ACTIVE,STUDENT,10,IT-NET-100,ARCHIVED,Data Science,REMOVED,OPEN,35000.0,8,WEEKS,1,6,0,0,0,0,0,0.0,26,8,0,16,18,14,5,7,2,1,0,0,0,0.0,0.0,0.0,0,0,0,0,0.0,SUCCESS,1,0,35000.0,1,3,1,0,2,0,1,0,0,0,59,Low
576,student0576@student.hitech.lk,ACTIVE,STUDENT,5,DS-ML-210,ACTIVE,Digital Marketing,ACTIVE,OPEN,45000.0,10,WEEKS,2,74,8,4,2,2,0,62.5,8,9,1,16,1,5,2,3,0,5,5,5,5,61.03,68.12,51.98,5,0,0,0,65.94,SUCCESS,1,2,45000.0,1,0,0,0,0,0,0,0,0,0,14,Average
481,student0481@student.hitech.lk,ACTIVE,STUDENT,10,IT-NET-100,ARCHIVED,Data Science,ACTIVE,OPEN,35000.0,8,WEEKS,1,128,15,8,1,6,0,56.67,26,8,0,16,18,14,5,7,2,1,0,0,0,0.0,0.0,0.0,0,0,0,0,0.0,SUCCESS,2,0,35000.0,1,2,0,0,2,0,0,0,0,0,29,Medium
373,student0373@student.hitech.lk,ACTIVE,STUDENT,9,DM-SEO-101,ARCHIVED,Software Engineering,COMPLETED,OPEN,30000.0,12,WEEKS,2,120,13,6,1,5,1,55.77,13,2,0,5,10,13,4,6,3,5,3,3,3,41.76,59.2,18.72,1,2,0,0,41.06,SUCCESS,1,0,30000.0,1,0,0,0,0,0,0,0,0,0,10,Medium
114,student0114@student.hitech.lk,ACTIVE,STUDENT,4,DS-PY-101,ACTIVE,Business Management,COMPLETED,OPEN,50000.0,4,MONTHS,2,116,22,15,1,6,0,70.45,28,5,0,29,4,7,3,2,2,3,3,3,3,63.12,68.72,52.15,3,0,0,1,65.16,SUCCESS,1,0,50000.0,1,0,0,0,0,0,0,0,0,0,5,Average
710,student0710@student.hitech.lk,ACTIVE,STUDENT,4,DS-PY-101,ACTIVE,Business Management,ACTIVE,OPEN,50000.0,4,MONTHS,2,91,14,12,2,0,0,92.86,28,5,0,29,4,7,3,2,2,3,3,3,3,93.45,96.8,91.66,3,0,0,1,98.15,SUCCESS,1,0,50000.0,1,0,0,0,0,0,0,0,0,0,4,Good
131,student0131@student.hitech.lk,INACTIVE,STUDENT,10,IT-NET-100,ARCHIVED,Data Science,ACTIVE,OPEN,35000.0,8,WEEKS,1,153,26,12,1,13,0,48.08,26,8,0,16,18,14,5,7,2,1,1,1,1,53.72,53.72,53.72,1,0,0,1,55.37,SUCCESS,1,0,35000.0,1,1,0,0,0,0,1,0,0,0,56,Medium
701,student0701@student.hitech.lk,ACTIVE,STUDENT,11,CC-AWS-101,ACTIVE,Cybersecurity,ACTIVE,ADMIN_ONLY,40000.0,12,WEEKS,1,102,4,2,1,1,0,62.5,4,14,0,4,14,7,2,3,2,4,4,3,3,84.41,96.31,76.92,3,0,0,0,80.47,SUCCESS,1,1,40000.0,1,1,0,0,0,0,1,0,0,0,4,Good
738,student0738@student.hitech.lk,ACTIVE,STUDENT,11,CC-AWS-101,ACTIVE,Cybersecurity,ACTIVE,ADMIN_ONLY,40000.0,12,WEEKS,1,110,4,3,0,0,1,93.75,4,14,0,4,14,7,2,3,2,4,4,4,4,86.65,92.81,77.67,4,0,0,0,92.02,SUCCESS,2,0,40000.0,1,2,0,0,0,1,1,1,1,0,1,Good
213,student0213@student.hitech.lk,ACTIVE,STUDENT,8,BM-MGMT-201,ACTIVE,Graphic Design,REMOVED,ADMIN_ONLY,50000.0,3,WEEKS,2,50,5,0,2,1,2,50.0,7,6,0,10,3,13,7,5,1,1,0,0,0,0.0,0.0,0.0,0,0,0,0,0.0,PENDING,0,0,0.0,1,2,1,0,1,0,1,1,0,1,51,Low
496,student0496@student.hitech.lk,ACTIVE,STUDENT,10,IT-NET-100,ARCHIVED,Data Science,ACTIVE,OPEN,35000.0,8,WEEKS,1,127,14,10,1,1,2,85.71,26,8,0,16,18,14,5,7,2,1,1,1,1,81.5,81.5,81.5,1,0,0,0,80.01,SUCCESS,1,0,35000.0,1,1,0,1,0,0,1,1,0,1,15,Average
761,student0761@student.hitech.lk,ACTIVE,STUDENT,10,IT-NET-100,ARCHIVED,Data Science,COMPLETED,OPEN,35000.0,8,WEEKS,1,80,12,10,0,2,0,83.33,26,8,0,16,18,14,5,7,2,1,1,1,1,93.97,93.97,93.97,1,0,0,0,91.72,SUCCESS,1,0,35000.0,1,0,0,0,0,0,0,1,1,0,2,Good
589,student0589@student.hitech.lk,ACTIVE,STUDENT,10,IT-NET-100,ARCHIVED,Data Science,ACTIVE,OPEN,35000.0,8,WEEKS,1,85,11,5,1,5,0,50.0,26,8,0,16,18,14,5,7,2,1,0,0,0,0.0,0.0,0.0,0,0,0,0,0.0,PENDING,0,1,0.0,1,1,1,0,1,0,0,0,0,0,25,Low
308,student0308@student.hitech.lk,ACTIVE,STUDENT,1,SE-JAVA-101,ACTIVE,Software Engineering,ACTIVE,OPEN,40000.0,3,WEEKS,2,58,8,6,1,1,0,81.25,15,10,1,14,11,12,4,7,1,4,4,4,4,59.1,68.82,50.79,4,0,0,0,59.11,PENDING,0,0,0.0,1,0,0,0,0,0,0,1,1,0,3,Average
412,student0412@student.hitech.lk,ACTIVE,STUDENT,8,BM-MGMT-201,ACTIVE,Graphic Design,ACTIVE,ADMIN_ONLY,50000.0,3,WEEKS,2,35,6,0,4,2,0,33.33,7,6,0,10,3,13,7,5,1,1,1,1,1,58.23,58.23,58.23,1,0,0,1,62.01,FAILED,0,2,0.0,0,2,0,0,1,0,1,0,0,0,18,Medium
460,student0460@student.hitech.lk,ACTIVE,STUDENT,1,SE-JAVA-101,ACTIVE,Software Engineering,ACTIVE,OPEN,40000.0,3,WEEKS,2,119,14,12,1,1,0,89.29,15,10,1,14,11,12,4,7,1,4,2,2,2,63.4,64.24,62.57,2,0,0,0,57.66,SUCCESS,2,0,40000.0,1,1,0,0,0,1,0,1,1,0,5,Average
694,student0694@student.hitech.lk,ACTIVE,STUDENT,11,CC-AWS-101,ACTIVE,Cybersecurity,ACTIVE,ADMIN_ONLY,40000.0,12,WEEKS,1,77,4,1,2,1,0,50.0,4,14,0,4,14,7,2,3,2,4,2,2,2,47.41,52.41,42.41,1,1,0,2,46.87,SUCCESS,2,0,40000.0,1,1,0,0,0,0,1,0,0,0,20,Medium
107,student0107@student.hitech.lk,ACTIVE,STUDENT,6,CY-SEC-110,ACTIVE,Information Technology,ACTIVE,OPEN,50000.0,16,WEEKS,1,63,9,7,0,2,0,77.78,20,9,0,15,14,17,4,8,5,5,3,3,3,57.66,67.46,45.22,2,1,0,0,60.51,SUCCESS,1,0,50000.0,1,1,0,0,0,0,1,0,0,0,11,Medium
85,student0085@student.hitech.lk,ACTIVE,STUDENT,7,BM-COMM-110,ACTIVE,Cloud Computing,COMPLETED,OPEN,35000.0,3,WEEKS,1,215,13,4,0,9,0,30.77,13,3,3,7,9,11,3,5,3,1,0,0,0,0.0,0.0,0.0,0,0,0,0,0.0,SUCCESS,1,0,35000.0,1,5,3,1,3,1,1,0,0,0,58,Low
699,student0699@student.hitech.lk,ACTIVE,STUDENT,6,CY-SEC-110,ACTIVE,Information Technology,ACTIVE,OPEN,50000.0,16,WEEKS,1,42,4,1,1,2,0,37.5,20,9,0,15,14,17,4,8,5,5,4,4,4,67.58,74.77,58.21,4,0,0,0,69.68,SUCCESS,2,0,50000.0,1,0,0,0,0,0,0,1,1,0,5,Average
846,student0846@student.hitech.lk,ACTIVE,STUDENT,5,DS-ML-210,ACTIVE,Digital Marketing,ACTIVE,OPEN,45000.0,10,WEEKS,2,84,8,7,0,0,1,96.88,8,9,1,16,1,5,2,3,0,5,4,4,4,62.24,72.0,40.61,3,1,0,0,68.84,FAILED,0,1,0.0,1,0,0,0,0,0,0,3,2,1,16,Average
267,student0267@student.hitech.lk,ACTIVE,STUDENT,5,DS-ML-210,ACTIVE,Digital Marketing,COMPLETED,OPEN,45000.0,10,WEEKS,2,212,8,3,2,3,0,50.0,8,9,1,16,1,5,2,3,0,5,4,4,4,72.02,77.3,64.26,4,0,0,0,70.2,SUCCESS,1,0,45000.0,1,1,1,0,0,1,0,0,0,0,14,Average
777,student0777@student.hitech.lk,ACTIVE,STUDENT,5,DS-ML-210,ACTIVE,Digital Marketing,COMPLETED,OPEN,45000.0,10,WEEKS,2,224,8,5,0,3,0,62.5,8,9,1,16,1,5,2,3,0,5,2,2,2,54.18,58.7,49.66,1,1,0,0,58.24,SUCCESS,1,1,45000.0,2,1,0,0,0,0,1,1,1,0,20,Medium
104,student0104@student.hitech.lk,ACTIVE,STUDENT,5,DS-ML-210,ACTIVE,Digital Marketing,ACTIVE,OPEN,45000.0,10,WEEKS,2,46,6,3,1,2,0,58.33,8,9,1,16,1,5,2,3,0,5,3,3,3,63.96,71.49,50.51,3,0,0,2,63.29,PENDING,0,0,0.0,1,0,0,0,0,0,0,0,0,0,33,Medium
31,student0031@student.hitech.lk,ACTIVE,STUDENT,9,DM-SEO-101,ARCHIVED,Software Engineering,ACTIVE,OPEN,30000.0,12,WEEKS,2,55,6,3,2,1,0,66.67,13,2,0,5,10,13,4,6,3,5,3,3,3,75.01,85.2,67.25,3,0,0,1,70.74,SUCCESS,1,0,30000.0,1,0,0,0,0,0,0,0,0,0,10,Average
610,student0610@student.hitech.lk,ACTIVE,STUDENT,8,BM-MGMT-201,ACTIVE,Graphic Design,ACTIVE,ADMIN_ONLY,50000.0,3,WEEKS,2,88,7,6,1,0,0,92.86,7,6,0,10,3,13,7,5,1,1,1,1,0,0.0,0.0,0.0,0,0,1,0,0.0,SUCCESS,1,1,50000.0,1,2,0,0,1,1,0,1,0,1,6,Good
613,student0613@student.hitech.lk,ACTIVE,STUDENT,4,DS-PY-101,ACTIVE,Business Management,ACTIVE,OPEN,50000.0,4,MONTHS,2,102,14,10,2,2,0,78.57,28,5,0,29,4,7,3,2,2,3,3,3,2,82.55,83.45,81.64,2,0,1,1,85.05,SUCCESS,1,0,50000.0,1,1,1,0,0,0,1,0,0,0,6,Good
361,student0361@student.hitech.lk,ACTIVE,STUDENT,6,CY-SEC-110,ACTIVE,Information Technology,ACTIVE,OPEN,50000.0,16,WEEKS,1,135,20,3,5,12,0,27.5,20,9,0,15,14,17,4,8,5,5,2,2,2,46.5,48.43,44.56,0,2,0,0,45.7,PENDING,0,0,0.0,1,1,1,0,0,0,1,1,0,1,38,Medium
49,student0049@student.hitech.lk,ACTIVE,STUDENT,5,DS-ML-210,ACTIVE,Digital Marketing,ACTIVE,OPEN,45000.0,10,WEEKS,2,21,3,0,1,1,1,41.67,8,9,1,16,1,5,2,3,0,5,1,1,1,40.04,40.04,40.04,0,1,0,3,35.14,SUCCESS,1,0,45000.0,2,0,0,0,0,0,0,0,0,0,42,Low
731,student0731@student.hitech.lk,ACTIVE,STUDENT,1,SE-JAVA-101,ACTIVE,Software Engineering,ACTIVE,OPEN,40000.0,3,WEEKS,2,112,13,9,1,2,1,78.85,15,10,1,14,11,12,4,7,1,4,4,4,4,71.78,81.71,64.1,4,0,0,1,68.5,SUCCESS,1,0,40000.0,1,0,0,0,0,0,0,0,0,0,14,Average
503,student0503@student.hitech.lk,PENDING_VERIFICATION,STUDENT,5,DS-ML-210,ACTIVE,Digital Marketing,ACTIVE,OPEN,45000.0,10,WEEKS,2,52,5,3,1,1,0,70.0,8,9,1,16,1,5,2,3,0,5,3,3,3,63.7,69.18,54.99,3,0,0,1,63.67,PENDING,0,1,0.0,1,0,0,0,0,0,0,0,0,0,14,Average
20,student0020@student.hitech.lk,ACTIVE,STUDENT,12,GD-UIUX-101,ACTIVE,Business Management,ACTIVE,ADMIN_ONLY,45000.0,8,WEEKS,1,61,10,6,1,3,0,65.0,12,2,0,6,8,14,4,5,5,3,2,2,2,70.29,74.63,65.95,2,0,0,1,63.16,SUCCESS,2,0,45000.0,1,0,0,0,0,0,0,1,1,0,18,Average
569,student0569@student.hitech.lk,ACTIVE,STUDENT,12,GD-UIUX-101,ACTIVE,Business Management,REMOVED,ADMIN_ONLY,45000.0,8,WEEKS,1,52,10,5,2,3,0,60.0,12,2,0,6,8,14,4,5,5,3,2,2,1,39.19,39.19,39.19,0,1,1,1,41.56,SUCCESS,1,1,45000.0,1,1,0,0,0,1,0,0,0,0,38,Medium
206,student0206@student.hitech.lk,ACTIVE,STUDENT,3,SE-DB-130,ACTIVE,Cybersecurity,REMOVED,OPEN,50000.0,4,MONTHS,1,28,5,3,0,1,1,75.0,26,8,2,32,2,9,3,4,2,4,0,0,0,0.0,0.0,0.0,0,0,0,0,0.0,PENDING,0,1,0.0,1,1,0,0,1,0,0,0,0,0,72,Low
456,student0456@student.hitech.lk,ACTIVE,STUDENT,9,DM-SEO-101,ARCHIVED,Software Engineering,ACTIVE,OPEN,30000.0,12,WEEKS,2,95,12,3,3,4,2,50.0,13,2,0,5,10,13,4,6,3,5,3,3,3,53.68,59.87,44.08,2,1,0,0,49.72,SUCCESS,1,0,30000.0,1,0,0,0,0,0,0,0,0,0,21,Medium
32,student0032@student.hitech.lk,ACTIVE,STUDENT,9,DM-SEO-101,ARCHIVED,Software Engineering,ACTIVE,OPEN,30000.0,12,WEEKS,2,206,13,6,0,7,0,46.15,13,2,0,5,10,13,4,6,3,5,0,0,0,0.0,0.0,0.0,0,0,0,0,0.0,SUCCESS,1,0,30000.0,1,1,1,0,1,0,0,0,0,0,33,Low
125,student0125@student.hitech.lk,ACTIVE,STUDENT,6,CY-SEC-110,ACTIVE,Information Technology,ACTIVE,OPEN,50000.0,16,WEEKS,1,94,10,8,1,1,0,85.0,20,9,0,15,14,17,4,8,5,5,5,5,5,79.51,92.22,71.16,5,0,0,1,76.97,SUCCESS,1,0,50000.0,1,1,0,0,1,0,0,1,1,0,3,Good
600,student0600@student.hitech.lk,ACTIVE,STUDENT,6,CY-SEC-110,ACTIVE,Information Technology,ACTIVE,OPEN,50000.0,16,WEEKS,1,38,6,5,0,1,0,83.33,20,9,0,15,14,17,4,8,5,5,3,3,3,69.46,77.37,55.96,3,0,0,2,63.83,SUCCESS,2,0,50000.0,1,1,0,0,0,1,0,2,1,1,5,Average
307,student0307@student.hitech.lk,ACTIVE,STUDENT,9,DM-SEO-101,ARCHIVED,Software Engineering,COMPLETED,OPEN,30000.0,12,WEEKS,2,187,13,11,1,1,0,88.46,13,2,0,5,10,13,4,6,3,5,5,5,5,86.7,99.3,75.45,5,0,0,0,87.84,SUCCESS,1,0,30000.0,1,0,0,0,0,0,0,0,0,0,2,Good
225,student0225@student.hitech.lk,ACTIVE,STUDENT,11,CC-AWS-101,ACTIVE,Cybersecurity,ACTIVE,ADMIN_ONLY,40000.0,12,WEEKS,1,62,4,1,1,2,0,37.5,4,14,0,4,14,7,2,3,2,4,3,3,3,56.45,69.88,41.08,2,1,0,3,61.91,SUCCESS,1,0,40000.0,1,1,0,0,1,0,0,0,0,0,33,Medium
401,student0401@student.hitech.lk,ACTIVE,STUDENT,5,DS-ML-210,ACTIVE,Digital Marketing,COMPLETED,OPEN,45000.0,10,WEEKS,2,100,8,5,1,2,0,68.75,8,9,1,16,1,5,2,3,0,5,3,2,2,71.24,77.18,65.3,2,0,0,0,76.69,SUCCESS,2,0,45000.0,1,1,0,1,0,1,0,0,0,0,12,Average
621,student0621@student.hitech.lk,ACTIVE,STUDENT,1,SE-JAVA-101,ACTIVE,Software Engineering,ACTIVE,OPEN,40000.0,3,WEEKS,2,81,11,5,2,4,0,54.55,15,10,1,14,11,12,4,7,1,4,3,3,3,53.84,62.49,41.39,2,1,0,0,56.2,SUCCESS,2,0,40000.0,1,1,0,0,0,1,0,2,1,1,27,Medium
524,student0524@student.hitech.lk,ACTIVE,STUDENT,12,GD-UIUX-101,ACTIVE,Business Management,ACTIVE,ADMIN_ONLY,45000.0,8,WEEKS,1,49,6,4,0,1,1,79.17,12,2,0,6,8,14,4,5,5,3,2,1,1,75.36,75.36,75.36,1,0,0,0,73.23,SUCCESS,1,0,45000.0,1,0,0,0,0,0,0,2,1,1,10,Average
274,student0274@student.hitech.lk,ACTIVE,STUDENT,9,DM-SEO-101,ARCHIVED,Software Engineering,ACTIVE,OPEN,30000.0,12,WEEKS,2,115,13,7,3,3,0,65.38,13,2,0,5,10,13,4,6,3,5,2,2,2,49.62,53.71,45.54,1,1,0,0,54.15,SUCCESS,1,0,30000.0,1,3,1,0,2,1,0,0,0,0,12,Medium
708,student0708@student.hitech.lk,ACTIVE,STUDENT,1,SE-JAVA-101,ACTIVE,Software Engineering,ACTIVE,OPEN,40000.0,3,WEEKS,2,74,9,5,2,2,0,66.67,15,10,1,14,11,12,4,7,1,4,3,3,3,74.08,81.41,69.13,3,0,0,0,67.63,SUCCESS,1,2,40000.0,1,0,0,0,0,0,0,1,1,0,4,Average
20,student0020@student.hitech.lk,ACTIVE,STUDENT,10,IT-NET-100,ARCHIVED,Data Science,ACTIVE,OPEN,35000.0,8,WEEKS,1,63,7,3,2,2,0,57.14,26,8,0,16,18,14,5,7,2,1,1,1,1,73.64,73.64,73.64,1,0,0,1,72.87,SUCCESS,1,0,35000.0,1,2,1,0,2,0,0,0,0,0,8,Average
507,student0507@student.hitech.lk,ACTIVE,STUDENT,2,SE-WEB-120,DRAFT,Data Science,ACTIVE,ADMIN_ONLY,25000.0,16,WEEKS,3,36,1,0,1,0,0,50.0,28,10,0,16,22,9,5,4,0,1,0,0,0,0.0,0.0,0.0,0,0,0,0,0.0,SUCCESS,1,1,25000.0,1,1,0,0,0,0,1,1,1,0,37,Medium
208,student0208@student.hitech.lk,PENDING_VERIFICATION,STUDENT,2,SE-WEB-120,DRAFT,Data Science,COMPLETED,ADMIN_ONLY,25000.0,16,WEEKS,3,170,2,0,1,1,0,25.0,28,10,0,16,22,9,5,4,0,1,0,0,0,0.0,0.0,0.0,0,0,0,0,0.0,FAILED,0,1,0.0,0,0,0,0,0,0,0,0,0,0,42,Medium
112,student0112@student.hitech.lk,PENDING_VERIFICATION,STUDENT,2,SE-WEB-120,DRAFT,Data Science,ACTIVE,ADMIN_ONLY,25000.0,16,WEEKS,3,56,0,0,0,0,0,0.0,28,10,0,16,22,9,5,4,0,1,1,1,1,66.65,66.65,66.65,1,0,0,1,64.92,SUCCESS,1,0,25000.0,1,1,0,0,0,1,0,1,1,0,15,Average
24,student0024@student.hitech.lk,ACTIVE,STUDENT,8,BM-MGMT-201,ACTIVE,Graphic Design,COMPLETED,ADMIN_ONLY,50000.0,3,WEEKS,2,172,7,7,0,0,0,100.0,7,6,0,10,3,13,7,5,1,1,1,1,1,71.55,71.55,71.55,1,0,0,0,73.4,SUCCESS,1,0,50000.0,1,0,0,0,0,0,0,2,1,1,2,Good
445,student0445@student.hitech.lk,ACTIVE,STUDENT,3,SE-DB-130,ACTIVE,Cybersecurity,ACTIVE,OPEN,50000.0,4,MONTHS,1,58,9,5,0,3,1,63.89,26,8,2,32,2,9,3,4,2,4,2,2,1,75.3,75.3,75.3,1,0,1,1,75.53,SUCCESS,1,0,50000.0,1,4,0,0,2,1,1,2,2,0,6,Average
404,student0404@student.hitech.lk,PENDING_VERIFICATION,STUDENT,11,CC-AWS-101,ACTIVE,Cybersecurity,ACTIVE,ADMIN_ONLY,40000.0,12,WEEKS,1,66,4,3,0,1,0,75.0,4,14,0,4,14,7,2,3,2,4,3,3,2,68.72,77.51,59.93,2,0,1,0,65.99,SUCCESS,1,0,40000.0,1,1,0,0,0,0,1,0,0,0,30,Average
822,student0822@student.hitech.lk,ACTIVE,STUDENT,10,IT-NET-100,ARCHIVED,Data Science,COMPLETED,OPEN,35000.0,8,WEEKS,1,198,26,21,2,2,1,87.5,26,8,0,16,18,14,5,7,2,1,1,1,1,96.81,96.81,96.81,1,0,0,0,96.28,SUCCESS,1,0,35000.0,1,0,0,0,0,0,0,0,0,0,2,Good
769,student0769@student.hitech.lk,ACTIVE,STUDENT,11,CC-AWS-101,ACTIVE,Cybersecurity,ACTIVE,ADMIN_ONLY,40000.0,12,WEEKS,1,92,4,1,2,1,0,50.0,4,14,0,4,14,7,2,3,2,4,2,2,2,74.34,80.99,67.7,2,0,0,1,81.71,SUCCESS,1,0,40000.0,1,0,0,0,0,0,0,3,2,1,10,Average
272,student0272@student.hitech.lk,INACTIVE,STUDENT,1,SE-JAVA-101,ACTIVE,Software Engineering,ACTIVE,OPEN,40000.0,3,WEEKS,2,82,9,4,2,3,0,55.56,15,10,1,14,11,12,4,7,1,4,3,2,1,53.65,53.65,53.65,1,0,1,0,46.82,SUCCESS,1,1,40000.0,1,1,0,0,1,0,0,0,0,0,33,Average
385,student0385@student.hitech.lk,ACTIVE,STUDENT,6,CY-SEC-110,ACTIVE,Information Technology,ACTIVE,OPEN,50000.0,16,WEEKS,1,32,6,1,3,2,0,41.67,20,9,0,15,14,17,4,8,5,5,3,3,3,58.09,60.82,55.2,3,0,0,0,53.69,PENDING,0,0,0.0,1,1,1,0,0,1,0,2,1,1,10,Average
718,student0718@student.hitech.lk,ACTIVE,STUDENT,2,SE-WEB-120,DRAFT,Data Science,ACTIVE,ADMIN_ONLY,25000.0,16,WEEKS,3,26,3,1,1,1,0,50.0,28,10,0,16,22,9,5,4,0,1,1,0,0,0.0,0.0,0.0,0,0,0,0,0.0,SUCCESS,1,0,25000.0,2,0,0,0,0,0,0,2,2,0,5,Average
420,student0420@student.hitech.lk,ACTIVE,STUDENT,3,SE-DB-130,ACTIVE,Cybersecurity,ACTIVE,OPEN,50000.0,4,MONTHS,1,292,26,20,3,2,1,85.58,26,8,2,32,2,9,3,4,2,4,4,4,4,84.83,88.25,81.89,4,0,0,0,92.4,PENDING,0,1,0.0,1,0,0,0,0,0,0,0,0,0,1,Good
546,student0546@student.hitech.lk,ACTIVE,STUDENT,8,BM-MGMT-201,ACTIVE,Graphic Design,COMPLETED,ADMIN_ONLY,50000.0,3,WEEKS,2,138,7,5,2,0,0,85.71,7,6,0,10,3,13,7,5,1,1,1,1,1,85.38,85.38,85.38,1,0,0,1,86.96,SUCCESS,1,0,50000.0,1,0,0,0,0,0,0,0,0,0,3,Good
111,student0111@student.hitech.lk,ACTIVE,STUDENT,7,BM-COMM-110,ACTIVE,Cloud Computing,COMPLETED,OPEN,35000.0,3,WEEKS,1,119,13,11,1,1,0,88.46,13,3,3,7,9,11,3,5,3,1,1,1,0,0.0,0.0,0.0,0,0,1,0,0.0,SUCCESS,1,0,35000.0,1,1,0,0,1,0,0,0,0,0,0,Good
508,student0508@student.hitech.lk,ACTIVE,STUDENT,7,BM-COMM-110,ACTIVE,Cloud Computing,ACTIVE,OPEN,35000.0,3,WEEKS,1,87,13,10,1,1,1,86.54,13,3,3,7,9,11,3,5,3,1,1,1,1,83.19,83.19,83.19,1,0,0,0,80.43,SUCCESS,1,0,35000.0,1,0,0,0,0,0,0,1,0,1,2,Good
532,student0532@student.hitech.lk,ACTIVE,STUDENT,10,IT-NET-100,ARCHIVED,Data Science,ACTIVE,OPEN,35000.0,8,WEEKS,1,129,17,13,1,3,0,79.41,26,8,0,16,18,14,5,7,2,1,1,1,1,76.75,76.75,76.75,1,0,0,3,73.54,SUCCESS,2,1,35000.0,1,1,0,0,0,0,1,1,0,1,14,Average
650,student0650@student.hitech.lk,ACTIVE,STUDENT,1,SE-JAVA-101,ACTIVE,Software Engineering,COMPLETED,OPEN,40000.0,3,WEEKS,2,245,15,9,2,4,0,66.67,15,10,1,14,11,12,4,7,1,4,2,2,2,48.36,48.77,47.94,0,2,0,0,44.45,SUCCESS,1,0,40000.0,2,0,0,0,0,0,0,1,0,1,37,Medium
335,student0335@student.hitech.lk,ACTIVE,STUDENT,12,GD-UIUX-101,ACTIVE,Business Management,ACTIVE,ADMIN_ONLY,45000.0,8,WEEKS,1,149,12,0,2,10,0,8.33,12,2,0,6,8,14,4,5,5,3,0,0,0,0.0,0.0,0.0,0,0,0,0,0.0,FAILED,0,1,0.0,1,1,1,0,1,0,0,2,0,2,36,Low
52,student0052@student.hitech.lk,ACTIVE,STUDENT,11,CC-AWS-101,ACTIVE,Cybersecurity,REMOVED,ADMIN_ONLY,40000.0,12,WEEKS,1,120,4,2,0,2,0,50.0,4,14,0,4,14,7,2,3,2,4,1,1,1,64.92,64.92,64.92,1,0,0,1,63.81,SUCCESS,1,0,40000.0,1,0,0,0,0,0,0,0,0,0,39,Medium
569,student0569@student.hitech.lk,ACTIVE,STUDENT,4,DS-PY-101,ACTIVE,Business Management,ACTIVE,OPEN,50000.0,4,MONTHS,2,114,14,8,2,3,1,69.64,28,5,0,29,4,7,3,2,2,3,2,2,2,72.87,76.9,68.84,2,0,0,1,72.03,SUCCESS,1,1,50000.0,1,1,0,0,0,0,1,0,0,0,16,Average
655,student0655@student.hitech.lk,ACTIVE,STUDENT,9,DM-SEO-101,ARCHIVED,Software Engineering,COMPLETED,OPEN,30000.0,12,WEEKS,2,145,13,6,1,5,1,55.77,13,2,0,5,10,13,4,6,3,5,4,4,4,76.4,85.46,72.29,4,0,0,0,84.83,SUCCESS,2,0,30000.0,2,0,0,0,0,0,0,1,1,0,12,Average
705,student0705@student.hitech.lk,ACTIVE,STUDENT,2,SE-WEB-120,DRAFT,Data Science,ACTIVE,ADMIN_ONLY,25000.0,16,WEEKS,3,114,1,0,1,0,0,50.0,28,10,0,16,22,9,5,4,0,1,1,1,1,48.21,48.21,48.21,0,1,0,1,42.89,SUCCESS,1,0,25000.0,2,0,0,0,0,0,0,0,0,0,12,Medium
479,student0479@student.hitech.lk,ACTIVE,STUDENT,7,BM-COMM-110,ACTIVE,Cloud Computing,ACTIVE,OPEN,35000.0,3,WEEKS,1,118,13,7,1,4,1,63.46,13,3,3,7,9,11,3,5,3,1,1,0,0,0.0,0.0,0.0,0,0,0,0,0.0,SUCCESS,1,0,35000.0,1,2,0,0,2,0,0,2,0,2,34,Medium
266,student0266@student.hitech.lk,ACTIVE,STUDENT,5,DS-ML-210,ACTIVE,Digital Marketing,COMPLETED,OPEN,45000.0,10,WEEKS,2,197,8,4,1,3,0,56.25,8,9,1,16,1,5,2,3,0,5,3,3,3,43.2,44.7,41.51,0,3,0,1,43.56,FAILED,0,1,0.0,1,1,1,0,0,1,0,2,1,1,11,Medium
609,student0609@student.hitech.lk,INACTIVE,STUDENT,11,CC-AWS-101,ACTIVE,Cybersecurity,ACTIVE,ADMIN_ONLY,40000.0,12,WEEKS,1,223,4,1,2,0,1,68.75,4,14,0,4,14,7,2,3,2,4,3,3,3,59.27,62.5,55.63,3,0,0,1,59.72,SUCCESS,1,0,40000.0,1,2,0,0,1,0,1,0,0,0,34,Average
271,student0271@student.hitech.lk,ACTIVE,STUDENT,10,IT-NET-100,ARCHIVED,Data Science,ACTIVE,OPEN,35000.0,8,WEEKS,1,70,8,7,1,0,0,93.75,26,8,0,16,18,14,5,7,2,1,1,1,1,71.07,71.07,71.07,1,0,0,0,68.97,SUCCESS,2,0,35000.0,1,0,0,0,0,0,0,1,1,0,7,Good
720,student0720@student.hitech.lk,ACTIVE,STUDENT,4,DS-PY-101,ACTIVE,Business Management,COMPLETED,OPEN,50000.0,4,MONTHS,2,141,24,21,2,1,0,91.67,28,5,0,29,4,7,3,2,2,3,3,3,3,89.67,98.68,81.66,3,0,0,0,91.01,SUCCESS,1,1,50000.0,2,0,0,0,0,0,0,0,0,0,3,Good
599,student0599@student.hitech.lk,ACTIVE,STUDENT,6,CY-SEC-110,ACTIVE,Information Technology,ACTIVE,OPEN,50000.0,16,WEEKS,1,97,13,10,1,1,1,86.54,20,9,0,15,14,17,4,8,5,5,5,5,5,80.64,86.82,66.42,5,0,0,0,81.45,SUCCESS,1,0,50000.0,1,0,0,0,0,0,0,0,0,0,5,Good
156,student0156@student.hitech.lk,ACTIVE,STUDENT,10,IT-NET-100,ARCHIVED,Data Science,REMOVED,OPEN,35000.0,8,WEEKS,1,53,7,0,3,3,1,32.14,26,8,0,16,18,14,5,7,2,1,0,0,0,0.0,0.0,0.0,0,0,0,0,0.0,SUCCESS,1,0,35000.0,1,1,1,0,0,0,1,1,0,1,42,Low
787,student0787@student.hitech.lk,ACTIVE,STUDENT,1,SE-JAVA-101,ACTIVE,Software Engineering,COMPLETED,OPEN,40000.0,3,WEEKS,2,245,15,10,1,4,0,70.0,15,10,1,14,11,12,4,7,1,4,3,2,2,66.45,70.43,62.48,2,0,0,1,70.96,SUCCESS,1,0,40000.0,1,0,0,0,0,0,0,1,0,1,9,Average
389,student0389@student.hitech.lk,ACTIVE,STUDENT,6,CY-SEC-110,ACTIVE,Information Technology,ACTIVE,OPEN,50000.0,16,WEEKS,1,151,20,12,2,6,0,65.0,20,9,0,15,14,17,4,8,5,5,3,3,3,65.72,69.12,62.13,3,0,0,0,71.49,SUCCESS,1,0,50000.0,2,1,0,0,0,1,0,1,0,1,7,Average
343,student0343@student.hitech.lk,ACTIVE,STUDENT,11,CC-AWS-101,ACTIVE,Cybersecurity,COMPLETED,ADMIN_ONLY,40000.0,12,WEEKS,1,182,4,2,0,1,1,68.75,4,14,0,4,14,7,2,3,2,4,1,1,1,36.85,36.85,36.85,0,1,0,1,35.48,SUCCESS,1,0,40000.0,1,6,4,1,2,2,2,0,0,0,68,Low
342,student0342@student.hitech.lk,ACTIVE,STUDENT,9,DM-SEO-101,ARCHIVED,Software Engineering,REMOVED,OPEN,30000.0,12,WEEKS,2,9,1,1,0,0,0,100.0,13,2,0,5,10,13,4,6,3,5,3,3,3,60.96,63.68,56.18,3,0,0,0,62.25,SUCCESS,1,0,30000.0,1,2,0,0,2,0,0,1,1,0,6,Average
46,student0046@student.hitech.lk,ACTIVE,STUDENT,12,GD-UIUX-101,ACTIVE,Business Management,ACTIVE,ADMIN_ONLY,45000.0,8,WEEKS,1,119,12,7,2,3,0,66.67,12,2,0,6,8,14,4,5,5,3,3,3,3,68.17,75.45,58.11,3,0,0,2,74.57,SUCCESS,1,0,45000.0,1,0,0,0,0,0,0,0,0,0,4,Average
575,student0575@student.hitech.lk,ACTIVE,STUDENT,4,DS-PY-101,ACTIVE,Business Management,ACTIVE,OPEN,50000.0,4,MONTHS,2,47,6,5,0,1,0,83.33,28,5,0,29,4,7,3,2,2,3,1,1,1,61.33,61.33,61.33,1,0,0,2,64.12,SUCCESS,1,0,50000.0,1,0,0,0,0,0,0,0,0,0,14,Medium
153,student0153@student.hitech.lk,ACTIVE,STUDENT,4,DS-PY-101,ACTIVE,Business Management,ACTIVE,OPEN,50000.0,4,MONTHS,2,52,7,2,3,2,0,50.0,28,5,0,29,4,7,3,2,2,3,2,2,2,61.0,63.75,58.24,2,0,0,2,58.61,FAILED,0,2,0.0,0,2,1,0,0,1,1,0,0,0,29,Medium
654,student0654@student.hitech.lk,ACTIVE,STUDENT,11,CC-AWS-101,ACTIVE,Cybersecurity,ACTIVE,ADMIN_ONLY,40000.0,12,WEEKS,1,146,4,2,1,1,0,62.5,4,14,0,4,14,7,2,3,2,4,2,2,1,60.93,60.93,60.93,1,0,1,0,63.3,PENDING,0,0,0.0,1,1,0,0,1,0,0,0,0,0,33,Medium
21,student0021@student.hitech.lk,ACTIVE,STUDENT,10,IT-NET-100,ARCHIVED,Data Science,ACTIVE,OPEN,35000.0,8,WEEKS,1,115,13,9,2,1,1,82.69,26,8,0,16,18,14,5,7,2,1,1,0,0,0.0,0.0,0.0,0,0,0,2,0.0,SUCCESS,1,0,35000.0,2,0,0,0,0,0,0,1,1,0,12,Average
506,student0506@student.hitech.lk,ACTIVE,STUDENT,5,DS-ML-210,ACTIVE,Digital Marketing,ACTIVE,OPEN,45000.0,10,WEEKS,2,48,7,6,0,0,1,96.43,8,9,1,16,1,5,2,3,0,5,4,4,4,73.47,83.26,61.2,4,0,0,0,72.56,SUCCESS,1,0,45000.0,1,0,0,0,0,0,0,0,0,0,9,Average
452,student0452@student.hitech.lk,ACTIVE,STUDENT,5,DS-ML-210,ACTIVE,Digital Marketing,ACTIVE,OPEN,45000.0,10,WEEKS,2,62,7,6,0,0,1,96.43,8,9,1,16,1,5,2,3,0,5,3,3,3,88.1,97.39,76.36,3,0,0,1,93.93,SUCCESS,1,0,45000.0,1,0,0,0,0,0,0,1,1,0,18,Average
582,student0582@student.hitech.lk,ACTIVE,STUDENT,10,IT-NET-100,ARCHIVED,Data Science,COMPLETED,OPEN,35000.0,8,WEEKS,1,250,26,20,1,5,0,78.85,26,8,0,16,18,14,5,7,2,1,1,1,1,75.58,75.58,75.58,1,0,0,1,78.41,SUCCESS,1,0,35000.0,1,0,0,0,0,0,0,0,0,0,18,Average
478,student0478@student.hitech.lk,ACTIVE,STUDENT,3,SE-DB-130,ACTIVE,Cybersecurity,COMPLETED,OPEN,50000.0,4,MONTHS,1,224,26,16,0,10,0,61.54,26,8,2,32,2,9,3,4,2,4,2,2,2,51.78,54.78,48.77,1,1,0,1,55.1,SUCCESS,1,0,50000.0,1,1,1,0,0,1,0,2,1,1,17,Medium
214,student0214@student.hitech.lk,ACTIVE,STUDENT,4,DS-PY-101,ACTIVE,Business Management,ACTIVE,OPEN,50000.0,4,MONTHS,2,80,10,5,2,3,0,60.0,28,5,0,29,4,7,3,2,2,3,1,1,1,64.94,64.94,64.94,1,0,0,1,66.82,SUCCESS,1,0,50000.0,2,2,1,0,2,0,0,1,1,0,33,Medium
210,student0210@student.hitech.lk,ACTIVE,STUDENT,3,SE-DB-130,ACTIVE,Cybersecurity,ACTIVE,OPEN,50000.0,4,MONTHS,1,80,14,11,0,3,0,78.57,26,8,2,32,2,9,3,4,2,4,3,3,3,65.65,75.75,51.81,3,0,0,0,67.69,SUCCESS,1,0,50000.0,2,2,0,0,0,0,2,0,0,0,16,Average
426,student0426@student.hitech.lk,ACTIVE,STUDENT,5,DS-ML-210,ACTIVE,Digital Marketing,ACTIVE,OPEN,45000.0,10,WEEKS,2,62,7,2,1,4,0,35.71,8,9,1,16,1,5,2,3,0,5,3,3,3,58.92,62.32,55.4,3,0,0,2,55.05,SUCCESS,2,0,45000.0,1,1,0,0,0,1,0,1,1,0,38,Medium
103,student0103@student.hitech.lk,ACTIVE,STUDENT,9,DM-SEO-101,ARCHIVED,Software Engineering,ACTIVE,OPEN,30000.0,12,WEEKS,2,104,13,3,2,8,0,30.77,13,2,0,5,10,13,4,6,3,5,2,1,1,52.59,52.59,52.59,1,0,0,3,50.21,PENDING,0,0,0.0,1,0,0,0,0,0,0,1,0,1,28,Medium
464,student0464@student.hitech.lk,ACTIVE,STUDENT,4,DS-PY-101,ACTIVE,Business Management,COMPLETED,OPEN,50000.0,4,MONTHS,2,119,14,11,1,2,0,82.14,28,5,0,29,4,7,3,2,2,3,2,2,2,66.38,66.53,66.23,2,0,0,0,64.89,PENDING,0,0,0.0,1,0,0,0,0,0,0,1,1,0,7,Average
87,student0087@student.hitech.lk,ACTIVE,STUDENT,2,SE-WEB-120,DRAFT,Data Science,ACTIVE,ADMIN_ONLY,25000.0,16,WEEKS,3,48,1,0,1,0,0,50.0,28,10,0,16,22,9,5,4,0,1,1,1,1,40.84,40.84,40.84,0,1,0,0,43.1,FAILED,0,3,0.0,0,2,1,1,0,0,2,1,1,0,11,Medium
833,student0833@student.hitech.lk,ACTIVE,STUDENT,5,DS-ML-210,ACTIVE,Digital Marketing,ACTIVE,OPEN,45000.0,10,WEEKS,2,110,8,2,2,4,0,37.5,8,9,1,16,1,5,2,3,0,5,2,2,2,48.76,56.64,40.88,1,1,0,2,46.09,SUCCESS,1,0,45000.0,1,1,1,0,0,1,0,0,0,0,39,Medium
450,student0450@student.hitech.lk,INACTIVE,STUDENT,10,IT-NET-100,ARCHIVED,Data Science,ACTIVE,OPEN,35000.0,8,WEEKS,1,92,13,4,3,6,0,42.31,26,8,0,16,18,14,5,7,2,1,1,1,1,42.17,42.17,42.17,0,1,0,1,44.8,FAILED,0,3,0.0,1,1,1,0,1,0,0,0,0,0,57,Medium
838,student0838@student.hitech.lk,ACTIVE,STUDENT,8,BM-MGMT-201,ACTIVE,Graphic Design,ACTIVE,ADMIN_ONLY,50000.0,3,WEEKS,2,80,7,4,1,1,1,75.0,7,6,0,10,3,13,7,5,1,1,1,1,1,82.59,82.59,82.59,1,0,0,0,77.57,PENDING,0,1,0.0,1,0,0,0,0,0,0,1,0,1,13,Average
456,student0456@student.hitech.lk,ACTIVE,STUDENT,3,SE-DB-130,ACTIVE,Cybersecurity,REMOVED,OPEN,50000.0,4,MONTHS,1,26,4,2,2,0,0,75.0,26,8,2,32,2,9,3,4,2,4,4,3,3,96.24,100.0,89.23,3,0,0,1,90.44,SUCCESS,1,0,50000.0,1,0,0,0,0,0,0,0,0,0,6,Good
400,student0400@student.hitech.lk,ACTIVE,STUDENT,11,CC-AWS-101,ACTIVE,Cybersecurity,ACTIVE,ADMIN_ONLY,40000.0,12,WEEKS,1,33,4,3,0,0,1,93.75,4,14,0,4,14,7,2,3,2,4,2,2,2,70.8,72.6,69.01,2,0,0,2,71.02,FAILED,0,1,0.0,1,0,0,0,0,0,0,0,0,0,4,Average
635,student0635@student.hitech.lk,ACTIVE,STUDENT,2,SE-WEB-120,DRAFT,Data Science,ACTIVE,ADMIN_ONLY,25000.0,16,WEEKS,3,79,1,0,1,0,0,50.0,28,10,0,16,22,9,5,4,0,1,1,1,1,93.36,93.36,93.36,1,0,0,0,97.68,PENDING,0,1,0.0,1,0,0,0,0,0,0,1,1,0,3,Good
571,student0571@student.hitech.lk,ACTIVE,STUDENT,12,GD-UIUX-101,ACTIVE,Business Management,ACTIVE,ADMIN_ONLY,45000.0,8,WEEKS,1,42,5,4,1,0,0,90.0,12,2,0,6,8,14,4,5,5,3,3,3,3,99.45,100.0,98.34,3,0,0,0,100.0,SUCCESS,1,0,45000.0,1,0,0,0,0,0,0,0,0,0,7,Good
822,student0822@student.hitech.lk,ACTIVE,STUDENT,12,GD-UIUX-101,ACTIVE,Business Management,ACTIVE,ADMIN_ONLY,45000.0,8,WEEKS,1,30,4,2,1,0,1,81.25,12,2,0,6,8,14,4,5,5,3,2,2,2,72.52,77.21,67.84,2,0,0,0,69.63,SUCCESS,1,0,45000.0,2,1,1,1,0,0,1,2,2,0,17,Average
111,student0111@student.hitech.lk,ACTIVE,STUDENT,10,IT-NET-100,ARCHIVED,Data Science,ACTIVE,OPEN,35000.0,8,WEEKS,1,132,25,14,2,9,0,60.0,26,8,0,16,18,14,5,7,2,1,0,0,0,0.0,0.0,0.0,0,0,0,0,0.0,FAILED,0,1,0.0,0,1,0,0,0,0,1,0,0,0,28,Medium
560,student0560@student.hitech.lk,ACTIVE,STUDENT,12,GD-UIUX-101,ACTIVE,Business Management,COMPLETED,ADMIN_ONLY,45000.0,8,WEEKS,1,121,12,9,1,2,0,79.17,12,2,0,6,8,14,4,5,5,3,2,2,2,52.59,57.49,47.68,1,1,0,1,54.35,SUCCESS,1,0,45000.0,1,0,0,0,0,0,0,2,2,0,17,Average
214,student0214@student.hitech.lk,ACTIVE,STUDENT,2,SE-WEB-120,DRAFT,Data Science,ACTIVE,ADMIN_ONLY,25000.0,16,WEEKS,3,112,0,0,0,0,0,0.0,28,10,0,16,22,9,5,4,0,1,1,1,0,0.0,0.0,0.0,0,0,1,0,0.0,SUCCESS,1,0,25000.0,1,0,0,0,0,0,0,1,1,0,2,Good
716,student0716@student.hitech.lk,ACTIVE,STUDENT,2,SE-WEB-120,DRAFT,Data Science,ACTIVE,ADMIN_ONLY,25000.0,16,WEEKS,3,113,0,0,0,0,0,0.0,28,10,0,16,22,9,5,4,0,1,1,1,1,67.86,67.86,67.86,1,0,0,0,71.2,PENDING,0,1,0.0,1,0,0,0,0,0,0,0,0,0,17,Average
749,student0749@student.hitech.lk,ACTIVE,STUDENT,3,SE-DB-130,ACTIVE,Cybersecurity,COMPLETED,OPEN,50000.0,4,MONTHS,1,167,25,15,1,9,0,62.0,26,8,2,32,2,9,3,4,2,4,1,1,1,46.26,46.26,46.26,0,1,0,3,45.77,SUCCESS,1,0,50000.0,1,1,1,1,0,1,0,0,0,0,31,Medium
24,student0024@student.hitech.lk,ACTIVE,STUDENT,4,DS-PY-101,ACTIVE,Business Management,ACTIVE,OPEN,50000.0,4,MONTHS,2,72,8,5,1,2,0,68.75,28,5,0,29,4,7,3,2,2,3,1,1,1,75.17,75.17,75.17,1,0,0,0,73.32,PENDING,0,0,0.0,1,0,0,0,0,0,0,2,2,0,3,Average
542,student0542@student.hitech.lk,ACTIVE,STUDENT,11,CC-AWS-101,ACTIVE,Cybersecurity,COMPLETED,ADMIN_ONLY,40000.0,12,WEEKS,1,90,4,3,0,1,0,75.0,4,14,0,4,14,7,2,3,2,4,3,3,3,86.59,95.99,80.67,3,0,0,0,92.18,SUCCESS,1,0,40000.0,1,0,0,0,0,0,0,1,1,0,1,Good
310,student0310@student.hitech.lk,ACTIVE,STUDENT,4,DS-PY-101,ACTIVE,Business Management,ACTIVE,OPEN,50000.0,4,MONTHS,2,31,5,4,1,0,0,90.0,28,5,0,29,4,7,3,2,2,3,2,2,2,97.57,100.0,95.14,2,0,0,0,98.42,SUCCESS,1,0,50000.0,1,1,0,0,0,0,1,0,0,0,0,Good
143,student0143@student.hitech.lk,ACTIVE,STUDENT,4,DS-PY-101,ACTIVE,Business Management,ACTIVE,OPEN,50000.0,4,MONTHS,2,62,9,5,1,2,1,69.44,28,5,0,29,4,7,3,2,2,3,2,2,2,75.65,77.32,73.99,2,0,0,1,80.76,SUCCESS,3,0,50000.0,1,0,0,0,0,0,0,1,1,0,12,Average
681,student0681@student.hitech.lk,ACTIVE,STUDENT,1,SE-JAVA-101,ACTIVE,Software Engineering,ACTIVE,OPEN,40000.0,3,WEEKS,2,54,10,6,0,4,0,60.0,15,10,1,14,11,12,4,7,1,4,2,2,2,52.83,57.86,47.81,1,1,0,0,54.9,SUCCESS,1,1,40000.0,1,1,0,0,1,0,0,0,0,0,15,Medium
169,student0169@student.hitech.lk,ACTIVE,STUDENT,3,SE-DB-130,ACTIVE,Cybersecurity,COMPLETED,OPEN,50000.0,4,MONTHS,1,248,26,15,1,10,0,59.62,26,8,2,32,2,9,3,4,2,4,2,2,2,49.7,56.6,42.8,1,1,0,1,49.6,SUCCESS,1,0,50000.0,1,1,0,0,1,0,0,0,0,0,10,Medium
11,student0011@student.hitech.lk,ACTIVE,STUDENT,7,BM-COMM-110,ACTIVE,Cloud Computing,ACTIVE,OPEN,35000.0,3,WEEKS,1,81,9,3,3,3,0,50.0,13,3,3,7,9,11,3,5,3,1,0,0,0,0.0,0.0,0.0,0,0,0,0,0.0,PENDING,0,1,0.0,1,0,0,0,0,0,0,1,1,0,40,Medium
48,student0048@student.hitech.lk,ACTIVE,STUDENT,3,SE-DB-130,ACTIVE,Cybersecurity,REMOVED,OPEN,50000.0,4,MONTHS,1,42,7,0,2,5,0,14.29,26,8,2,32,2,9,3,4,2,4,2,2,2,33.61,43.78,23.43,0,2,0,0,33.41,SUCCESS,1,0,50000.0,1,0,0,0,0,0,0,0,0,0,64,Low
150,student0150@student.hitech.lk,ACTIVE,STUDENT,4,DS-PY-101,ACTIVE,Business Management,ACTIVE,OPEN,50000.0,4,MONTHS,2,86,16,13,0,3,0,81.25,28,5,0,29,4,7,3,2,2,3,3,3,3,94.12,100.0,88.65,3,0,0,0,93.31,SUCCESS,1,0,50000.0,1,1,0,0,0,0,1,2,1,1,0,Good
568,student0568@student.hitech.lk,INACTIVE,STUDENT,4,DS-PY-101,ACTIVE,Business Management,ACTIVE,OPEN,50000.0,4,MONTHS,2,102,19,6,3,9,1,43.42,28,5,0,29,4,7,3,2,2,3,1,1,1,57.67,57.67,57.67,1,0,0,1,55.25,SUCCESS,1,0,50000.0,1,2,0,0,2,0,0,1,0,1,71,Medium
612,student0612@student.hitech.lk,ACTIVE,STUDENT,3,SE-DB-130,ACTIVE,Cybersecurity,COMPLETED,OPEN,50000.0,4,MONTHS,1,186,26,15,0,11,0,57.69,26,8,2,32,2,9,3,4,2,4,3,3,3,62.41,67.45,56.24,3,0,0,0,64.97,FAILED,0,1,0.0,1,0,0,0,0,0,0,0,0,0,11,Average
26,student0026@student.hitech.lk,ACTIVE,STUDENT,1,SE-JAVA-101,ACTIVE,Software Engineering,ACTIVE,OPEN,40000.0,3,WEEKS,2,105,12,7,0,3,2,70.83,15,10,1,14,11,12,4,7,1,4,1,1,1,29.55,29.55,29.55,0,1,0,5,28.48,SUCCESS,3,0,40000.0,1,5,2,2,3,0,2,1,0,1,81,Low
353,student0353@student.hitech.lk,ACTIVE,STUDENT,5,DS-ML-210,ACTIVE,Digital Marketing,ACTIVE,OPEN,45000.0,10,WEEKS,2,79,8,6,0,0,2,93.75,8,9,1,16,1,5,2,3,0,5,2,2,2,57.34,67.82,46.85,1,1,0,1,49.01,SUCCESS,2,0,45000.0,1,2,2,0,0,0,2,1,1,0,23,Medium
228,student0228@student.hitech.lk,ACTIVE,STUDENT,3,SE-DB-130,ACTIVE,Cybersecurity,ACTIVE,OPEN,50000.0,4,MONTHS,1,57,7,2,1,2,2,57.14,26,8,2,32,2,9,3,4,2,4,0,0,0,0.0,0.0,0.0,0,0,0,0,0.0,SUCCESS,2,0,50000.0,1,3,2,0,1,0,2,0,0,0,48,Low
342,student0342@student.hitech.lk,ACTIVE,STUDENT,10,IT-NET-100,ARCHIVED,Data Science,ACTIVE,OPEN,35000.0,8,WEEKS,1,41,7,5,1,1,0,78.57,26,8,0,16,18,14,5,7,2,1,1,1,1,93.79,93.79,93.79,1,0,0,1,92.19,SUCCESS,1,0,35000.0,2,0,0,0,0,0,0,0,0,0,1,Good
256,student0256@student.hitech.lk,ACTIVE,STUDENT,7,BM-COMM-110,ACTIVE,Cloud Computing,COMPLETED,OPEN,35000.0,3,WEEKS,1,117,13,12,1,0,0,96.15,13,3,3,7,9,11,3,5,3,1,1,0,0,0.0,0.0,0.0,0,0,0,0,0.0,SUCCESS,1,0,35000.0,1,0,0,0,0,0,0,1,1,0,4,Good
496,student0496@student.hitech.lk,ACTIVE,STUDENT,1,SE-JAVA-101,ACTIVE,Software Engineering,ACTIVE,OPEN,40000.0,3,WEEKS,2,88,11,9,0,2,0,81.82,15,10,1,14,11,12,4,7,1,4,3,2,2,72.03,72.05,72.01,2,0,0,0,73.89,SUCCESS,3,0,40000.0,1,0,0,0,0,0,0,0,0,0,12,Average
403,student0403@student.hitech.lk,PENDING_VERIFICATION,STUDENT,9,DM-SEO-101,ARCHIVED,Software Engineering,REMOVED,OPEN,30000.0,12,WEEKS,2,72,9,6,0,3,0,66.67,13,2,0,5,10,13,4,6,3,5,3,3,3,65.92,71.84,59.51,3,0,0,0,66.34,SUCCESS,1,0,30000.0,1,0,0,0,0,0,0,3,2,1,13,Average
556,student0556@student.hitech.lk,ACTIVE,STUDENT,8,BM-MGMT-201,ACTIVE,Graphic Design,ACTIVE,ADMIN_ONLY,50000.0,3,WEEKS,2,83,7,5,0,2,0,71.43,7,6,0,10,3,13,7,5,1,1,1,1,1,66.6,66.6,66.6,1,0,0,1,68.07,FAILED,0,3,0.0,0,0,0,0,0,0,0,1,1,0,8,Average
1,student0001@student.hitech.lk,ACTIVE,STUDENT,3,SE-DB-130,ACTIVE,Cybersecurity,COMPLETED,OPEN,50000.0,4,MONTHS,1,119,17,14,0,2,1,86.76,26,8,2,32,2,9,3,4,2,4,3,3,3,95.5,100.0,92.42,3,0,0,0,94.84,SUCCESS,2,0,50000.0,1,0,0,0,0,0,0,0,0,0,2,Good
154,student0154@student.hitech.lk,ACTIVE,STUDENT,3,SE-DB-130,ACTIVE,Cybersecurity,ACTIVE,OPEN,50000.0,4,MONTHS,1,111,15,11,3,1,0,83.33,26,8,2,32,2,9,3,4,2,4,4,4,4,87.88,93.06,79.08,4,0,0,2,81.34,SUCCESS,2,0,50000.0,1,0,0,0,0,0,0,1,1,0,4,Good
829,student0829@student.hitech.lk,ACTIVE,STUDENT,5,DS-ML-210,ACTIVE,Digital Marketing,COMPLETED,OPEN,45000.0,10,WEEKS,2,229,8,3,2,3,0,50.0,8,9,1,16,1,5,2,3,0,5,2,1,1,43.42,43.42,43.42,0,1,0,1,45.14,SUCCESS,1,0,45000.0,1,3,1,0,0,2,1,1,0,1,22,Medium
656,student0656@student.hitech.lk,PENDING_VERIFICATION,STUDENT,10,IT-NET-100,ARCHIVED,Data Science,ACTIVE,OPEN,35000.0,8,WEEKS,1,143,17,11,3,3,0,73.53,26,8,0,16,18,14,5,7,2,1,1,1,1,84.59,84.59,84.59,1,0,0,0,83.41,SUCCESS,1,0,35000.0,1,0,0,0,0,0,0,0,0,0,19,Good
93,student0093@student.hitech.lk,ACTIVE,STUDENT,10,IT-NET-100,ARCHIVED,Data Science,COMPLETED,OPEN,35000.0,8,WEEKS,1,160,18,15,0,3,0,83.33,26,8,0,16,18,14,5,7,2,1,1,1,1,81.41,81.41,81.41,1,0,0,1,73.52,SUCCESS,1,0,35000.0,2,0,0,0,0,0,0,0,0,0,3,Good
70,student0070@student.hitech.lk,PENDING_VERIFICATION,STUDENT,3,SE-DB-130,ACTIVE,Cybersecurity,ACTIVE,OPEN,50000.0,4,MONTHS,1,26,4,2,2,0,0,75.0,26,8,2,32,2,9,3,4,2,4,4,4,4,86.15,100.0,79.33,4,0,0,0,87.82,PENDING,0,0,0.0,1,0,0,0,0,0,0,0,0,0,9,Good
546,student0546@student.hitech.lk,ACTIVE,STUDENT,9,DM-SEO-101,ARCHIVED,Software Engineering,ACTIVE,OPEN,30000.0,12,WEEKS,2,8,1,1,0,0,0,100.0,13,2,0,5,10,13,4,6,3,5,2,2,1,74.27,74.27,74.27,1,0,1,1,73.85,SUCCESS,2,1,30000.0,1,0,0,0,0,0,0,1,1,0,17,Average
425,student0425@student.hitech.lk,ACTIVE,STUDENT,8,BM-MGMT-201,ACTIVE,Graphic Design,ACTIVE,ADMIN_ONLY,50000.0,3,WEEKS,2,43,7,1,2,3,1,39.29,7,6,0,10,3,13,7,5,1,1,1,1,1,63.98,63.98,63.98,1,0,0,1,62.68,FAILED,0,2,0.0,0,2,2,0,1,0,1,0,0,0,39,Medium
574,student0574@student.hitech.lk,ACTIVE,STUDENT,10,IT-NET-100,ARCHIVED,Data Science,ACTIVE,OPEN,35000.0,8,WEEKS,1,48,9,4,1,3,1,58.33,26,8,0,16,18,14,5,7,2,1,1,1,1,67.08,67.08,67.08,1,0,0,4,65.03,FAILED,0,1,0.0,0,2,0,0,2,0,0,0,0,0,17,Medium
842,student0842@student.hitech.lk,ACTIVE,STUDENT,3,SE-DB-130,ACTIVE,Cybersecurity,ACTIVE,OPEN,50000.0,4,MONTHS,1,15,1,0,1,0,0,50.0,26,8,2,32,2,9,3,4,2,4,3,3,3,68.19,69.95,65.64,3,0,0,0,65.23,SUCCESS,1,0,50000.0,1,0,0,0,0,0,0,1,0,1,16,Average
70,student0070@student.hitech.lk,ACTIVE,STUDENT,12,GD-UIUX-101,ACTIVE,Business Management,COMPLETED,ADMIN_ONLY,45000.0,8,WEEKS,1,178,12,10,0,2,0,83.33,12,2,0,6,8,14,4,5,5,3,3,3,3,80.73,90.81,66.84,3,0,0,0,78.16,FAILED,0,2,0.0,1,1,0,0,0,0,1,0,0,0,2,Good
401,student0401@student.hitech.lk,ACTIVE,STUDENT,12,GD-UIUX-101,ACTIVE,Business Management,ACTIVE,ADMIN_ONLY,45000.0,8,WEEKS,1,95,12,2,4,5,1,39.58,12,2,0,6,8,14,4,5,5,3,0,0,0,0.0,0.0,0.0,0,0,0,0,0.0,SUCCESS,1,0,45000.0,1,3,1,2,1,0,2,3,1,2,60,Low
337,student0337@student.hitech.lk,PENDING_VERIFICATION,STUDENT,3,SE-DB-130,ACTIVE,Cybersecurity,ACTIVE,OPEN,50000.0,4,MONTHS,1,93,12,6,1,3,2,66.67,26,8,2,32,2,9,3,4,2,4,3,3,3,62.42,64.82,60.96,3,0,0,1,62.65,PENDING,0,0,0.0,1,1,0,0,0,0,1,1,1,0,12,Average
115,student0115@student.hitech.lk,ACTIVE,STUDENT,3,SE-DB-130,ACTIVE,Cybersecurity,ACTIVE,OPEN,50000.0,4,MONTHS,1,77,8,5,1,2,0,68.75,26,8,2,32,2,9,3,4,2,4,3,3,3,75.39,81.32,69.48,3,0,0,3,73.68,FAILED,0,1,0.0,1,4,0,1,2,0,2,2,2,0,16,Average
551,student0551@student.hitech.lk,ACTIVE,STUDENT,7,BM-COMM-110,ACTIVE,Cloud Computing,ACTIVE,OPEN,35000.0,3,WEEKS,1,44,5,2,1,2,0,50.0,13,3,3,7,9,11,3,5,3,1,1,0,0,0.0,0.0,0.0,0,0,0,0,0.0,SUCCESS,1,0,35000.0,1,1,0,0,0,0,1,2,0,2,33,Medium
337,student0337@student.hitech.lk,ACTIVE,STUDENT,4,DS-PY-101,ACTIVE,Business Management,ACTIVE,OPEN,50000.0,4,MONTHS,2,85,16,11,0,4,1,73.44,28,5,0,29,4,7,3,2,2,3,3,3,3,86.11,92.38,82.91,3,0,0,0,79.65,PENDING,0,0,0.0,1,0,0,0,0,0,0,2,2,0,6,Good
130,student0130@student.hitech.lk,ACTIVE,STUDENT,1,SE-JAVA-101,ACTIVE,Software Engineering,ACTIVE,OPEN,40000.0,3,WEEKS,2,83,9,7,0,2,0,77.78,15,10,1,14,11,12,4,7,1,4,3,3,3,73.27,80.49,61.72,3,0,0,0,67.69,SUCCESS,1,1,40000.0,1,0,0,0,0,0,0,1,1,0,7,Average
370,student0370@student.hitech.lk,ACTIVE,STUDENT,5,DS-ML-210,ACTIVE,Digital Marketing,ACTIVE,OPEN,45000.0,10,WEEKS,2,76,8,5,1,2,0,68.75,8,9,1,16,1,5,2,3,0,5,3,3,2,74.56,79.21,69.92,2,0,1,1,75.64,SUCCESS,2,1,45000.0,1,1,0,1,0,0,1,5,5,0,13,Medium
270,student0270@student.hitech.lk,ACTIVE,STUDENT,12,GD-UIUX-101,ACTIVE,Business Management,REMOVED,ADMIN_ONLY,45000.0,8,WEEKS,1,35,5,2,1,2,0,50.0,12,2,0,6,8,14,4,5,5,3,1,1,1,51.24,51.24,51.24,1,0,0,0,56.17,SUCCESS,1,0,45000.0,1,1,1,1,1,0,0,3,1,2,16,Medium
72,student0072@student.hitech.lk,ACTIVE,STUDENT,7,BM-COMM-110,ACTIVE,Cloud Computing,ACTIVE,OPEN,35000.0,3,WEEKS,1,117,13,9,1,3,0,73.08,13,3,3,7,9,11,3,5,3,1,1,1,1,67.6,67.6,67.6,1,0,0,0,60.86,SUCCESS,1,0,35000.0,1,0,0,0,0,0,0,0,0,0,15,Average
799,student0799@student.hitech.lk,ACTIVE,STUDENT,8,BM-MGMT-201,ACTIVE,Graphic Design,ACTIVE,ADMIN_ONLY,50000.0,3,WEEKS,2,56,7,2,2,3,0,42.86,7,6,0,10,3,13,7,5,1,1,0,0,0,0.0,0.0,0.0,0,0,0,0,0.0,FAILED,0,1,0.0,0,1,0,1,0,1,0,0,0,0,48,Low
620,student0620@student.hitech.lk,ACTIVE,STUDENT,1,SE-JAVA-101,ACTIVE,Software Engineering,COMPLETED,OPEN,40000.0,3,WEEKS,2,83,9,8,0,0,1,97.22,15,10,1,14,11,12,4,7,1,4,4,3,3,87.74,96.41,77.96,3,0,0,0,85.44,SUCCESS,2,1,40000.0,1,0,0,0,0,0,0,0,0,0,1,Good
705,student0705@student.hitech.lk,ACTIVE,STUDENT,8,BM-MGMT-201,ACTIVE,Graphic Design,REMOVED,ADMIN_ONLY,50000.0,3,WEEKS,2,79,7,4,1,2,0,64.29,7,6,0,10,3,13,7,5,1,1,1,1,1,55.65,55.65,55.65,1,0,0,2,59.77,FAILED,0,1,0.0,1,0,0,0,0,0,0,0,0,0,4,Average
740,student0740@student.hitech.lk,ACTIVE,STUDENT,11,CC-AWS-101,ACTIVE,Cybersecurity,ACTIVE,ADMIN_ONLY,40000.0,12,WEEKS,1,80,4,0,2,2,0,25.0,4,14,0,4,14,7,2,3,2,4,0,0,0,0.0,0.0,0.0,0,0,0,0,0.0,FAILED,0,2,0.0,1,4,1,1,2,0,2,0,0,0,85,Low
419,student0419@student.hitech.lk,ACTIVE,STUDENT,3,SE-DB-130,ACTIVE,Cybersecurity,ACTIVE,OPEN,50000.0,4,MONTHS,1,172,26,14,0,12,0,53.85,26,8,2,32,2,9,3,4,2,4,2,2,2,66.07,67.72,64.41,2,0,0,0,63.68,SUCCESS,1,1,50000.0,1,1,0,0,0,0,1,0,0,0,10,Medium
39,student0039@student.hitech.lk,ACTIVE,STUDENT,9,DM-SEO-101,ARCHIVED,Software Engineering,ACTIVE,OPEN,30000.0,12,WEEKS,2,64,8,3,1,4,0,43.75,13,2,0,5,10,13,4,6,3,5,3,3,3,52.74,61.02,45.86,2,1,0,3,55.0,SUCCESS,1,0,30000.0,1,1,1,0,0,1,0,2,0,2,24,Medium
304,student0304@student.hitech.lk,ACTIVE,STUDENT,2,SE-WEB-120,DRAFT,Data Science,ACTIVE,ADMIN_ONLY,25000.0,16,WEEKS,3,43,1,0,1,0,0,50.0,28,10,0,16,22,9,5,4,0,1,1,1,1,68.36,68.36,68.36,1,0,0,0,68.18,SUCCESS,1,0,25000.0,1,1,0,0,0,1,0,4,3,1,18,Average
419,student0419@student.hitech.lk,ACTIVE,STUDENT,9,DM-SEO-101,ARCHIVED,Software Engineering,ACTIVE,OPEN,30000.0,12,WEEKS,2,30,4,0,3,1,0,37.5,13,2,0,5,10,13,4,6,3,5,3,3,3,70.96,83.7,64.14,3,0,0,1,76.13,PENDING,0,0,0.0,1,1,0,0,0,0,1,2,2,0,15,Medium
584,student0584@student.hitech.lk,ACTIVE,STUDENT,8,BM-MGMT-201,ACTIVE,Graphic Design,ACTIVE,ADMIN_ONLY,50000.0,3,WEEKS,2,24,4,4,0,0,0,100.0,7,6,0,10,3,13,7,5,1,1,1,0,0,0.0,0.0,0.0,0,0,0,0,0.0,SUCCESS,1,0,50000.0,1,1,0,0,0,0,1,0,0,0,7,Good
428,student0428@student.hitech.lk,ACTIVE,STUDENT,6,CY-SEC-110,ACTIVE,Information Technology,ACTIVE,OPEN,50000.0,16,WEEKS,1,94,13,6,2,5,0,53.85,20,9,0,15,14,17,4,8,5,5,2,2,2,61.39,64.98,57.8,2,0,0,3,62.91,FAILED,0,2,0.0,1,0,0,0,0,0,0,1,1,0,11,Medium
812,student0812@student.hitech.lk,PENDING_VERIFICATION,STUDENT,11,CC-AWS-101,ACTIVE,Cybersecurity,ACTIVE,ADMIN_ONLY,40000.0,12,WEEKS,1,80,4,3,0,0,1,93.75,4,14,0,4,14,7,2,3,2,4,2,2,2,56.3,58.26,54.34,2,0,0,1,52.96,SUCCESS,1,0,40000.0,1,2,0,0,1,1,0,1,1,0,50,Medium
779,student0779@student.hitech.lk,ACTIVE,STUDENT,6,CY-SEC-110,ACTIVE,Information Technology,COMPLETED,OPEN,50000.0,16,WEEKS,1,192,20,17,0,3,0,85.0,20,9,0,15,14,17,4,8,5,5,3,3,3,76.75,80.86,68.6,3,0,0,0,76.45,SUCCESS,1,0,50000.0,1,2,0,0,2,0,0,3,3,0,9,Average
812,student0812@student.hitech.lk,ACTIVE,STUDENT,10,IT-NET-100,ARCHIVED,Data Science,COMPLETED,OPEN,35000.0,8,WEEKS,1,174,26,19,2,5,0,76.92,26,8,0,16,18,14,5,7,2,1,1,1,1,68.36,68.36,68.36,1,0,0,1,66.56,SUCCESS,2,0,35000.0,1,1,1,0,0,1,0,3,2,1,8,Average
698,student0698@student.hitech.lk,ACTIVE,STUDENT,6,CY-SEC-110,ACTIVE,Information Technology,COMPLETED,OPEN,50000.0,16,WEEKS,1,132,16,12,0,4,0,75.0,20,9,0,15,14,17,4,8,5,5,4,4,4,57.05,60.44,53.29,4,0,0,0,51.08,SUCCESS,1,0,50000.0,1,1,0,0,0,0,1,0,0,0,3,Average
2,student0002@student.hitech.lk,ACTIVE,STUDENT,3,SE-DB-130,ACTIVE,Cybersecurity,ACTIVE,OPEN,50000.0,4,MONTHS,1,52,7,3,1,2,1,60.71,26,8,2,32,2,9,3,4,2,4,1,1,1,44.4,44.4,44.4,0,1,0,0,42.51,SUCCESS,1,0,50000.0,1,2,0,0,2,0,0,3,3,0,32,Medium
717,student0717@student.hitech.lk,ACTIVE,STUDENT,5,DS-ML-210,ACTIVE,Digital Marketing,COMPLETED,OPEN,45000.0,10,WEEKS,2,147,8,6,1,1,0,81.25,8,9,1,16,1,5,2,3,0,5,5,5,5,76.11,84.06,68.91,5,0,0,1,80.49,SUCCESS,1,0,45000.0,1,0,0,0,0,0,0,0,0,0,6,Good
395,student0395@student.hitech.lk,ACTIVE,STUDENT,9,DM-SEO-101,ARCHIVED,Software Engineering,ACTIVE,OPEN,30000.0,12,WEEKS,2,61,9,9,0,0,0,100.0,13,2,0,5,10,13,4,6,3,5,5,5,5,80.15,92.94,70.3,5,0,0,3,82.05,SUCCESS,2,0,30000.0,1,2,0,0,0,1,1,0,0,0,5,Good
791,student0791@student.hitech.lk,ACTIVE,STUDENT,10,IT-NET-100,ARCHIVED,Data Science,ACTIVE,OPEN,35000.0,8,WEEKS,1,53,9,4,2,3,0,55.56,26,8,0,16,18,14,5,7,2,1,1,0,0,0.0,0.0,0.0,0,0,0,1,0.0,PENDING,0,0,0.0,1,2,0,0,1,1,0,1,1,0,7,Average
604,student0604@student.hitech.lk,INACTIVE,STUDENT,5,DS-ML-210,ACTIVE,Digital Marketing,ACTIVE,OPEN,45000.0,10,WEEKS,2,50,6,5,1,0,0,91.67,8,9,1,16,1,5,2,3,0,5,4,4,3,92.4,94.65,88.79,3,0,1,0,96.35,SUCCESS,1,0,45000.0,1,0,0,0,0,0,0,0,0,0,23,Good
256,student0256@student.hitech.lk,ACTIVE,STUDENT,10,IT-NET-100,ARCHIVED,Data Science,REMOVED,OPEN,35000.0,8,WEEKS,1,36,6,0,2,0,4,66.67,26,8,0,16,18,14,5,7,2,1,0,0,0,0.0,0.0,0.0,0,0,0,0,0.0,SUCCESS,1,0,35000.0,1,0,0,0,0,0,0,1,0,1,45,Low
600,student0600@student.hitech.lk,ACTIVE,STUDENT,5,DS-ML-210,ACTIVE,Digital Marketing,ACTIVE,OPEN,45000.0,10,WEEKS,2,37,4,3,0,1,0,75.0,8,9,1,16,1,5,2,3,0,5,4,4,4,75.95,90.67,68.54,4,0,0,0,74.64,SUCCESS,1,0,45000.0,1,0,0,0,0,0,0,0,0,0,16,Average
314,student0314@student.hitech.lk,ACTIVE,STUDENT,1,SE-JAVA-101,ACTIVE,Software Engineering,ACTIVE,OPEN,40000.0,3,WEEKS,2,106,11,9,0,2,0,81.82,15,10,1,14,11,12,4,7,1,4,3,3,3,63.79,69.68,60.74,3,0,0,0,60.49,SUCCESS,1,0,40000.0,2,1,1,0,0,0,1,1,0,1,9,Average
616,student0616@student.hitech.lk,ACTIVE,STUDENT,7,BM-COMM-110,ACTIVE,Cloud Computing,ACTIVE,OPEN,35000.0,3,WEEKS,1,110,12,10,1,1,0,87.5,13,3,3,7,9,11,3,5,3,1,1,1,1,89.71,89.71,89.71,1,0,0,0,86.71,SUCCESS,1,0,35000.0,1,0,0,0,0,0,0,1,1,0,2,Good
273,student0273@student.hitech.lk,ACTIVE,STUDENT,3,SE-DB-130,ACTIVE,Cybersecurity,COMPLETED,OPEN,50000.0,4,MONTHS,1,249,26,24,0,2,0,92.31,26,8,2,32,2,9,3,4,2,4,4,4,4,91.08,93.53,88.96,4,0,0,0,90.21,SUCCESS,1,0,50000.0,2,0,0,0,0,0,0,3,3,0,7,Good
487,student0487@student.hitech.lk,ACTIVE,STUDENT,4,DS-PY-101,ACTIVE,Business Management,ACTIVE,OPEN,50000.0,4,MONTHS,2,77,10,5,1,4,0,55.0,28,5,0,29,4,7,3,2,2,3,1,1,1,49.87,49.87,49.87,0,1,0,0,50.37,PENDING,0,1,0.0,1,1,1,0,1,0,0,1,1,0,32,Medium
742,student0742@student.hitech.lk,ACTIVE,STUDENT,1,SE-JAVA-101,ACTIVE,Software Engineering,ACTIVE,OPEN,40000.0,3,WEEKS,2,162,15,12,2,1,0,86.67,15,10,1,14,11,12,4,7,1,4,4,4,3,88.24,100.0,74.3,3,0,1,0,85.24,PENDING,0,0,0.0,1,0,0,0,0,0,0,0,0,0,0,Good
413,student0413@student.hitech.lk,ACTIVE,STUDENT,8,BM-MGMT-201,ACTIVE,Graphic Design,ACTIVE,ADMIN_ONLY,50000.0,3,WEEKS,2,52,6,5,0,1,0,83.33,7,6,0,10,3,13,7,5,1,1,1,0,0,0.0,0.0,0.0,0,0,0,0,0.0,SUCCESS,1,0,50000.0,1,0,0,0,0,0,0,1,0,1,10,Average
536,student0536@student.hitech.lk,ACTIVE,STUDENT,10,IT-NET-100,ARCHIVED,Data Science,REMOVED,OPEN,35000.0,8,WEEKS,1,10,1,0,0,1,0,0.0,26,8,0,16,18,14,5,7,2,1,0,0,0,0.0,0.0,0.0,0,0,0,0,0.0,SUCCESS,2,0,35000.0,1,3,0,0,0,1,2,1,0,1,59,Low
411,student0411@student.hitech.lk,ACTIVE,STUDENT,3,SE-DB-130,ACTIVE,Cybersecurity,ACTIVE,OPEN,50000.0,4,MONTHS,1,139,17,14,3,0,0,91.18,26,8,2,32,2,9,3,4,2,4,4,4,3,79.4,94.31,65.99,3,0,1,0,83.04,PENDING,0,0,0.0,1,0,0,0,0,0,0,2,2,0,0,Good
291,student0291@student.hitech.lk,ACTIVE,STUDENT,1,SE-JAVA-101,ACTIVE,Software Engineering,ACTIVE,OPEN,40000.0,3,WEEKS,2,69,11,10,1,0,0,95.45,15,10,1,14,11,12,4,7,1,4,4,4,4,86.45,90.33,81.93,4,0,0,0,84.11,SUCCESS,1,0,40000.0,1,0,0,0,0,0,0,0,0,0,3,Good
827,student0827@student.hitech.lk,ACTIVE,STUDENT,1,SE-JAVA-101,ACTIVE,Software Engineering,ACTIVE,OPEN,40000.0,3,WEEKS,2,116,15,8,1,6,0,56.67,15,10,1,14,11,12,4,7,1,4,3,3,3,71.89,78.12,64.19,3,0,0,0,71.71,SUCCESS,1,0,40000.0,1,0,0,0,0,0,0,1,0,1,6,Average
432,student0432@student.hitech.lk,ACTIVE,STUDENT,12,GD-UIUX-101,ACTIVE,Business Management,ACTIVE,ADMIN_ONLY,45000.0,8,WEEKS,1,31,6,0,3,0,3,62.5,12,2,0,6,8,14,4,5,5,3,1,0,0,0.0,0.0,0.0,0,0,0,2,0.0,FAILED,0,3,0.0,1,1,0,1,1,0,0,2,2,0,26,Low
240,student0240@student.hitech.lk,ACTIVE,STUDENT,6,CY-SEC-110,ACTIVE,Information Technology,ACTIVE,OPEN,50000.0,16,WEEKS,1,31,5,2,2,1,0,60.0,20,9,0,15,14,17,4,8,5,5,2,1,1,73.74,73.74,73.74,1,0,0,1,67.86,SUCCESS,2,0,50000.0,1,0,0,0,0,0,0,2,2,0,9,Average
251,student0251@student.hitech.lk,PENDING_VERIFICATION,STUDENT,4,DS-PY-101,ACTIVE,Business Management,ACTIVE,OPEN,50000.0,4,MONTHS,2,37,6,1,2,3,0,33.33,28,5,0,29,4,7,3,2,2,3,1,1,1,60.34,60.34,60.34,1,0,0,0,53.23,PENDING,0,1,0.0,1,2,1,0,0,1,1,0,0,0,30,Medium
616,student0616@student.hitech.lk,ACTIVE,STUDENT,4,DS-PY-101,ACTIVE,Business Management,ACTIVE,OPEN,50000.0,4,MONTHS,2,160,22,19,3,0,0,93.18,28,5,0,29,4,7,3,2,2,3,3,3,3,90.75,100.0,77.26,3,0,0,0,95.87,SUCCESS,1,0,50000.0,1,0,0,0,0,0,0,2,2,0,0,Good
309,student0309@student.hitech.lk,ACTIVE,STUDENT,2,SE-WEB-120,DRAFT,Data Science,ACTIVE,ADMIN_ONLY,25000.0,16,WEEKS,3,44,1,1,0,0,0,100.0,28,10,0,16,22,9,5,4,0,1,1,1,1,76.37,76.37,76.37,1,0,0,0,79.74,PENDING,0,1,0.0,1,1,0,0,1,0,0,2,2,0,14,Average
716,student0716@student.hitech.lk,ACTIVE,STUDENT,6,CY-SEC-110,ACTIVE,Information Technology,COMPLETED,OPEN,50000.0,16,WEEKS,1,160,19,4,3,10,2,36.84,20,9,0,15,14,17,4,8,5,5,0,0,0,0.0,0.0,0.0,0,0,0,0,0.0,SUCCESS,1,0,50000.0,2,2,0,1,0,0,2,2,2,0,47,Low
150,student0150@student.hitech.lk,ACTIVE,STUDENT,10,IT-NET-100,ARCHIVED,Data Science,ACTIVE,OPEN,35000.0,8,WEEKS,1,124,20,5,2,10,3,41.25,26,8,0,16,18,14,5,7,2,1,0,0,0,0.0,0.0,0.0,0,0,0,0,0.0,FAILED,0,1,0.0,0,1,0,0,0,0,1,1,0,1,64,Low
238,student0238@student.hitech.lk,ACTIVE,STUDENT,6,CY-SEC-110,ACTIVE,Information Technology,ACTIVE,OPEN,50000.0,16,WEEKS,1,116,18,13,0,5,0,72.22,20,9,0,15,14,17,4,8,5,5,3,3,3,58.94,64.83,54.59,3,0,0,1,58.48,SUCCESS,1,0,50000.0,2,1,0,0,0,1,0,1,1,0,14,Average
128,student0128@student.hitech.lk,ACTIVE,STUDENT,6,CY-SEC-110,ACTIVE,Information Technology,ACTIVE,OPEN,50000.0,16,WEEKS,1,27,3,0,2,0,1,58.33,20,9,0,15,14,17,4,8,5,5,2,2,2,68.59,68.97,68.22,2,0,0,3,65.49,FAILED,0,1,0.0,0,0,0,0,0,0,0,1,1,0,26,Medium
180,student0180@student.hitech.lk,ACTIVE,STUDENT,5,DS-ML-210,ACTIVE,Digital Marketing,ACTIVE,OPEN,45000.0,10,WEEKS,2,147,8,7,0,1,0,87.5,8,9,1,16,1,5,2,3,0,5,3,3,3,67.77,82.03,53.91,3,0,0,0,67.12,PENDING,0,1,0.0,1,0,0,0,0,0,0,1,0,1,5,Average
99,student0099@student.hitech.lk,PENDING_VERIFICATION,STUDENT,6,CY-SEC-110,ACTIVE,Information Technology,COMPLETED,OPEN,50000.0,16,WEEKS,1,227,20,18,0,2,0,90.0,20,9,0,15,14,17,4,8,5,5,5,5,5,81.39,83.67,78.73,5,0,0,1,74.18,SUCCESS,2,1,50000.0,1,0,0,0,0,0,0,0,0,0,11,Good
704,student0704@student.hitech.lk,ACTIVE,STUDENT,4,DS-PY-101,ACTIVE,Business Management,ACTIVE,OPEN,50000.0,4,MONTHS,2,214,28,18,0,10,0,64.29,28,5,0,29,4,7,3,2,2,3,2,2,2,55.36,58.35,52.38,2,0,0,1,53.9,FAILED,0,1,0.0,0,0,0,0,0,0,0,1,1,0,16,Medium
469,student0469@student.hitech.lk,ACTIVE,STUDENT,4,DS-PY-101,ACTIVE,Business Management,ACTIVE,OPEN,50000.0,4,MONTHS,2,50,7,6,0,1,0,85.71,28,5,0,29,4,7,3,2,2,3,2,2,2,71.27,73.93,68.6,2,0,0,1,72.82,SUCCESS,1,0,50000.0,2,0,0,0,0,0,0,1,1,0,4,Average
210,student0210@student.hitech.lk,ACTIVE,STUDENT,1,SE-JAVA-101,ACTIVE,Software Engineering,COMPLETED,OPEN,40000.0,3,WEEKS,2,196,15,12,1,2,0,83.33,15,10,1,14,11,12,4,7,1,4,3,2,2,83.61,86.08,81.13,2,0,0,0,86.13,SUCCESS,1,0,40000.0,2,0,0,0,0,0,0,1,1,0,1,Good
60,student0060@student.hitech.lk,ACTIVE,STUDENT,10,IT-NET-100,ARCHIVED,Data Science,ACTIVE,OPEN,35000.0,8,WEEKS,1,46,9,7,0,2,0,77.78,26,8,0,16,18,14,5,7,2,1,0,0,0,0.0,0.0,0.0,0,0,0,0,0.0,SUCCESS,2,0,35000.0,1,2,2,0,1,0,1,0,0,0,38,Medium
752,student0752@student.hitech.lk,ACTIVE,STUDENT,1,SE-JAVA-101,ACTIVE,Software Engineering,COMPLETED,OPEN,40000.0,3,WEEKS,2,216,15,7,2,6,0,53.33,15,10,1,14,11,12,4,7,1,4,2,2,2,66.59,67.65,65.52,2,0,0,1,67.8,SUCCESS,1,0,40000.0,1,0,0,0,0,0,0,1,1,0,3,Average
114,student0114@student.hitech.lk,ACTIVE,STUDENT,11,CC-AWS-101,ACTIVE,Cybersecurity,ACTIVE,ADMIN_ONLY,40000.0,12,WEEKS,1,72,4,1,2,0,1,68.75,4,14,0,4,14,7,2,3,2,4,1,1,1,46.87,46.87,46.87,0,1,0,1,41.66,SUCCESS,1,0,40000.0,1,1,0,0,0,0,1,1,1,0,13,Medium
327,student0327@student.hitech.lk,ACTIVE,STUDENT,4,DS-PY-101,ACTIVE,Business Management,REMOVED,OPEN,50000.0,4,MONTHS,2,16,1,0,1,0,0,50.0,28,5,0,29,4,7,3,2,2,3,2,2,2,80.8,93.26,68.34,2,0,0,0,88.51,SUCCESS,1,0,50000.0,1,1,0,0,0,0,1,0,0,0,8,Average
396,student0396@student.hitech.lk,ACTIVE,STUDENT,1,SE-JAVA-101,ACTIVE,Software Engineering,COMPLETED,OPEN,40000.0,3,WEEKS,2,82,13,6,2,5,0,53.85,15,10,1,14,11,12,4,7,1,4,2,2,2,55.12,55.53,54.72,2,0,0,1,49.69,SUCCESS,1,0,40000.0,1,0,0,0,0,0,0,0,0,0,37,Medium
713,student0713@student.hitech.lk,ACTIVE,STUDENT,3,SE-DB-130,ACTIVE,Cybersecurity,COMPLETED,OPEN,50000.0,4,MONTHS,1,182,25,15,3,7,0,66.0,26,8,2,32,2,9,3,4,2,4,1,1,1,39.09,39.09,39.09,0,1,0,3,35.89,SUCCESS,1,0,50000.0,1,0,0,0,0,0,0,0,0,0,31,Medium
453,student0453@student.hitech.lk,ACTIVE,STUDENT,6,CY-SEC-110,ACTIVE,Information Technology,COMPLETED,OPEN,50000.0,16,WEEKS,1,140,17,6,1,9,1,42.65,20,9,0,15,14,17,4,8,5,5,0,0,0,0.0,0.0,0.0,0,0,0,0,0.0,FAILED,0,2,0.0,0,3,2,0,0,1,2,0,0,0,49,Low
687,student0687@student.hitech.lk,ACTIVE,STUDENT,9,DM-SEO-101,ARCHIVED,Software Engineering,ACTIVE,OPEN,30000.0,12,WEEKS,2,67,12,10,1,1,0,87.5,13,2,0,5,10,13,4,6,3,5,4,4,4,73.61,79.93,66.57,4,0,0,0,79.93,SUCCESS,1,0,30000.0,1,0,0,0,0,0,0,1,1,0,16,Average
474,student0474@student.hitech.lk,ACTIVE,STUDENT,11,CC-AWS-101,ACTIVE,Cybersecurity,ACTIVE,ADMIN_ONLY,40000.0,12,WEEKS,1,101,4,0,2,2,0,25.0,4,14,0,4,14,7,2,3,2,4,1,1,1,24.82,24.82,24.82,0,1,0,2,24.23,SUCCESS,1,0,40000.0,1,1,0,0,1,0,0,0,0,0,52,Low
636,student0636@student.hitech.lk,ACTIVE,STUDENT,3,SE-DB-130,ACTIVE,Cybersecurity,COMPLETED,OPEN,50000.0,4,MONTHS,1,166,19,11,3,5,0,65.79,26,8,2,32,2,9,3,4,2,4,1,1,1,71.14,71.14,71.14,1,0,0,2,72.84,SUCCESS,1,0,50000.0,1,1,1,1,0,0,1,1,0,1,35,Medium
772,student0772@student.hitech.lk,ACTIVE,STUDENT,10,IT-NET-100,ARCHIVED,Data Science,COMPLETED,OPEN,35000.0,8,WEEKS,1,208,23,18,1,3,1,83.7,26,8,0,16,18,14,5,7,2,1,1,1,1,87.94,87.94,87.94,1,0,0,0,84.03,PENDING,0,0,0.0,1,1,0,0,1,0,0,0,0,0,0,Good
31,student0031@student.hitech.lk,INACTIVE,STUDENT,5,DS-ML-210,ACTIVE,Digital Marketing,ACTIVE,OPEN,45000.0,10,WEEKS,2,168,8,1,3,4,0,31.25,8,9,1,16,1,5,2,3,0,5,2,2,1,36.03,36.03,36.03,0,1,1,0,36.04,SUCCESS,1,0,45000.0,1,2,1,0,0,0,2,1,0,1,39,Medium
647,student0647@student.hitech.lk,PENDING_VERIFICATION,STUDENT,1,SE-JAVA-101,ACTIVE,Software Engineering,ACTIVE,OPEN,40000.0,3,WEEKS,2,160,15,8,0,7,0,53.33,15,10,1,14,11,12,4,7,1,4,3,2,2,57.62,63.02,52.22,2,0,0,1,56.51,FAILED,0,1,0.0,1,1,0,1,1,0,0,1,1,0,11,Average
431,student0431@student.hitech.lk,ACTIVE,STUDENT,8,BM-MGMT-201,ACTIVE,Graphic Design,ACTIVE,ADMIN_ONLY,50000.0,3,WEEKS,2,97,7,1,3,3,0,35.71,7,6,0,10,3,13,7,5,1,1,1,1,1,51.98,51.98,51.98,1,0,0,1,48.89,SUCCESS,2,1,50000.0,2,0,0,0,0,0,0,1,0,1,40,Medium
225,student0225@student.hitech.lk,ACTIVE,STUDENT,3,SE-DB-130,ACTIVE,Cybersecurity,ACTIVE,OPEN,50000.0,4,MONTHS,1,86,14,10,4,0,0,85.71,26,8,2,32,2,9,3,4,2,4,3,3,3,92.56,100.0,86.58,3,0,0,0,93.03,SUCCESS,1,0,50000.0,1,0,0,0,0,0,0,0,0,0,7,Good
421,student0421@student.hitech.lk,ACTIVE,STUDENT,4,DS-PY-101,ACTIVE,Business Management,ACTIVE,OPEN,50000.0,4,MONTHS,2,136,18,11,2,4,1,70.83,28,5,0,29,4,7,3,2,2,3,2,2,2,62.73,64.23,61.22,2,0,0,0,66.7,SUCCESS,2,0,50000.0,1,0,0,0,0,0,0,0,0,0,16,Average
813,student0813@student.hitech.lk,ACTIVE,STUDENT,5,DS-ML-210,ACTIVE,Digital Marketing,ACTIVE,OPEN,45000.0,10,WEEKS,2,70,7,3,1,3,0,50.0,8,9,1,16,1,5,2,3,0,5,3,3,3,69.48,77.06,62.81,3,0,0,0,71.72,SUCCESS,1,0,45000.0,1,2,0,0,0,1,1,3,3,0,11,Average
708,student0708@student.hitech.lk,ACTIVE,STUDENT,11,CC-AWS-101,ACTIVE,Cybersecurity,ACTIVE,ADMIN_ONLY,40000.0,12,WEEKS,1,58,4,1,2,1,0,50.0,4,14,0,4,14,7,2,3,2,4,3,3,3,66.07,73.85,55.87,3,0,0,1,64.25,SUCCESS,1,0,40000.0,1,1,0,0,1,0,0,1,0,1,4,Average
150,student0150@student.hitech.lk,ACTIVE,STUDENT,5,DS-ML-210,ACTIVE,Digital Marketing,REMOVED,OPEN,45000.0,10,WEEKS,2,7,0,0,0,0,0,0.0,8,9,1,16,1,5,2,3,0,5,0,0,0,0.0,0.0,0.0,0,0,0,0,0.0,SUCCESS,1,0,45000.0,1,1,0,1,1,0,0,1,0,1,44,Low
70,student0070@student.hitech.lk,ACTIVE,STUDENT,9,DM-SEO-101,ARCHIVED,Software Engineering,ACTIVE,OPEN,30000.0,12,WEEKS,2,138,13,1,4,8,0,23.08,13,2,0,5,10,13,4,6,3,5,2,1,1,34.92,34.92,34.92,0,1,0,3,29.19,FAILED,0,1,0.0,1,1,0,1,1,0,0,0,0,0,35,Low
661,student0661@student.hitech.lk,ACTIVE,STUDENT,2,SE-WEB-120,DRAFT,Data Science,COMPLETED,ADMIN_ONLY,25000.0,16,WEEKS,3,60,0,0,0,0,0,0.0,28,10,0,16,22,9,5,4,0,1,1,1,1,84.29,84.29,84.29,1,0,0,0,87.64,SUCCESS,2,0,25000.0,1,1,1,0,0,1,0,1,1,0,7,Average
63,student0063@student.hitech.lk,ACTIVE,STUDENT,12,GD-UIUX-101,ACTIVE,Business Management,ACTIVE,ADMIN_ONLY,45000.0,8,WEEKS,1,61,8,5,1,0,2,87.5,12,2,0,6,8,14,4,5,5,3,2,2,2,65.65,67.24,64.07,2,0,0,3,65.12,SUCCESS,1,0,45000.0,1,1,0,0,1,0,0,3,3,0,8,Average
201,student0201@student.hitech.lk,ACTIVE,STUDENT,4,DS-PY-101,ACTIVE,Business Management,ACTIVE,OPEN,50000.0,4,MONTHS,2,49,6,0,3,3,0,25.0,28,5,0,29,4,7,3,2,2,3,2,2,2,59.74,67.35,52.13,2,0,0,0,69.99,FAILED,0,1,0.0,1,0,0,0,0,0,0,1,1,0,19,Medium
177,student0177@student.hitech.lk,ACTIVE,STUDENT,10,IT-NET-100,ARCHIVED,Data Science,ACTIVE,OPEN,35000.0,8,WEEKS,1,77,9,0,2,7,0,11.11,26,8,0,16,18,14,5,7,2,1,0,0,0,0.0,0.0,0.0,0,0,0,0,0.0,SUCCESS,1,2,35000.0,1,4,4,0,2,1,1,1,0,1,56,Low
102,student0102@student.hitech.lk,ACTIVE,STUDENT,5,DS-ML-210,ACTIVE,Digital Marketing,ACTIVE,OPEN,45000.0,10,WEEKS,2,116,8,0,2,6,0,12.5,8,9,1,16,1,5,2,3,0,5,0,0,0,0.0,0.0,0.0,0,0,0,0,0.0,PENDING,0,1,0.0,1,2,0,1,1,1,0,1,1,0,44,Low
303,student0303@student.hitech.lk,PENDING_VERIFICATION,STUDENT,3,SE-DB-130,ACTIVE,Cybersecurity,COMPLETED,OPEN,50000.0,4,MONTHS,1,187,26,22,3,0,1,93.27,26,8,2,32,2,9,3,4,2,4,4,4,4,79.28,81.62,76.56,4,0,0,0,80.08,SUCCESS,2,1,50000.0,1,1,0,0,0,1,0,0,0,0,10,Good
413,student0413@student.hitech.lk,ACTIVE,STUDENT,2,SE-WEB-120,DRAFT,Data Science,ACTIVE,ADMIN_ONLY,25000.0,16,WEEKS,3,29,3,0,1,2,0,16.67,28,10,0,16,22,9,5,4,0,1,0,0,0,0.0,0.0,0.0,0,0,0,0,0.0,PENDING,0,1,0.0,1,0,0,0,0,0,0,1,0,1,12,Medium
436,student0436@student.hitech.lk,ACTIVE,STUDENT,11,CC-AWS-101,ACTIVE,Cybersecurity,COMPLETED,ADMIN_ONLY,40000.0,12,WEEKS,1,238,4,0,2,2,0,25.0,4,14,0,4,14,7,2,3,2,4,2,2,2,59.21,63.01,55.4,2,0,0,0,58.8,SUCCESS,1,0,40000.0,1,0,0,0,0,0,0,0,0,0,18,Medium
743,student0743@student.hitech.lk,ACTIVE,STUDENT,10,IT-NET-100,ARCHIVED,Data Science,ACTIVE,OPEN,35000.0,8,WEEKS,1,103,17,13,0,2,2,85.29,26,8,0,16,18,14,5,7,2,1,1,1,1,87.21,87.21,87.21,1,0,0,1,89.72,SUCCESS,1,0,35000.0,1,0,0,0,0,0,0,1,1,0,7,Good
207,student0207@student.hitech.lk,ACTIVE,STUDENT,5,DS-ML-210,ACTIVE,Digital Marketing,ACTIVE,OPEN,45000.0,10,WEEKS,2,129,8,2,3,3,0,43.75,8,9,1,16,1,5,2,3,0,5,2,2,2,46.53,52.37,40.7,1,1,0,1,44.16,PENDING,0,0,0.0,1,0,0,0,0,0,0,0,0,0,10,Medium
310,student0310@student.hitech.lk,ACTIVE,STUDENT,1,SE-JAVA-101,ACTIVE,Software Engineering,REMOVED,OPEN,40000.0,3,WEEKS,2,30,4,0,1,3,0,12.5,15,10,1,14,11,12,4,7,1,4,1,1,0,0.0,0.0,0.0,0,0,1,0,0.0,SUCCESS,1,0,40000.0,1,0,0,0,0,0,0,0,0,0,61,Low
496,student0496@student.hitech.lk,ACTIVE,STUDENT,4,DS-PY-101,ACTIVE,Business Management,COMPLETED,OPEN,50000.0,4,MONTHS,2,116,16,14,0,1,1,92.19,28,5,0,29,4,7,3,2,2,3,3,3,3,79.51,80.88,77.37,3,0,0,1,83.69,SUCCESS,3,0,50000.0,1,0,0,0,0,0,0,0,0,0,3,Good
418,student0418@student.hitech.lk,ACTIVE,STUDENT,5,DS-ML-210,ACTIVE,Digital Marketing,ACTIVE,OPEN,45000.0,10,WEEKS,2,50,8,3,1,4,0,43.75,8,9,1,16,1,5,2,3,0,5,1,1,1,40.91,40.91,40.91,0,1,0,1,36.21,FAILED,0,2,0.0,1,0,0,0,0,0,0,0,0,0,54,Low
461,student0461@student.hitech.lk,ACTIVE,STUDENT,9,DM-SEO-101,ARCHIVED,Software Engineering,COMPLETED,OPEN,30000.0,12,WEEKS,2,219,13,11,0,2,0,84.62,13,2,0,5,10,13,4,6,3,5,5,5,5,90.48,100.0,76.78,5,0,0,0,88.68,SUCCESS,2,2,30000.0,1,1,0,0,1,0,0,0,0,0,7,Good
70,student0070@student.hitech.lk,ACTIVE,STUDENT,6,CY-SEC-110,ACTIVE,Information Technology,ACTIVE,OPEN,50000.0,16,WEEKS,1,29,4,3,1,0,0,87.5,20,9,0,15,14,17,4,8,5,5,5,5,5,86.73,97.61,76.44,5,0,0,1,81.28,SUCCESS,1,0,50000.0,2,1,0,0,0,0,1,0,0,0,3,Good
562,student0562@student.hitech.lk,ACTIVE,STUDENT,3,SE-DB-130,ACTIVE,Cybersecurity,COMPLETED,OPEN,50000.0,4,MONTHS,1,141,19,16,1,2,0,86.84,26,8,2,32,2,9,3,4,2,4,2,2,2,63.93,64.63,63.23,2,0,0,2,69.8,SUCCESS,1,1,50000.0,2,1,0,0,0,0,1,0,0,0,12,Average
667,student0667@student.hitech.lk,ACTIVE,STUDENT,6,CY-SEC-110,ACTIVE,Information Technology,ACTIVE,OPEN,50000.0,16,WEEKS,1,36,5,0,3,2,0,30.0,20,9,0,15,14,17,4,8,5,5,3,3,3,41.27,51.89,32.25,1,2,0,0,45.99,PENDING,0,1,0.0,1,0,0,0,0,0,0,1,1,0,25,Medium
95,student0095@student.hitech.lk,ACTIVE,STUDENT,7,BM-COMM-110,ACTIVE,Cloud Computing,REMOVED,OPEN,35000.0,3,WEEKS,1,10,1,0,1,0,0,50.0,13,3,3,7,9,11,3,5,3,1,0,0,0,0.0,0.0,0.0,0,0,0,0,0.0,PENDING,0,1,0.0,1,0,0,0,0,0,0,0,0,0,20,Medium
529,student0529@student.hitech.lk,ACTIVE,STUDENT,12,GD-UIUX-101,ACTIVE,Business Management,COMPLETED,ADMIN_ONLY,45000.0,8,WEEKS,1,190,12,5,3,4,0,54.17,12,2,0,6,8,14,4,5,5,3,2,2,2,51.18,52.44,49.91,1,1,0,2,52.65,PENDING,0,1,0.0,1,2,1,1,1,1,0,1,1,0,14,Medium
676,student0676@student.hitech.lk,ACTIVE,STUDENT,8,BM-MGMT-201,ACTIVE,Graphic Design,COMPLETED,ADMIN_ONLY,50000.0,3,WEEKS,2,137,7,7,0,0,0,100.0,7,6,0,10,3,13,7,5,1,1,1,1,1,88.21,88.21,88.21,1,0,0,1,85.14,SUCCESS,2,0,50000.0,2,0,0,0,0,0,0,0,0,0,6,Good
690,student0690@student.hitech.lk,ACTIVE,STUDENT,1,SE-JAVA-101,ACTIVE,Software Engineering,ACTIVE,OPEN,40000.0,3,WEEKS,2,40,5,4,0,0,1,95.0,15,10,1,14,11,12,4,7,1,4,3,3,3,61.36,68.48,56.05,3,0,0,0,67.53,SUCCESS,2,0,40000.0,1,1,0,0,0,0,1,1,1,0,17,Average
24,student0024@student.hitech.lk,ACTIVE,STUDENT,5,DS-ML-210,ACTIVE,Digital Marketing,COMPLETED,OPEN,45000.0,10,WEEKS,2,171,8,3,1,4,0,43.75,8,9,1,16,1,5,2,3,0,5,3,3,3,72.35,76.5,69.41,3,0,0,0,77.61,SUCCESS,2,0,45000.0,1,0,0,0,0,0,0,1,1,0,7,Average
531,student0531@student.hitech.lk,ACTIVE,STUDENT,5,DS-ML-210,ACTIVE,Digital Marketing,ACTIVE,OPEN,45000.0,10,WEEKS,2,109,8,5,1,2,0,68.75,8,9,1,16,1,5,2,3,0,5,2,2,2,41.36,47.27,35.46,0,2,0,7,44.18,PENDING,0,0,0.0,1,1,0,0,0,0,1,1,1,0,40,Medium
161,student0161@student.hitech.lk,ACTIVE,STUDENT,8,BM-MGMT-201,ACTIVE,Graphic Design,ACTIVE,ADMIN_ONLY,50000.0,3,WEEKS,2,99,7,4,1,0,2,85.71,7,6,0,10,3,13,7,5,1,1,1,1,1,65.81,65.81,65.81,1,0,0,3,64.6,PENDING,0,0,0.0,1,0,0,0,0,0,0,0,0,0,28,Medium
292,student0292@student.hitech.lk,ACTIVE,STUDENT,11,CC-AWS-101,ACTIVE,Cybersecurity,REMOVED,ADMIN_ONLY,40000.0,12,WEEKS,1,101,4,1,1,2,0,37.5,4,14,0,4,14,7,2,3,2,4,2,2,2,54.37,62.79,45.95,1,1,0,0,52.92,SUCCESS,2,1,40000.0,1,0,0,0,0,0,0,0,0,0,32,Medium
266,student0266@student.hitech.lk,INACTIVE,STUDENT,6,CY-SEC-110,ACTIVE,Information Technology,ACTIVE,OPEN,50000.0,16,WEEKS,1,137,20,11,1,8,0,57.5,20,9,0,15,14,17,4,8,5,5,3,3,3,71.16,86.24,58.96,3,0,0,1,72.36,SUCCESS,1,0,50000.0,1,2,0,0,1,1,0,1,1,0,37,Average
834,student0834@student.hitech.lk,ACTIVE,STUDENT,3,SE-DB-130,ACTIVE,Cybersecurity,COMPLETED,OPEN,50000.0,4,MONTHS,1,244,26,12,4,9,1,56.73,26,8,2,32,2,9,3,4,2,4,4,4,4,73.95,80.14,58.32,4,0,0,0,69.13,PENDING,0,1,0.0,1,1,1,0,1,0,0,1,1,0,11,Average
71,student0071@student.hitech.lk,ACTIVE,STUDENT,10,IT-NET-100,ARCHIVED,Data Science,ACTIVE,OPEN,35000.0,8,WEEKS,1,130,23,10,4,9,0,52.17,26,8,0,16,18,14,5,7,2,1,1,1,1,57.52,57.52,57.52,1,0,0,1,62.68,SUCCESS,1,0,35000.0,1,0,0,0,0,0,0,2,1,1,32,Medium
711,student0711@student.hitech.lk,ACTIVE,STUDENT,10,IT-NET-100,ARCHIVED,Data Science,REMOVED,OPEN,35000.0,8,WEEKS,1,11,1,0,0,1,0,0.0,26,8,0,16,18,14,5,7,2,1,0,0,0,0.0,0.0,0.0,0,0,0,0,0.0,FAILED,0,1,0.0,0,0,0,0,0,0,0,0,0,0,69,Low
756,student0756@student.hitech.lk,INACTIVE,STUDENT,11,CC-AWS-101,ACTIVE,Cybersecurity,ACTIVE,ADMIN_ONLY,40000.0,12,WEEKS,1,106,4,3,0,1,0,75.0,4,14,0,4,14,7,2,3,2,4,3,3,3,60.4,62.39,59.16,3,0,0,1,57.93,SUCCESS,1,0,40000.0,1,0,0,0,0,0,0,3,2,1,47,Average
842,student0842@student.hitech.lk,ACTIVE,STUDENT,4,DS-PY-101,ACTIVE,Business Management,ACTIVE,OPEN,50000.0,4,MONTHS,2,27,3,2,1,0,0,83.33,28,5,0,29,4,7,3,2,2,3,2,1,1,75.6,75.6,75.6,1,0,0,0,74.23,SUCCESS,1,0,50000.0,1,0,0,0,0,0,0,2,1,1,3,Good
493,student0493@student.hitech.lk,ACTIVE,STUDENT,8,BM-MGMT-201,ACTIVE,Graphic Design,ACTIVE,ADMIN_ONLY,50000.0,3,WEEKS,2,121,7,0,1,5,1,17.86,7,6,0,10,3,13,7,5,1,1,0,0,0,0.0,0.0,0.0,0,0,0,0,0.0,SUCCESS,1,0,50000.0,1,5,2,0,2,0,3,1,0,1,77,Low
698,student0698@student.hitech.lk,PENDING_VERIFICATION,STUDENT,11,CC-AWS-101,ACTIVE,Cybersecurity,REMOVED,ADMIN_ONLY,40000.0,12,WEEKS,1,6,0,0,0,0,0,0.0,4,14,0,4,14,7,2,3,2,4,4,4,4,85.58,91.14,79.35,4,0,0,0,82.61,SUCCESS,1,0,40000.0,1,0,0,0,0,0,0,1,1,0,14,Good
95,student0095@student.hitech.lk,ACTIVE,STUDENT,8,BM-MGMT-201,ACTIVE,Graphic Design,ACTIVE,ADMIN_ONLY,50000.0,3,WEEKS,2,187,7,3,1,3,0,50.0,7,6,0,10,3,13,7,5,1,1,1,1,1,44.53,44.53,44.53,0,1,0,0,48.36,PENDING,0,1,0.0,1,0,0,0,0,0,0,2,1,1,34,Medium
640,student0640@student.hitech.lk,ACTIVE,STUDENT,5,DS-ML-210,ACTIVE,Digital Marketing,ACTIVE,OPEN,45000.0,10,WEEKS,2,40,5,4,0,0,1,95.0,8,9,1,16,1,5,2,3,0,5,5,5,5,83.12,92.4,68.57,5,0,0,0,82.39,SUCCESS,1,0,45000.0,1,0,0,0,0,0,0,1,1,0,4,Good
585,student0585@student.hitech.lk,ACTIVE,STUDENT,12,GD-UIUX-101,ACTIVE,Business Management,ACTIVE,ADMIN_ONLY,45000.0,8,WEEKS,1,75,12,7,2,3,0,66.67,12,2,0,6,8,14,4,5,5,3,3,3,3,90.96,92.61,87.83,3,0,0,0,83.51,SUCCESS,2,0,45000.0,1,0,0,0,0,0,0,2,2,0,7,Good
226,student0226@student.hitech.lk,ACTIVE,STUDENT,10,IT-NET-100,ARCHIVED,Data Science,ACTIVE,OPEN,35000.0,8,WEEKS,1,174,26,24,0,1,1,95.19,26,8,0,16,18,14,5,7,2,1,1,1,1,75.44,75.44,75.44,1,0,0,0,71.72,SUCCESS,1,0,35000.0,1,1,0,0,1,0,0,0,0,0,1,Good
560,student0560@student.hitech.lk,ACTIVE,STUDENT,6,CY-SEC-110,ACTIVE,Information Technology,ACTIVE,OPEN,50000.0,16,WEEKS,1,100,15,14,0,1,0,93.33,20,9,0,15,14,17,4,8,5,5,3,3,2,73.09,86.44,59.74,2,0,1,0,78.6,SUCCESS,1,0,50000.0,1,0,0,0,0,0,0,0,0,0,10,Average
123,student0123@student.hitech.lk,ACTIVE,STUDENT,6,CY-SEC-110,ACTIVE,Information Technology,ACTIVE,OPEN,50000.0,16,WEEKS,1,183,20,12,2,5,1,68.75,20,9,0,15,14,17,4,8,5,5,4,4,4,61.23,69.19,53.44,4,0,0,1,56.02,FAILED,0,1,0.0,1,3,2,1,2,0,1,2,1,1,15,Medium
531,student0531@student.hitech.lk,ACTIVE,STUDENT,4,DS-PY-101,ACTIVE,Business Management,ACTIVE,OPEN,50000.0,4,MONTHS,2,118,15,9,1,5,0,63.33,28,5,0,29,4,7,3,2,2,3,2,2,2,46.34,52.07,40.61,1,1,0,1,47.75,SUCCESS,1,0,50000.0,2,3,0,0,1,1,1,2,2,0,11,Medium
218,student0218@student.hitech.lk,ACTIVE,STUDENT,12,GD-UIUX-101,ACTIVE,Business Management,COMPLETED,ADMIN_ONLY,45000.0,8,WEEKS,1,147,12,5,1,6,0,45.83,12,2,0,6,8,14,4,5,5,3,2,2,2,54.06,58.73,49.39,1,1,0,1,53.79,PENDING,0,1,0.0,1,1,0,0,0,0,1,0,0,0,31,Medium
66,student0066@student.hitech.lk,ACTIVE,STUDENT,11,CC-AWS-101,ACTIVE,Cybersecurity,ACTIVE,ADMIN_ONLY,40000.0,12,WEEKS,1,75,4,2,1,0,1,81.25,4,14,0,4,14,7,2,3,2,4,4,4,4,85.08,100.0,75.81,4,0,0,0,85.84,SUCCESS,1,0,40000.0,2,0,0,0,0,0,0,0,0,0,1,Good
84,student0084@student.hitech.lk,ACTIVE,STUDENT,7,BM-COMM-110,ACTIVE,Cloud Computing,COMPLETED,OPEN,35000.0,3,WEEKS,1,97,13,10,1,2,0,80.77,13,3,3,7,9,11,3,5,3,1,1,1,1,82.66,82.66,82.66,1,0,0,0,77.66,SUCCESS,2,0,35000.0,1,0,0,0,0,0,0,0,0,0,1,Good
498,student0498@student.hitech.lk,ACTIVE,STUDENT,1,SE-JAVA-101,ACTIVE,Software Engineering,ACTIVE,OPEN,40000.0,3,WEEKS,2,19,2,2,0,0,0,100.0,15,10,1,14,11,12,4,7,1,4,2,2,2,70.74,75.44,66.03,2,0,0,0,72.08,PENDING,0,1,0.0,1,0,0,0,0,0,0,1,0,1,8,Average
239,student0239@student.hitech.lk,ACTIVE,STUDENT,10,IT-NET-100,ARCHIVED,Data Science,ACTIVE,OPEN,35000.0,8,WEEKS,1,46,5,4,1,0,0,90.0,26,8,0,16,18,14,5,7,2,1,1,1,1,76.53,76.53,76.53,1,0,0,0,84.99,SUCCESS,1,0,35000.0,1,0,0,0,0,0,0,0,0,0,0,Good
593,student0593@student.hitech.lk,ACTIVE,STUDENT,5,DS-ML-210,ACTIVE,Digital Marketing,COMPLETED,OPEN,45000.0,10,WEEKS,2,132,8,5,1,2,0,68.75,8,9,1,16,1,5,2,3,0,5,4,4,4,73.2,83.28,64.47,4,0,0,0,73.69,SUCCESS,1,0,45000.0,1,1,0,0,0,0,1,0,0,0,8,Average
807,student0807@student.hitech.lk,ACTIVE,STUDENT,6,CY-SEC-110,ACTIVE,Information Technology,ACTIVE,OPEN,50000.0,16,WEEKS,1,69,13,10,1,2,0,80.77,20,9,0,15,14,17,4,8,5,5,5,5,5,91.26,97.49,82.75,5,0,0,0,96.09,SUCCESS,1,0,50000.0,1,1,0,0,0,1,0,0,0,0,3,Good
534,student0534@student.hitech.lk,ACTIVE,STUDENT,7,BM-COMM-110,ACTIVE,Cloud Computing,COMPLETED,OPEN,35000.0,3,WEEKS,1,88,10,7,0,3,0,70.0,13,3,3,7,9,11,3,5,3,1,1,1,1,58.48,58.48,58.48,1,0,0,1,58.16,SUCCESS,1,0,35000.0,2,0,0,0,0,0,0,0,0,0,10,Average
779,student0779@student.hitech.lk,INACTIVE,STUDENT,9,DM-SEO-101,ARCHIVED,Software Engineering,ACTIVE,OPEN,30000.0,12,WEEKS,2,269,13,8,2,3,0,69.23,13,2,0,5,10,13,4,6,3,5,4,4,4,76.88,85.45,70.71,4,0,0,0,84.49,SUCCESS,1,1,30000.0,1,0,0,0,0,0,0,3,2,1,34,Average
461,student0461@student.hitech.lk,ACTIVE,STUDENT,5,DS-ML-210,ACTIVE,Digital Marketing,ACTIVE,OPEN,45000.0,10,WEEKS,2,47,8,4,1,2,1,65.62,8,9,1,16,1,5,2,3,0,5,2,2,2,62.2,63.39,61.02,2,0,0,1,66.93,SUCCESS,1,0,45000.0,1,2,1,0,0,0,2,0,0,0,36,Medium
603,student0603@student.hitech.lk,ACTIVE,STUDENT,3,SE-DB-130,ACTIVE,Cybersecurity,ACTIVE,OPEN,50000.0,4,MONTHS,1,50,9,7,1,1,0,83.33,26,8,2,32,2,9,3,4,2,4,3,3,3,65.71,87.27,50.9,3,0,0,0,65.41,SUCCESS,1,0,50000.0,1,1,1,0,1,0,0,1,1,0,13,Average
290,student0290@student.hitech.lk,ACTIVE,STUDENT,11,CC-AWS-101,ACTIVE,Cybersecurity,ACTIVE,ADMIN_ONLY,40000.0,12,WEEKS,1,127,4,4,0,0,0,100.0,4,14,0,4,14,7,2,3,2,4,3,3,3,69.41,77.49,60.41,3,0,0,2,66.71,SUCCESS,1,0,40000.0,2,1,0,0,0,1,0,0,0,0,17,Average
172,student0172@student.hitech.lk,ACTIVE,STUDENT,8,BM-MGMT-201,ACTIVE,Graphic Design,COMPLETED,ADMIN_ONLY,50000.0,3,WEEKS,2,209,7,0,4,2,1,39.29,7,6,0,10,3,13,7,5,1,1,1,0,0,0.0,0.0,0.0,0,0,0,2,0.0,SUCCESS,1,0,50000.0,1,0,0,0,0,0,0,2,1,1,24,Medium
271,student0271@student.hitech.lk,ACTIVE,STUDENT,12,GD-UIUX-101,ACTIVE,Business Management,ACTIVE,ADMIN_ONLY,45000.0,8,WEEKS,1,75,12,3,5,4,0,45.83,12,2,0,6,8,14,4,5,5,3,2,1,1,50.69,50.69,50.69,1,0,0,0,50.5,SUCCESS,1,0,45000.0,1,0,0,0,0,0,0,0,0,0,28,Medium
804,student0804@student.hitech.lk,ACTIVE,STUDENT,12,GD-UIUX-101,ACTIVE,Business Management,ACTIVE,ADMIN_ONLY,45000.0,8,WEEKS,1,22,3,2,0,0,1,91.67,12,2,0,6,8,14,4,5,5,3,2,1,1,61.9,61.9,61.9,1,0,0,1,70.06,SUCCESS,1,0,45000.0,1,2,2,0,2,0,0,1,1,0,38,Medium
595,student0595@student.hitech.lk,ACTIVE,STUDENT,10,IT-NET-100,ARCHIVED,Data Science,ACTIVE,OPEN,35000.0,8,WEEKS,1,42,5,4,1,0,0,90.0,26,8,0,16,18,14,5,7,2,1,1,1,1,79.85,79.85,79.85,1,0,0,0,81.28,SUCCESS,1,0,35000.0,1,0,0,0,0,0,0,0,0,0,0,Good
99,student0099@student.hitech.lk,ACTIVE,STUDENT,8,BM-MGMT-201,ACTIVE,Graphic Design,ACTIVE,ADMIN_ONLY,50000.0,3,WEEKS,2,114,7,3,4,0,0,71.43,7,6,0,10,3,13,7,5,1,1,1,1,1,82.17,82.17,82.17,1,0,0,1,77.51,SUCCESS,1,0,50000.0,1,0,0,0,0,0,0,0,0,0,1,Good
166,student0166@student.hitech.lk,ACTIVE,STUDENT,9,DM-SEO-101,ARCHIVED,Software Engineering,ACTIVE,OPEN,30000.0,12,WEEKS,2,149,13,4,3,6,0,42.31,13,2,0,5,10,13,4,6,3,5,2,2,2,48.37,54.31,42.43,1,1,0,3,54.75,SUCCESS,1,0,30000.0,1,0,0,0,0,0,0,1,1,0,31,Medium
90,student0090@student.hitech.lk,ACTIVE,STUDENT,2,SE-WEB-120,DRAFT,Data Science,ACTIVE,ADMIN_ONLY,25000.0,16,WEEKS,3,248,2,0,1,1,0,25.0,28,10,0,16,22,9,5,4,0,1,1,1,1,38.14,38.14,38.14,0,1,0,1,31.06,SUCCESS,1,0,25000.0,1,1,1,0,1,0,0,2,1,1,22,Medium
81,student0081@student.hitech.lk,ACTIVE,STUDENT,10,IT-NET-100,ARCHIVED,Data Science,REMOVED,OPEN,35000.0,8,WEEKS,1,15,2,0,1,1,0,25.0,26,8,0,16,18,14,5,7,2,1,0,0,0,0.0,0.0,0.0,0,0,0,0,0.0,SUCCESS,1,2,35000.0,1,0,0,0,0,0,0,0,0,0,46,Low
200,student0200@student.hitech.lk,ACTIVE,STUDENT,6,CY-SEC-110,ACTIVE,Information Technology,ACTIVE,OPEN,50000.0,16,WEEKS,1,63,12,11,0,1,0,91.67,20,9,0,15,14,17,4,8,5,5,4,4,4,84.75,97.18,72.29,4,0,0,0,81.47,SUCCESS,2,0,50000.0,1,0,0,0,0,0,0,1,1,0,6,Good
68,student0068@student.hitech.lk,ACTIVE,STUDENT,12,GD-UIUX-101,ACTIVE,Business Management,COMPLETED,ADMIN_ONLY,45000.0,8,WEEKS,1,225,12,10,1,1,0,87.5,12,2,0,6,8,14,4,5,5,3,2,2,2,94.19,98.62,89.75,2,0,0,0,93.46,SUCCESS,1,1,45000.0,1,0,0,0,0,0,0,0,0,0,4,Good
750,student0750@student.hitech.lk,ACTIVE,STUDENT,1,SE-JAVA-101,ACTIVE,Software Engineering,ACTIVE,OPEN,40000.0,3,WEEKS,2,91,15,12,2,1,0,86.67,15,10,1,14,11,12,4,7,1,4,3,3,2,70.01,72.05,67.97,2,0,1,0,66.72,SUCCESS,1,0,40000.0,1,0,0,0,0,0,0,2,2,0,17,Average
499,student0499@student.hitech.lk,ACTIVE,STUDENT,1,SE-JAVA-101,ACTIVE,Software Engineering,COMPLETED,OPEN,40000.0,3,WEEKS,2,155,15,2,2,10,1,25.0,15,10,1,14,11,12,4,7,1,4,1,1,1,37.68,37.68,37.68,0,1,0,2,32.98,PENDING,0,1,0.0,1,2,0,1,0,1,1,0,0,0,72,Low
587,student0587@student.hitech.lk,ACTIVE,STUDENT,7,BM-COMM-110,ACTIVE,Cloud Computing,COMPLETED,OPEN,35000.0,3,WEEKS,1,172,13,10,0,3,0,76.92,13,3,3,7,9,11,3,5,3,1,1,1,1,60.95,60.95,60.95,1,0,0,0,57.4,SUCCESS,1,0,35000.0,1,0,0,0,0,0,0,2,1,1,14,Average
656,student0656@student.hitech.lk,ACTIVE,STUDENT,1,SE-JAVA-101,ACTIVE,Software Engineering,ACTIVE,OPEN,40000.0,3,WEEKS,2,95,11,4,3,4,0,50.0,15,10,1,14,11,12,4,7,1,4,3,3,3,68.98,75.35,60.5,3,0,0,1,72.8,FAILED,0,1,0.0,1,2,0,0,1,0,1,1,0,1,3,Average
480,student0480@student.hitech.lk,ACTIVE,STUDENT,4,DS-PY-101,ACTIVE,Business Management,COMPLETED,OPEN,50000.0,4,MONTHS,2,211,28,11,3,12,2,50.0,28,5,0,29,4,7,3,2,2,3,2,1,1,63.37,63.37,63.37,1,0,0,2,59.16,SUCCESS,1,0,50000.0,1,1,0,0,0,0,1,0,0,0,17,Medium
745,student0745@student.hitech.lk,ACTIVE,STUDENT,6,CY-SEC-110,ACTIVE,Information Technology,COMPLETED,OPEN,50000.0,16,WEEKS,1,247,20,12,3,4,1,71.25,20,9,0,15,14,17,4,8,5,5,4,4,4,89.92,97.33,84.43,4,0,0,0,92.13,SUCCESS,1,0,50000.0,1,0,0,0,0,0,0,1,1,0,5,Good
113,student0113@student.hitech.lk,ACTIVE,STUDENT,3,SE-DB-130,ACTIVE,Cybersecurity,COMPLETED,OPEN,50000.0,4,MONTHS,1,194,23,14,3,5,1,70.65,26,8,2,32,2,9,3,4,2,4,3,3,3,60.1,63.88,55.19,3,0,0,1,57.02,SUCCESS,1,0,50000.0,1,1,0,0,0,0,1,3,1,2,12,Average
369,student0369@student.hitech.lk,INACTIVE,STUDENT,4,DS-PY-101,ACTIVE,Business Management,ACTIVE,OPEN,50000.0,4,MONTHS,2,37,6,0,2,4,0,16.67,28,5,0,29,4,7,3,2,2,3,2,2,2,34.95,36.26,33.65,0,2,0,2,35.22,SUCCESS,1,0,50000.0,2,1,0,1,0,0,1,3,1,2,54,Medium
125,student0125@student.hitech.lk,ACTIVE,STUDENT,2,SE-WEB-120,DRAFT,Data Science,ACTIVE,ADMIN_ONLY,25000.0,16,WEEKS,3,23,3,0,2,1,0,33.33,28,10,0,16,22,9,5,4,0,1,1,0,0,0.0,0.0,0.0,0,0,0,0,0.0,SUCCESS,1,1,25000.0,1,0,0,0,0,0,0,3,3,0,3,Good
575,student0575@student.hitech.lk,ACTIVE,STUDENT,12,GD-UIUX-101,ACTIVE,Business Management,ACTIVE,ADMIN_ONLY,45000.0,8,WEEKS,1,78,8,7,0,1,0,87.5,12,2,0,6,8,14,4,5,5,3,3,2,2,90.88,96.6,85.17,2,0,0,0,86.46,SUCCESS,1,0,45000.0,1,0,0,0,0,0,0,1,1,0,7,Good
399,student0399@student.hitech.lk,ACTIVE,STUDENT,7,BM-COMM-110,ACTIVE,Cloud Computing,ACTIVE,OPEN,35000.0,3,WEEKS,1,66,8,4,0,4,0,50.0,13,3,3,7,9,11,3,5,3,1,0,0,0,0.0,0.0,0.0,0,0,0,0,0.0,PENDING,0,0,0.0,1,0,0,0,0,0,0,3,3,0,14,Medium
580,student0580@student.hitech.lk,ACTIVE,STUDENT,4,DS-PY-101,ACTIVE,Business Management,COMPLETED,OPEN,50000.0,4,MONTHS,2,93,16,9,0,7,0,56.25,28,5,0,29,4,7,3,2,2,3,2,2,2,60.42,65.34,55.49,2,0,0,4,61.49,SUCCESS,1,0,50000.0,1,3,1,1,1,1,1,1,1,0,10,Average
678,student0678@student.hitech.lk,INACTIVE,STUDENT,2,SE-WEB-120,DRAFT,Data Science,ACTIVE,ADMIN_ONLY,25000.0,16,WEEKS,3,60,2,1,0,1,0,50.0,28,10,0,16,22,9,5,4,0,1,1,0,0,0.0,0.0,0.0,0,0,0,1,0.0,SUCCESS,1,0,25000.0,1,0,0,0,0,0,0,0,0,0,34,Average
799,student0799@student.hitech.lk,ACTIVE,STUDENT,5,DS-ML-210,ACTIVE,Digital Marketing,ACTIVE,OPEN,45000.0,10,WEEKS,2,143,8,7,0,1,0,87.5,8,9,1,16,1,5,2,3,0,5,3,3,3,58.36,70.59,50.9,3,0,0,0,59.52,SUCCESS,1,0,45000.0,2,1,1,0,1,0,0,1,0,1,17,Average
635,student0635@student.hitech.lk,ACTIVE,STUDENT,8,BM-MGMT-201,ACTIVE,Graphic Design,REMOVED,ADMIN_ONLY,50000.0,3,WEEKS,2,105,7,0,3,4,0,21.43,7,6,0,10,3,13,7,5,1,1,0,0,0,0.0,0.0,0.0,0,0,0,0,0.0,SUCCESS,2,0,50000.0,1,4,2,1,3,0,1,1,0,1,86,Low
471,student0471@student.hitech.lk,ACTIVE,STUDENT,7,BM-COMM-110,ACTIVE,Cloud Computing,ACTIVE,OPEN,35000.0,3,WEEKS,1,97,13,8,2,3,0,69.23,13,3,3,7,9,11,3,5,3,1,1,1,1,78.23,78.23,78.23,1,0,0,0,82.78,SUCCESS,1,0,35000.0,1,0,0,0,0,0,0,1,1,0,9,Average
59,student0059@student.hitech.lk,ACTIVE,STUDENT,8,BM-MGMT-201,ACTIVE,Graphic Design,ACTIVE,ADMIN_ONLY,50000.0,3,WEEKS,2,114,7,6,1,0,0,92.86,7,6,0,10,3,13,7,5,1,1,1,0,0,0.0,0.0,0.0,0,0,0,1,0.0,SUCCESS,1,0,50000.0,1,0,0,0,0,0,0,0,0,0,3,Good
368,student0368@student.hitech.lk,ACTIVE,STUDENT,10,IT-NET-100,ARCHIVED,Data Science,COMPLETED,OPEN,35000.0,8,WEEKS,1,179,25,10,3,12,0,46.0,26,8,0,16,18,14,5,7,2,1,1,1,1,65.84,65.84,65.84,1,0,0,0,62.5,SUCCESS,1,1,35000.0,1,2,1,0,2,0,0,1,1,0,37,Medium
534,student0534@student.hitech.lk,ACTIVE,STUDENT,9,DM-SEO-101,ARCHIVED,Software Engineering,ACTIVE,OPEN,30000.0,12,WEEKS,2,58,9,5,2,1,1,75.0,13,2,0,5,10,13,4,6,3,5,5,5,5,72.08,75.33,66.65,5,0,0,0,66.28,SUCCESS,1,0,30000.0,1,0,0,0,0,0,0,2,2,0,0,Good
66,student0066@student.hitech.lk,ACTIVE,STUDENT,9,DM-SEO-101,ARCHIVED,Software Engineering,ACTIVE,OPEN,30000.0,12,WEEKS,2,21,3,0,2,0,1,58.33,13,2,0,5,10,13,4,6,3,5,5,5,5,53.73,69.54,39.32,3,2,0,1,55.41,SUCCESS,1,0,30000.0,1,0,0,0,0,0,0,1,0,1,12,Average
620,student0620@student.hitech.lk,ACTIVE,STUDENT,10,IT-NET-100,ARCHIVED,Data Science,ACTIVE,OPEN,35000.0,8,WEEKS,1,131,19,15,1,3,0,81.58,26,8,0,16,18,14,5,7,2,1,1,1,1,93.09,93.09,93.09,1,0,0,0,95.28,SUCCESS,1,0,35000.0,2,0,0,0,0,0,0,0,0,0,2,Good
69,student0069@student.hitech.lk,ACTIVE,STUDENT,6,CY-SEC-110,ACTIVE,Information Technology,ACTIVE,OPEN,50000.0,16,WEEKS,1,77,12,7,1,3,1,68.75,20,9,0,15,14,17,4,8,5,5,2,2,1,36.71,36.71,36.71,0,1,1,1,35.17,SUCCESS,1,0,50000.0,1,0,0,0,0,0,0,1,0,1,17,Medium
503,student0503@student.hitech.lk,ACTIVE,STUDENT,3,SE-DB-130,ACTIVE,Cybersecurity,COMPLETED,OPEN,50000.0,4,MONTHS,1,120,15,12,1,2,0,83.33,26,8,2,32,2,9,3,4,2,4,3,3,3,88.28,92.13,81.47,3,0,0,0,94.43,SUCCESS,1,0,50000.0,2,0,0,0,0,0,0,1,1,0,6,Good
771,student0771@student.hitech.lk,INACTIVE,STUDENT,9,DM-SEO-101,ARCHIVED,Software Engineering,COMPLETED,OPEN,30000.0,12,WEEKS,2,174,13,9,0,3,1,75.0,13,2,0,5,10,13,4,6,3,5,5,5,5,63.08,69.03,54.88,5,0,0,0,66.45,SUCCESS,1,0,30000.0,1,2,0,0,1,0,1,1,1,0,34,Average
326,student0326@student.hitech.lk,ACTIVE,STUDENT,2,SE-WEB-120,DRAFT,Data Science,REMOVED,ADMIN_ONLY,25000.0,16,WEEKS,3,123,1,0,1,0,0,50.0,28,10,0,16,22,9,5,4,0,1,1,1,1,51.44,51.44,51.44,1,0,0,0,55.16,SUCCESS,2,2,25000.0,1,3,1,1,1,0,2,1,0,1,40,Medium
787,student0787@student.hitech.lk,ACTIVE,STUDENT,9,DM-SEO-101,ARCHIVED,Software Engineering,ACTIVE,OPEN,30000.0,12,WEEKS,2,201,13,8,1,3,1,71.15,13,2,0,5,10,13,4,6,3,5,1,1,1,45.41,45.41,45.41,0,1,0,1,38.99,SUCCESS,1,0,30000.0,1,0,0,0,0,0,0,0,0,0,10,Medium
180,student0180@student.hitech.lk,ACTIVE,STUDENT,12,GD-UIUX-101,ACTIVE,Business Management,ACTIVE,ADMIN_ONLY,45000.0,8,WEEKS,1,38,7,6,0,0,1,96.43,12,2,0,6,8,14,4,5,5,3,3,2,2,88.77,89.82,87.73,2,0,0,0,90.48,PENDING,0,0,0.0,1,0,0,0,0,0,0,2,2,0,4,Good
147,student0147@student.hitech.lk,ACTIVE,STUDENT,6,CY-SEC-110,ACTIVE,Information Technology,ACTIVE,OPEN,50000.0,16,WEEKS,1,168,18,13,1,4,0,75.0,20,9,0,15,14,17,4,8,5,5,3,3,3,67.0,67.95,66.0,3,0,0,1,68.9,SUCCESS,1,0,50000.0,1,0,0,0,0,0,0,2,2,0,6,Average
307,student0307@student.hitech.lk,ACTIVE,STUDENT,7,BM-COMM-110,ACTIVE,Cloud Computing,REMOVED,OPEN,35000.0,3,WEEKS,1,37,6,0,2,2,2,41.67,13,3,3,7,9,11,3,5,3,1,0,0,0,0.0,0.0,0.0,0,0,0,0,0.0,FAILED,0,3,0.0,0,2,1,1,2,0,0,1,0,1,74,Low
632,student0632@student.hitech.lk,ACTIVE,STUDENT,8,BM-MGMT-201,ACTIVE,Graphic Design,ACTIVE,ADMIN_ONLY,50000.0,3,WEEKS,2,53,6,3,1,2,0,58.33,7,6,0,10,3,13,7,5,1,1,1,1,0,0.0,0.0,0.0,0,0,1,1,0.0,SUCCESS,1,0,50000.0,1,1,0,0,0,1,0,1,0,1,14,Average
552,student0552@student.hitech.lk,INACTIVE,STUDENT,10,IT-NET-100,ARCHIVED,Data Science,ACTIVE,OPEN,35000.0,8,WEEKS,1,84,12,7,1,4,0,62.5,26,8,0,16,18,14,5,7,2,1,1,1,1,58.73,58.73,58.73,1,0,0,4,61.66,SUCCESS,1,2,35000.0,1,0,0,0,0,0,0,1,1,0,69,Medium
69,student0069@student.hitech.lk,ACTIVE,STUDENT,4,DS-PY-101,ACTIVE,Business Management,COMPLETED,OPEN,50000.0,4,MONTHS,2,294,28,14,2,11,1,56.25,28,5,0,29,4,7,3,2,2,3,2,2,2,60.84,62.73,58.95,2,0,0,2,59.75,PENDING,0,0,0.0,1,3,1,0,2,1,0,0,0,0,18,Medium
254,student0254@student.hitech.lk,ACTIVE,STUDENT,7,BM-COMM-110,ACTIVE,Cloud Computing,ACTIVE,OPEN,35000.0,3,WEEKS,1,68,9,3,2,4,0,44.44,13,3,3,7,9,11,3,5,3,1,0,0,0,0.0,0.0,0.0,0,0,0,0,0.0,SUCCESS,1,0,35000.0,1,1,0,0,1,0,0,2,1,1,16,Medium
850,student0850@student.hitech.lk,ACTIVE,STUDENT,10,IT-NET-100,ARCHIVED,Data Science,ACTIVE,OPEN,35000.0,8,WEEKS,1,50,5,1,3,0,1,65.0,26,8,0,16,18,14,5,7,2,1,0,0,0,0.0,0.0,0.0,0,0,0,0,0.0,SUCCESS,1,0,35000.0,1,0,0,0,0,0,0,0,0,0,38,Medium
447,student0447@student.hitech.lk,ACTIVE,STUDENT,3,SE-DB-130,ACTIVE,Cybersecurity,ACTIVE,OPEN,50000.0,4,MONTHS,1,165,26,22,1,3,0,86.54,26,8,2,32,2,9,3,4,2,4,4,4,3,85.31,92.26,81.66,3,0,1,1,86.07,SUCCESS,1,0,50000.0,1,0,0,0,0,0,0,1,1,0,0,Good
382,student0382@student.hitech.lk,PENDING_VERIFICATION,STUDENT,4,DS-PY-101,ACTIVE,Business Management,COMPLETED,OPEN,50000.0,4,MONTHS,2,92,13,8,2,2,1,75.0,28,5,0,29,4,7,3,2,2,3,2,2,2,62.04,72.32,51.76,2,0,0,1,63.08,SUCCESS,1,0,50000.0,1,1,0,1,1,0,0,0,0,0,25,Medium
626,student0626@student.hitech.lk,ACTIVE,STUDENT,9,DM-SEO-101,ARCHIVED,Software Engineering,REMOVED,OPEN,30000.0,12,WEEKS,2,6,0,0,0,0,0,0.0,13,2,0,5,10,13,4,6,3,5,0,0,0,0.0,0.0,0.0,0,0,0,0,0.0,SUCCESS,1,0,30000.0,2,1,1,1,0,0,1,0,0,0,67,Low
217,student0217@student.hitech.lk,ACTIVE,STUDENT,4,DS-PY-101,ACTIVE,Business Management,ACTIVE,OPEN,50000.0,4,MONTHS,2,38,4,1,1,2,0,37.5,28,5,0,29,4,7,3,2,2,3,1,1,1,25.61,25.61,25.61,0,1,0,1,27.17,SUCCESS,1,0,50000.0,1,2,2,0,2,0,0,0,0,0,30,Low
197,student0197@student.hitech.lk,ACTIVE,STUDENT,9,DM-SEO-101,ARCHIVED,Software Engineering,COMPLETED,OPEN,30000.0,12,WEEKS,2,145,13,12,1,0,0,96.15,13,2,0,5,10,13,4,6,3,5,5,5,5,76.99,96.86,65.52,5,0,0,0,77.7,SUCCESS,2,0,30000.0,2,0,0,0,0,0,0,4,4,0,5,Good
144,student0144@student.hitech.lk,PENDING_VERIFICATION,STUDENT,3,SE-DB-130,ACTIVE,Cybersecurity,ACTIVE,OPEN,50000.0,4,MONTHS,1,90,13,10,0,3,0,76.92,26,8,2,32,2,9,3,4,2,4,4,4,4,65.07,73.86,53.39,4,0,0,0,62.81,SUCCESS,1,1,50000.0,1,0,0,0,0,0,0,1,0,1,16,Good
42,student0042@student.hitech.lk,ACTIVE,STUDENT,7,BM-COMM-110,ACTIVE,Cloud Computing,COMPLETED,OPEN,35000.0,3,WEEKS,1,138,13,8,2,3,0,69.23,13,3,3,7,9,11,3,5,3,1,1,1,1,91.69,91.69,91.69,1,0,0,0,92.39,SUCCESS,1,0,35000.0,2,0,0,0,0,0,0,0,0,0,0,Good
301,student0301@student.hitech.lk,ACTIVE,STUDENT,11,CC-AWS-101,ACTIVE,Cybersecurity,ACTIVE,ADMIN_ONLY,40000.0,12,WEEKS,1,292,4,3,0,1,0,75.0,4,14,0,4,14,7,2,3,2,4,4,4,4,73.0,80.52,63.33,4,0,0,0,79.96,PENDING,0,0,0.0,1,0,0,0,0,0,0,0,0,0,12,Average
576,student0576@student.hitech.lk,ACTIVE,STUDENT,7,BM-COMM-110,ACTIVE,Cloud Computing,COMPLETED,OPEN,35000.0,3,WEEKS,1,216,13,12,0,1,0,92.31,13,3,3,7,9,11,3,5,3,1,1,1,1,86.02,86.02,86.02,1,0,0,2,82.45,SUCCESS,1,1,35000.0,1,0,0,0,0,0,0,1,1,0,1,Good
340,student0340@student.hitech.lk,ACTIVE,STUDENT,9,DM-SEO-101,ARCHIVED,Software Engineering,COMPLETED,OPEN,30000.0,12,WEEKS,2,65,8,4,1,3,0,56.25,13,2,0,5,10,13,4,6,3,5,2,2,2,52.65,52.84,52.46,2,0,0,1,60.17,SUCCESS,1,0,30000.0,1,2,1,0,2,0,0,0,0,0,37,Medium
130,student0130@student.hitech.lk,ACTIVE,STUDENT,9,DM-SEO-101,ARCHIVED,Software Engineering,ACTIVE,OPEN,30000.0,12,WEEKS,2,121,13,5,1,7,0,42.31,13,2,0,5,10,13,4,6,3,5,3,3,3,55.03,56.98,52.16,3,0,0,0,56.48,PENDING,0,0,0.0,1,2,0,0,1,1,0,0,0,0,15,Medium
391,student0391@student.hitech.lk,PENDING_VERIFICATION,STUDENT,8,BM-MGMT-201,ACTIVE,Graphic Design,ACTIVE,ADMIN_ONLY,50000.0,3,WEEKS,2,96,7,0,2,5,0,14.29,7,6,0,10,3,13,7,5,1,1,0,0,0,0.0,0.0,0.0,0,0,0,0,0.0,SUCCESS,1,0,50000.0,1,1,0,0,1,0,0,2,0,2,40,Medium
358,student0358@student.hitech.lk,ACTIVE,STUDENT,8,BM-MGMT-201,ACTIVE,Graphic Design,ACTIVE,ADMIN_ONLY,50000.0,3,WEEKS,2,52,6,6,0,0,0,100.0,7,6,0,10,3,13,7,5,1,1,1,1,1,69.95,69.95,69.95,1,0,0,1,68.2,PENDING,0,0,0.0,1,0,0,0,0,0,0,1,1,0,14,Average
570,student0570@student.hitech.lk,ACTIVE,STUDENT,2,SE-WEB-120,DRAFT,Data Science,ACTIVE,ADMIN_ONLY,25000.0,16,WEEKS,3,195,2,0,1,1,0,25.0,28,10,0,16,22,9,5,4,0,1,0,0,0,0.0,0.0,0.0,0,0,0,0,0.0,SUCCESS,1,1,25000.0,1,1,0,0,0,1,0,0,0,0,38,Medium
528,student0528@student.hitech.lk,ACTIVE,STUDENT,12,GD-UIUX-101,ACTIVE,Business Management,COMPLETED,ADMIN_ONLY,45000.0,8,WEEKS,1,177,12,9,0,3,0,75.0,12,2,0,6,8,14,4,5,5,3,2,2,2,65.58,69.92,61.25,2,0,0,2,68.97,FAILED,0,1,0.0,1,1,0,0,0,1,0,1,1,0,10,Average
354,student0354@student.hitech.lk,ACTIVE,STUDENT,4,DS-PY-101,ACTIVE,Business Management,ACTIVE,OPEN,50000.0,4,MONTHS,2,48,8,3,1,4,0,43.75,28,5,0,29,4,7,3,2,2,3,2,2,2,52.21,57.89,46.52,1,1,0,0,53.44,SUCCESS,2,0,50000.0,1,0,0,0,0,0,0,1,1,0,21,Medium
240,student0240@student.hitech.lk,PENDING_VERIFICATION,STUDENT,8,BM-MGMT-201,ACTIVE,Graphic Design,ACTIVE,ADMIN_ONLY,50000.0,3,WEEKS,2,77,7,3,2,1,1,67.86,7,6,0,10,3,13,7,5,1,1,1,0,0,0.0,0.0,0.0,0,0,0,2,0.0,SUCCESS,3,0,50000.0,1,0,0,0,0,0,0,1,1,0,11,Average
828,student0828@student.hitech.lk,ACTIVE,STUDENT,3,SE-DB-130,ACTIVE,Cybersecurity,COMPLETED,OPEN,50000.0,4,MONTHS,1,65,7,1,2,3,1,39.29,26,8,2,32,2,9,3,4,2,4,2,2,2,54.12,55.96,52.28,2,0,0,1,58.59,SUCCESS,2,0,50000.0,1,1,1,0,0,1,0,3,3,0,20,Medium
230,student0230@student.hitech.lk,ACTIVE,STUDENT,9,DM-SEO-101,ARCHIVED,Software Engineering,ACTIVE,OPEN,30000.0,12,WEEKS,2,119,13,12,0,0,1,98.08,13,2,0,5,10,13,4,6,3,5,5,5,5,91.31,98.17,76.35,5,0,0,0,79.4,SUCCESS,1,0,30000.0,1,0,0,0,0,0,0,0,0,0,7,Good
419,student0419@student.hitech.lk,ACTIVE,STUDENT,6,CY-SEC-110,ACTIVE,Information Technology,ACTIVE,OPEN,50000.0,16,WEEKS,1,106,15,6,2,6,1,51.67,20,9,0,15,14,17,4,8,5,5,3,3,3,67.94,72.43,61.6,3,0,0,0,67.59,PENDING,0,0,0.0,1,1,1,1,1,0,0,1,0,1,38,Medium
289,student0289@student.hitech.lk,ACTIVE,STUDENT,9,DM-SEO-101,ARCHIVED,Software Engineering,ACTIVE,OPEN,30000.0,12,WEEKS,2,77,11,7,1,3,0,68.18,13,2,0,5,10,13,4,6,3,5,2,2,2,35.23,36.67,33.78,0,2,0,1,31.8,SUCCESS,1,0,30000.0,1,0,0,0,0,0,0,0,0,0,19,Medium
383,student0383@student.hitech.lk,ACTIVE,STUDENT,4,DS-PY-101,ACTIVE,Business Management,ACTIVE,OPEN,50000.0,4,MONTHS,2,57,7,3,2,2,0,57.14,28,5,0,29,4,7,3,2,2,3,2,2,2,73.46,83.03,63.88,2,0,0,0,76.91,SUCCESS,1,0,50000.0,1,0,0,0,0,0,0,1,1,0,15,Average
276,student0276@student.hitech.lk,ACTIVE,STUDENT,7,BM-COMM-110,ACTIVE,Cloud Computing,ACTIVE,OPEN,35000.0,3,WEEKS,1,43,5,3,0,2,0,60.0,13,3,3,7,9,11,3,5,3,1,1,1,1,34.35,34.35,34.35,0,1,0,0,38.86,SUCCESS,1,0,35000.0,1,0,0,0,0,0,0,1,0,1,28,Medium
566,student0566@student.hitech.lk,ACTIVE,STUDENT,1,SE-JAVA-101,ACTIVE,Software Engineering,COMPLETED,OPEN,40000.0,3,WEEKS,2,142,15,10,2,3,0,73.33,15,10,1,14,11,12,4,7,1,4,2,2,2,62.2,65.06,59.34,2,0,0,1,63.64,SUCCESS,1,0,40000.0,1,1,1,1,1,0,0,0,0,0,6,Average
740,student0740@student.hitech.lk,ACTIVE,STUDENT,12,GD-UIUX-101,ACTIVE,Business Management,ACTIVE,ADMIN_ONLY,45000.0,8,WEEKS,1,124,12,2,2,7,1,31.25,12,2,0,6,8,14,4,5,5,3,1,1,1,43.89,43.89,43.89,0,1,0,2,44.52,FAILED,0,1,0.0,0,2,2,1,2,0,0,0,0,0,52,Low
140,student0140@student.hitech.lk,ACTIVE,STUDENT,10,IT-NET-100,ARCHIVED,Data Science,REMOVED,OPEN,35000.0,8,WEEKS,1,50,9,2,3,4,0,38.89,26,8,0,16,18,14,5,7,2,1,0,0,0,0.0,0.0,0.0,0,0,0,0,0.0,SUCCESS,1,0,35000.0,1,1,0,0,0,1,0,0,0,0,29,Low
693,student0693@student.hitech.lk,ACTIVE,STUDENT,12,GD-UIUX-101,ACTIVE,Business Management,COMPLETED,ADMIN_ONLY,45000.0,8,WEEKS,1,97,12,11,1,0,0,95.83,12,2,0,6,8,14,4,5,5,3,2,1,1,86.34,86.34,86.34,1,0,0,0,87.64,SUCCESS,1,0,45000.0,1,0,0,0,0,0,0,1,0,1,7,Good
722,student0722@student.hitech.lk,ACTIVE,STUDENT,1,SE-JAVA-101,ACTIVE,Software Engineering,ACTIVE,OPEN,40000.0,3,WEEKS,2,138,15,4,2,8,1,38.33,15,10,1,14,11,12,4,7,1,4,1,1,1,24.79,24.79,24.79,0,1,0,2,26.15,SUCCESS,1,1,40000.0,1,1,1,0,0,1,0,0,0,0,59,Low
664,student0664@student.hitech.lk,ACTIVE,STUDENT,3,SE-DB-130,ACTIVE,Cybersecurity,COMPLETED,OPEN,50000.0,4,MONTHS,1,178,26,18,0,7,1,72.12,26,8,2,32,2,9,3,4,2,4,3,3,3,66.26,71.2,63.43,3,0,0,1,68.44,FAILED,0,3,0.0,1,1,0,0,0,1,0,0,0,0,34,Medium
329,student0329@student.hitech.lk,INACTIVE,STUDENT,8,BM-MGMT-201,ACTIVE,Graphic Design,ACTIVE,ADMIN_ONLY,50000.0,3,WEEKS,2,17,2,2,0,0,0,100.0,7,6,0,10,3,13,7,5,1,1,1,0,0,0.0,0.0,0.0,0,0,0,0,0.0,PENDING,0,0,0.0,1,0,0,0,0,0,0,0,0,0,21,Average
744,student0744@student.hitech.lk,ACTIVE,STUDENT,11,CC-AWS-101,ACTIVE,Cybersecurity,ACTIVE,ADMIN_ONLY,40000.0,12,WEEKS,1,126,4,1,1,2,0,37.5,4,14,0,4,14,7,2,3,2,4,2,2,2,53.46,56.99,49.93,1,1,0,1,54.5,SUCCESS,1,0,40000.0,1,0,0,0,0,0,0,1,0,1,28,Medium
594,student0594@student.hitech.lk,ACTIVE,STUDENT,3,SE-DB-130,ACTIVE,Cybersecurity,ACTIVE,OPEN,50000.0,4,MONTHS,1,77,10,6,1,3,0,65.0,26,8,2,32,2,9,3,4,2,4,4,4,4,89.97,95.04,82.23,4,0,0,1,94.71,SUCCESS,1,1,50000.0,2,1,1,0,0,1,0,0,0,0,5,Good
750,student0750@student.hitech.lk,ACTIVE,STUDENT,2,SE-WEB-120,DRAFT,Data Science,COMPLETED,ADMIN_ONLY,25000.0,16,WEEKS,3,125,0,0,0,0,0,0.0,28,10,0,16,22,9,5,4,0,1,1,1,1,68.98,68.98,68.98,1,0,0,0,69.85,PENDING,0,1,0.0,1,0,0,0,0,0,0,3,2,1,5,Average
790,student0790@student.hitech.lk,ACTIVE,STUDENT,5,DS-ML-210,ACTIVE,Digital Marketing,COMPLETED,OPEN,45000.0,10,WEEKS,2,131,8,6,1,1,0,81.25,8,9,1,16,1,5,2,3,0,5,5,5,5,92.3,97.78,76.7,5,0,0,0,93.8,SUCCESS,1,0,45000.0,1,0,0,0,0,0,0,1,1,0,3,Good
406,student0406@student.hitech.lk,ACTIVE,STUDENT,6,CY-SEC-110,ACTIVE,Information Technology,ACTIVE,OPEN,50000.0,16,WEEKS,1,33,4,0,3,1,0,37.5,20,9,0,15,14,17,4,8,5,5,4,4,4,70.69,76.79,64.46,4,0,0,1,74.29,SUCCESS,3,0,50000.0,1,1,0,0,0,0,1,1,1,0,3,Average
152,student0152@student.hitech.lk,ACTIVE,STUDENT,10,IT-NET-100,ARCHIVED,Data Science,ACTIVE,OPEN,35000.0,8,WEEKS,1,59,7,4,1,2,0,64.29,26,8,0,16,18,14,5,7,2,1,1,1,1,73.9,73.9,73.9,1,0,0,2,75.76,SUCCESS,1,0,35000.0,1,0,0,0,0,0,0,1,1,0,17,Average
736,student0736@student.hitech.lk,ACTIVE,STUDENT,10,IT-NET-100,ARCHIVED,Data Science,ACTIVE,OPEN,35000.0,8,WEEKS,1,100,12,8,0,4,0,66.67,26,8,0,16,18,14,5,7,2,1,1,1,1,56.54,56.54,56.54,1,0,0,1,60.27,SUCCESS,1,0,35000.0,1,1,1,0,0,0,1,3,3,0,34,Medium
636,student0636@student.hitech.lk,ACTIVE,STUDENT,10,IT-NET-100,ARCHIVED,Data Science,ACTIVE,OPEN,35000.0,8,WEEKS,1,131,22,16,1,4,1,78.41,26,8,0,16,18,14,5,7,2,1,1,1,1,61.25,61.25,61.25,1,0,0,0,61.87,SUCCESS,1,0,35000.0,1,1,0,0,0,0,1,0,0,0,6,Average
422,student0422@student.hitech.lk,PENDING_VERIFICATION,STUDENT,4,DS-PY-101,ACTIVE,Business Management,REMOVED,OPEN,50000.0,4,MONTHS,2,12,1,0,0,0,1,75.0,28,5,0,29,4,7,3,2,2,3,0,0,0,0.0,0.0,0.0,0,0,0,0,0.0,PENDING,0,1,0.0,1,0,0,0,0,0,0,0,0,0,51,Low
419,student0419@student.hitech.lk,ACTIVE,STUDENT,11,CC-AWS-101,ACTIVE,Cybersecurity,ACTIVE,ADMIN_ONLY,40000.0,12,WEEKS,1,81,4,3,0,1,0,75.0,4,14,0,4,14,7,2,3,2,4,3,3,3,75.0,85.28,64.76,3,0,0,2,70.64,SUCCESS,1,1,40000.0,1,1,0,0,0,1,0,0,0,0,15,Average
182,student0182@student.hitech.lk,PENDING_VERIFICATION,STUDENT,8,BM-MGMT-201,ACTIVE,Graphic Design,ACTIVE,ADMIN_ONLY,50000.0,3,WEEKS,2,97,7,4,0,3,0,57.14,7,6,0,10,3,13,7,5,1,1,1,1,0,0.0,0.0,0.0,0,0,1,0,0.0,SUCCESS,1,0,50000.0,1,0,0,0,0,0,0,1,1,0,21,Average
18,student0018@student.hitech.lk,ACTIVE,STUDENT,4,DS-PY-101,ACTIVE,Business Management,COMPLETED,OPEN,50000.0,4,MONTHS,2,250,28,17,1,9,1,65.18,28,5,0,29,4,7,3,2,2,3,2,2,2,54.58,56.04,53.12,2,0,0,1,60.75,SUCCESS,1,1,50000.0,1,3,0,1,2,1,0,0,0,0,32,Medium
730,student0730@student.hitech.lk,ACTIVE,STUDENT,7,BM-COMM-110,ACTIVE,Cloud Computing,REMOVED,OPEN,35000.0,3,WEEKS,1,99,13,1,3,9,0,19.23,13,3,3,7,9,11,3,5,3,1,0,0,0,0.0,0.0,0.0,0,0,0,0,0.0,PENDING,0,1,0.0,1,2,0,1,1,1,0,1,1,0,45,Low
833,student0833@student.hitech.lk,ACTIVE,STUDENT,8,BM-MGMT-201,ACTIVE,Graphic Design,ACTIVE,ADMIN_ONLY,50000.0,3,WEEKS,2,71,7,0,2,5,0,14.29,7,6,0,10,3,13,7,5,1,1,0,0,0,0.0,0.0,0.0,0,0,0,0,0.0,SUCCESS,1,1,50000.0,2,1,1,0,1,0,0,0,0,0,28,Low
33,student0033@student.hitech.lk,ACTIVE,STUDENT,12,GD-UIUX-101,ACTIVE,Business Management,ACTIVE,ADMIN_ONLY,45000.0,8,WEEKS,1,41,6,6,0,0,0,100.0,12,2,0,6,8,14,4,5,5,3,3,3,3,80.0,81.96,77.01,3,0,0,0,83.37,SUCCESS,1,0,45000.0,1,0,0,0,0,0,0,0,0,0,7,Good
788,student0788@student.hitech.lk,ACTIVE,STUDENT,9,DM-SEO-101,ARCHIVED,Software Engineering,ACTIVE,OPEN,30000.0,12,WEEKS,2,41,5,1,2,1,1,55.0,13,2,0,5,10,13,4,6,3,5,2,2,2,28.25,32.19,24.31,0,2,0,4,33.13,FAILED,0,1,0.0,1,1,0,0,1,0,0,0,0,0,45,Low
707,student0707@student.hitech.lk,ACTIVE,STUDENT,8,BM-MGMT-201,ACTIVE,Graphic Design,ACTIVE,ADMIN_ONLY,50000.0,3,WEEKS,2,78,7,3,1,2,1,60.71,7,6,0,10,3,13,7,5,1,1,0,0,0,0.0,0.0,0.0,0,0,0,0,0.0,SUCCESS,1,0,50000.0,1,0,0,0,0,0,0,0,0,0,22,Medium
159,student0159@student.hitech.lk,PENDING_VERIFICATION,STUDENT,8,BM-MGMT-201,ACTIVE,Graphic Design,ACTIVE,ADMIN_ONLY,50000.0,3,WEEKS,2,48,7,5,1,1,0,78.57,7,6,0,10,3,13,7,5,1,1,1,1,1,75.36,75.36,75.36,1,0,0,1,72.32,SUCCESS,1,1,50000.0,1,0,0,0,0,0,0,2,2,0,7,Good
256,student0256@student.hitech.lk,ACTIVE,STUDENT,1,SE-JAVA-101,ACTIVE,Software Engineering,COMPLETED,OPEN,40000.0,3,WEEKS,2,189,15,13,0,2,0,86.67,15,10,1,14,11,12,4,7,1,4,3,3,3,56.53,71.42,48.84,1,2,0,1,59.7,SUCCESS,1,0,40000.0,1,0,0,0,0,0,0,1,1,0,16,Average
53,student0053@student.hitech.lk,ACTIVE,STUDENT,3,SE-DB-130,ACTIVE,Cybersecurity,COMPLETED,OPEN,50000.0,4,MONTHS,1,146,17,14,0,3,0,82.35,26,8,2,32,2,9,3,4,2,4,4,4,4,78.31,82.35,72.57,4,0,0,0,75.52,SUCCESS,1,0,50000.0,1,0,0,0,0,0,0,0,0,0,1,Good
430,student0430@student.hitech.lk,PENDING_VERIFICATION,STUDENT,10,IT-NET-100,ARCHIVED,Data Science,COMPLETED,OPEN,35000.0,8,WEEKS,1,135,15,9,1,4,1,68.33,26,8,0,16,18,14,5,7,2,1,1,1,1,69.01,69.01,69.01,1,0,0,0,76.72,FAILED,0,1,0.0,1,0,0,0,0,0,0,3,3,0,18,Average
275,student0275@student.hitech.lk,ACTIVE,STUDENT,3,SE-DB-130,ACTIVE,Cybersecurity,COMPLETED,OPEN,50000.0,4,MONTHS,1,233,26,9,3,14,0,40.38,26,8,2,32,2,9,3,4,2,4,2,2,2,54.27,60.86,47.69,1,1,0,3,56.89,PENDING,0,0,0.0,1,3,0,0,0,1,2,1,1,0,10,Medium
374,student0374@student.hitech.lk,ACTIVE,STUDENT,12,GD-UIUX-101,ACTIVE,Business Management,ACTIVE,ADMIN_ONLY,45000.0,8,WEEKS,1,54,7,5,1,1,0,78.57,12,2,0,6,8,14,4,5,5,3,2,2,2,69.94,69.97,69.92,2,0,0,0,75.52,SUCCESS,1,1,45000.0,1,0,0,0,0,0,0,1,1,0,14,Average
522,student0522@student.hitech.lk,ACTIVE,STUDENT,6,CY-SEC-110,ACTIVE,Information Technology,ACTIVE,OPEN,50000.0,16,WEEKS,1,150,20,10,3,6,1,61.25,20,9,0,15,14,17,4,8,5,5,2,2,2,51.79,54.67,48.92,1,1,0,0,58.34,SUCCESS,1,0,50000.0,2,2,1,0,1,0,1,4,2,2,30,Medium
360,student0360@student.hitech.lk,ACTIVE,STUDENT,3,SE-DB-130,ACTIVE,Cybersecurity,REMOVED,OPEN,50000.0,4,MONTHS,1,6,0,0,0,0,0,0.0,26,8,2,32,2,9,3,4,2,4,3,3,3,70.19,74.25,66.12,3,0,0,0,66.35,SUCCESS,2,0,50000.0,1,0,0,0,0,0,0,2,2,0,5,Average
832,student0832@student.hitech.lk,PENDING_VERIFICATION,STUDENT,11,CC-AWS-101,ACTIVE,Cybersecurity,ACTIVE,ADMIN_ONLY,40000.0,12,WEEKS,1,42,4,3,1,0,0,87.5,4,14,0,4,14,7,2,3,2,4,4,4,4,89.37,94.23,82.72,4,0,0,1,97.79,SUCCESS,1,0,40000.0,1,0,0,0,0,0,0,0,0,0,16,Good
102,student0102@student.hitech.lk,ACTIVE,STUDENT,9,DM-SEO-101,ARCHIVED,Software Engineering,REMOVED,OPEN,30000.0,12,WEEKS,2,12,1,0,1,0,0,50.0,13,2,0,5,10,13,4,6,3,5,3,3,3,55.05,65.22,45.06,2,1,0,0,52.55,SUCCESS,1,0,30000.0,1,1,0,0,0,1,0,1,0,1,33,Medium
521,student0521@student.hitech.lk,PENDING_VERIFICATION,STUDENT,4,DS-PY-101,ACTIVE,Business Management,ACTIVE,OPEN,50000.0,4,MONTHS,2,130,18,12,0,5,1,70.83,28,5,0,29,4,7,3,2,2,3,2,2,2,42.59,48.49,36.7,0,2,0,1,43.35,SUCCESS,1,0,50000.0,1,0,0,0,0,0,0,2,1,1,46,Medium
358,student0358@student.hitech.lk,ACTIVE,STUDENT,2,SE-WEB-120,DRAFT,Data Science,ACTIVE,ADMIN_ONLY,25000.0,16,WEEKS,3,69,1,0,1,0,0,50.0,28,10,0,16,22,9,5,4,0,1,1,1,1,76.3,76.3,76.3,1,0,0,1,82.81,SUCCESS,2,0,25000.0,1,3,1,0,0,3,0,1,1,0,12,Average
400,student0400@student.hitech.lk,ACTIVE,STUDENT,9,DM-SEO-101,ARCHIVED,Software Engineering,COMPLETED,OPEN,30000.0,12,WEEKS,2,121,13,11,1,0,1,94.23,13,2,0,5,10,13,4,6,3,5,5,5,5,84.53,96.44,67.12,5,0,0,0,79.4,SUCCESS,2,0,30000.0,1,0,0,0,0,0,0,0,0,0,7,Good
51,student0051@student.hitech.lk,ACTIVE,STUDENT,4,DS-PY-101,ACTIVE,Business Management,ACTIVE,OPEN,50000.0,4,MONTHS,2,86,10,7,0,3,0,70.0,28,5,0,29,4,7,3,2,2,3,2,2,2,39.45,44.8,34.1,0,2,0,1,37.47,SUCCESS,2,0,50000.0,1,0,0,0,0,0,0,2,2,0,22,Medium
573,student0573@student.hitech.lk,ACTIVE,STUDENT,5,DS-ML-210,ACTIVE,Digital Marketing,ACTIVE,OPEN,45000.0,10,WEEKS,2,73,8,4,0,4,0,50.0,8,9,1,16,1,5,2,3,0,5,3,3,3,58.03,67.71,40.43,2,1,0,0,55.77,PENDING,0,1,0.0,1,1,0,1,0,1,0,1,1,0,22,Medium
744,student0744@student.hitech.lk,ACTIVE,STUDENT,2,SE-WEB-120,DRAFT,Data Science,ACTIVE,ADMIN_ONLY,25000.0,16,WEEKS,3,63,0,0,0,0,0,0.0,28,10,0,16,22,9,5,4,0,1,1,1,1,95.56,95.56,95.56,1,0,0,0,97.33,PENDING,0,0,0.0,1,0,0,0,0,0,0,0,0,0,5,Good
111,student0111@student.hitech.lk,ACTIVE,STUDENT,5,DS-ML-210,ACTIVE,Digital Marketing,REMOVED,OPEN,45000.0,10,WEEKS,2,5,0,0,0,0,0,0.0,8,9,1,16,1,5,2,3,0,5,1,0,0,0.0,0.0,0.0,0,0,0,2,0.0,FAILED,0,1,0.0,0,1,0,0,1,0,0,1,1,0,34,Low
651,student0651@student.hitech.lk,ACTIVE,STUDENT,7,BM-COMM-110,ACTIVE,Cloud Computing,ACTIVE,OPEN,35000.0,3,WEEKS,1,102,11,6,2,0,3,84.09,13,3,3,7,9,11,3,5,3,1,0,0,0,0.0,0.0,0.0,0,0,0,0,0.0,SUCCESS,2,0,35000.0,1,1,1,0,1,0,0,1,0,1,24,Medium
70,student0070@student.hitech.lk,ACTIVE,STUDENT,1,SE-JAVA-101,ACTIVE,Software Engineering,COMPLETED,OPEN,40000.0,3,WEEKS,2,88,15,7,2,5,1,58.33,15,10,1,14,11,12,4,7,1,4,2,2,2,54.04,55.57,52.5,2,0,0,3,49.17,PENDING,0,0,0.0,1,3,2,0,2,0,1,0,0,0,15,Medium
125,student0125@student.hitech.lk,INACTIVE,STUDENT,11,CC-AWS-101,ACTIVE,Cybersecurity,ACTIVE,ADMIN_ONLY,40000.0,12,WEEKS,1,139,4,3,1,0,0,87.5,4,14,0,4,14,7,2,3,2,4,4,3,3,83.26,87.45,80.69,3,0,0,0,82.45,SUCCESS,1,0,40000.0,1,0,0,0,0,0,0,1,0,1,16,Good
54,student0054@student.hitech.lk,ACTIVE,STUDENT,11,CC-AWS-101,ACTIVE,Cybersecurity,ACTIVE,ADMIN_ONLY,40000.0,12,WEEKS,1,78,4,2,1,1,0,62.5,4,14,0,4,14,7,2,3,2,4,2,2,2,58.77,60.62,56.93,2,0,0,2,53.19,SUCCESS,1,0,40000.0,1,2,0,0,2,0,0,1,0,1,32,Medium
797,student0797@student.hitech.lk,ACTIVE,STUDENT,1,SE-JAVA-101,ACTIVE,Software Engineering,COMPLETED,OPEN,40000.0,3,WEEKS,2,224,15,11,0,3,1,78.33,15,10,1,14,11,12,4,7,1,4,2,2,2,67.12,71.03,63.2,2,0,0,0,66.25,SUCCESS,2,1,40000.0,1,0,0,0,0,0,0,1,0,1,14,Average
251,student0251@student.hitech.lk,ACTIVE,STUDENT,9,DM-SEO-101,ARCHIVED,Software Engineering,ACTIVE,OPEN,30000.0,12,WEEKS,2,130,13,11,0,2,0,84.62,13,2,0,5,10,13,4,6,3,5,4,4,4,64.16,76.22,54.15,4,0,0,0,70.59,FAILED,0,1,0.0,1,0,0,0,0,0,0,1,1,0,15,Average
744,student0744@student.hitech.lk,ACTIVE,STUDENT,8,BM-MGMT-201,ACTIVE,Graphic Design,COMPLETED,ADMIN_ONLY,50000.0,3,WEEKS,2,106,7,2,2,3,0,42.86,7,6,0,10,3,13,7,5,1,1,1,0,0,0.0,0.0,0.0,0,0,0,0,0.0,PENDING,0,0,0.0,1,0,0,0,0,0,0,1,0,1,13,Medium
610,student0610@student.hitech.lk,ACTIVE,STUDENT,5,DS-ML-210,ACTIVE,Digital Marketing,COMPLETED,OPEN,45000.0,10,WEEKS,2,178,8,7,0,1,0,87.5,8,9,1,16,1,5,2,3,0,5,3,3,3,70.8,79.93,58.91,3,0,0,1,75.85,SUCCESS,2,0,45000.0,1,0,0,0,0,0,0,2,2,0,9,Average
390,student0390@student.hitech.lk,PENDING_VERIFICATION,STUDENT,2,SE-WEB-120,DRAFT,Data Science,COMPLETED,ADMIN_ONLY,25000.0,16,WEEKS,3,77,1,0,1,0,0,50.0,28,10,0,16,22,9,5,4,0,1,1,1,1,81.71,81.71,81.71,1,0,0,1,79.49,SUCCESS,1,0,25000.0,1,0,0,0,0,0,0,4,3,1,19,Average
821,student0821@student.hitech.lk,ACTIVE,STUDENT,7,BM-COMM-110,ACTIVE,Cloud Computing,ACTIVE,OPEN,35000.0,3,WEEKS,1,85,9,4,1,4,0,50.0,13,3,3,7,9,11,3,5,3,1,0,0,0,0.0,0.0,0.0,0,0,0,0,0.0,PENDING,0,0,0.0,1,1,1,1,0,0,1,0,0,0,20,Medium
446,student0446@student.hitech.lk,ACTIVE,STUDENT,2,SE-WEB-120,DRAFT,Data Science,ACTIVE,ADMIN_ONLY,25000.0,16,WEEKS,3,41,1,0,1,0,0,50.0,28,10,0,16,22,9,5,4,0,1,0,0,0,0.0,0.0,0.0,0,0,0,0,0.0,SUCCESS,1,1,25000.0,1,4,1,1,2,1,1,0,0,0,13,Medium
459,student0459@student.hitech.lk,ACTIVE,STUDENT,5,DS-ML-210,ACTIVE,Digital Marketing,ACTIVE,OPEN,45000.0,10,WEEKS,2,94,8,7,0,0,1,96.88,8,9,1,16,1,5,2,3,0,5,5,5,5,81.68,94.48,64.87,5,0,0,0,88.7,PENDING,0,0,0.0,1,0,0,0,0,0,0,1,1,0,0,Good
46,student0046@student.hitech.lk,ACTIVE,STUDENT,11,CC-AWS-101,ACTIVE,Cybersecurity,COMPLETED,ADMIN_ONLY,40000.0,12,WEEKS,1,184,4,3,1,0,0,87.5,4,14,0,4,14,7,2,3,2,4,3,2,2,89.29,90.28,88.29,2,0,0,2,87.14,SUCCESS,1,0,40000.0,1,0,0,0,0,0,0,1,1,0,2,Good
512,student0512@student.hitech.lk,ACTIVE,STUDENT,7,BM-COMM-110,ACTIVE,Cloud Computing,ACTIVE,OPEN,35000.0,3,WEEKS,1,100,13,10,1,2,0,80.77,13,3,3,7,9,11,3,5,3,1,1,0,0,0.0,0.0,0.0,0,0,0,1,0.0,SUCCESS,1,0,35000.0,1,1,0,0,0,1,0,4,2,2,6,Average
667,student0667@student.hitech.lk,ACTIVE,STUDENT,10,IT-NET-100,ARCHIVED,Data Science,ACTIVE,OPEN,35000.0,8,WEEKS,1,135,18,11,0,7,0,61.11,26,8,0,16,18,14,5,7,2,1,0,0,0,0.0,0.0,0.0,0,0,0,0,0.0,SUCCESS,1,0,35000.0,1,3,0,1,3,0,0,0,0,0,35,Medium
547,student0547@student.hitech.lk,ACTIVE,STUDENT,1,SE-JAVA-101,ACTIVE,Software Engineering,ACTIVE,OPEN,40000.0,3,WEEKS,2,77,11,4,3,4,0,50.0,15,10,1,14,11,12,4,7,1,4,1,1,1,53.57,53.57,53.57,1,0,0,2,57.65,SUCCESS,1,0,40000.0,1,0,0,0,0,0,0,0,0,0,31,Medium
12,student0012@student.hitech.lk,ACTIVE,STUDENT,12,GD-UIUX-101,ACTIVE,Business Management,ACTIVE,ADMIN_ONLY,45000.0,8,WEEKS,1,6,0,0,0,0,0,0.0,12,2,0,6,8,14,4,5,5,3,2,2,2,97.2,100.0,94.4,2,0,0,0,100.0,SUCCESS,1,0,45000.0,1,0,0,0,0,0,0,0,0,0,7,Good
32,student0032@student.hitech.lk,ACTIVE,STUDENT,12,GD-UIUX-101,ACTIVE,Business Management,ACTIVE,ADMIN_ONLY,45000.0,8,WEEKS,1,47,6,3,3,0,0,75.0,12,2,0,6,8,14,4,5,5,3,3,3,3,88.7,100.0,81.56,3,0,0,0,85.76,SUCCESS,2,1,45000.0,1,1,0,0,0,0,1,1,1,0,0,Good
352,student0352@student.hitech.lk,PENDING_VERIFICATION,STUDENT,4,DS-PY-101,ACTIVE,Business Management,ACTIVE,OPEN,50000.0,4,MONTHS,2,119,14,13,0,1,0,92.86,28,5,0,29,4,7,3,2,2,3,3,3,3,87.55,92.59,78.45,3,0,0,0,91.05,SUCCESS,2,0,50000.0,1,0,0,0,0,0,0,1,1,0,9,Good
695,student0695@student.hitech.lk,ACTIVE,STUDENT,2,SE-WEB-120,DRAFT,Data Science,COMPLETED,ADMIN_ONLY,25000.0,16,WEEKS,3,178,3,2,0,1,0,66.67,28,10,0,16,22,9,5,4,0,1,1,1,1,63.45,63.45,63.45,1,0,0,0,58.09,SUCCESS,1,0,25000.0,2,0,0,0,0,0,0,1,1,0,6,Average
669,student0669@student.hitech.lk,ACTIVE,STUDENT,6,CY-SEC-110,ACTIVE,Information Technology,ACTIVE,OPEN,50000.0,16,WEEKS,1,44,5,3,1,1,0,70.0,20,9,0,15,14,17,4,8,5,5,3,3,3,78.63,88.46,69.08,3,0,0,2,87.03,SUCCESS,1,1,50000.0,1,0,0,0,0,0,0,0,0,0,9,Average
582,student0582@student.hitech.lk,INACTIVE,STUDENT,9,DM-SEO-101,ARCHIVED,Software Engineering,ACTIVE,OPEN,30000.0,12,WEEKS,2,56,7,6,0,1,0,85.71,13,2,0,5,10,13,4,6,3,5,4,4,4,93.92,100.0,87.0,4,0,0,1,95.64,SUCCESS,1,0,30000.0,1,0,0,0,0,0,0,1,1,0,11,Good
195,student0195@student.hitech.lk,ACTIVE,STUDENT,2,SE-WEB-120,DRAFT,Data Science,ACTIVE,ADMIN_ONLY,25000.0,16,WEEKS,3,168,3,1,1,1,0,50.0,28,10,0,16,22,9,5,4,0,1,1,0,0,0.0,0.0,0.0,0,0,0,0,0.0,SUCCESS,1,0,25000.0,2,0,0,0,0,0,0,1,1,0,17,Average
80,student0080@student.hitech.lk,INACTIVE,STUDENT,4,DS-PY-101,ACTIVE,Business Management,ACTIVE,OPEN,50000.0,4,MONTHS,2,137,15,10,0,5,0,66.67,28,5,0,29,4,7,3,2,2,3,2,2,2,60.69,64.26,57.12,2,0,0,0,59.41,SUCCESS,1,0,50000.0,1,1,0,0,0,0,1,2,2,0,23,Average
417,student0417@student.hitech.lk,ACTIVE,STUDENT,10,IT-NET-100,ARCHIVED,Data Science,ACTIVE,OPEN,35000.0,8,WEEKS,1,38,5,3,1,1,0,70.0,26,8,0,16,18,14,5,7,2,1,1,1,1,74.24,74.24,74.24,1,0,0,0,74.33,PENDING,0,1,0.0,1,0,0,0,0,0,0,1,1,0,15,Average
42,student0042@student.hitech.lk,ACTIVE,STUDENT,3,SE-DB-130,ACTIVE,Cybersecurity,ACTIVE,OPEN,50000.0,4,MONTHS,1,123,21,13,3,3,2,76.19,26,8,2,32,2,9,3,4,2,4,2,1,1,54.53,54.53,54.53,1,0,0,2,51.69,SUCCESS,1,2,50000.0,1,0,0,0,0,0,0,1,1,0,28,Medium
715,student0715@student.hitech.lk,ACTIVE,STUDENT,3,SE-DB-130,ACTIVE,Cybersecurity,ACTIVE,OPEN,50000.0,4,MONTHS,1,37,5,3,0,2,0,60.0,26,8,2,32,2,9,3,4,2,4,2,2,2,49.66,50.04,49.28,1,1,0,0,51.38,SUCCESS,1,0,50000.0,1,1,0,0,1,0,0,2,0,2,15,Medium
787,student0787@student.hitech.lk,ACTIVE,STUDENT,10,IT-NET-100,ARCHIVED,Data Science,ACTIVE,OPEN,35000.0,8,WEEKS,1,25,3,1,1,1,0,50.0,26,8,0,16,18,14,5,7,2,1,1,1,1,66.34,66.34,66.34,1,0,0,1,73.76,SUCCESS,1,0,35000.0,2,2,0,0,0,0,2,0,0,0,6,Average
574,student0574@student.hitech.lk,ACTIVE,STUDENT,5,DS-ML-210,ACTIVE,Digital Marketing,ACTIVE,OPEN,45000.0,10,WEEKS,2,76,8,5,1,2,0,68.75,8,9,1,16,1,5,2,3,0,5,3,3,3,72.5,75.21,69.35,3,0,0,2,74.57,SUCCESS,1,0,45000.0,1,0,0,0,0,0,0,1,1,0,13,Average
764,student0764@student.hitech.lk,ACTIVE,STUDENT,4,DS-PY-101,ACTIVE,Business Management,ACTIVE,OPEN,50000.0,4,MONTHS,2,36,4,2,0,2,0,50.0,28,5,0,29,4,7,3,2,2,3,2,1,1,50.83,50.83,50.83,1,0,0,0,54.76,PENDING,0,0,0.0,1,2,2,0,1,0,1,2,2,0,11,Medium
845,student0845@student.hitech.lk,ACTIVE,STUDENT,8,BM-MGMT-201,ACTIVE,Graphic Design,COMPLETED,ADMIN_ONLY,50000.0,3,WEEKS,2,142,7,6,1,0,0,92.86,7,6,0,10,3,13,7,5,1,1,1,1,1,80.56,80.56,80.56,1,0,0,0,89.34,SUCCESS,1,0,50000.0,1,0,0,0,0,0,0,1,1,0,0,Good
430,student0430@student.hitech.lk,ACTIVE,STUDENT,2,SE-WEB-120,DRAFT,Data Science,REMOVED,ADMIN_ONLY,25000.0,16,WEEKS,3,41,1,0,1,0,0,50.0,28,10,0,16,22,9,5,4,0,1,0,0,0,0.0,0.0,0.0,0,0,0,0,0.0,SUCCESS,1,0,25000.0,1,1,1,0,1,0,0,0,0,0,69,Low
4,student0004@student.hitech.lk,ACTIVE,STUDENT,10,IT-NET-100,ARCHIVED,Data Science,ACTIVE,OPEN,35000.0,8,WEEKS,1,153,20,9,3,8,0,52.5,26,8,0,16,18,14,5,7,2,1,1,1,1,72.44,72.44,72.44,1,0,0,0,67.55,SUCCESS,1,0,35000.0,1,0,0,0,0,0,0,0,0,0,8,Average
751,student0751@student.hitech.lk,ACTIVE,STUDENT,8,BM-MGMT-201,ACTIVE,Graphic Design,COMPLETED,ADMIN_ONLY,50000.0,3,WEEKS,2,239,7,4,1,0,2,85.71,7,6,0,10,3,13,7,5,1,1,0,0,0,0.0,0.0,0.0,0,0,0,0,0.0,SUCCESS,1,0,50000.0,1,0,0,0,0,0,0,3,3,0,31,Medium
204,student0204@student.hitech.lk,ACTIVE,STUDENT,3,SE-DB-130,ACTIVE,Cybersecurity,REMOVED,OPEN,50000.0,4,MONTHS,1,13,2,0,1,1,0,25.0,26,8,2,32,2,9,3,4,2,4,1,1,1,33.19,33.19,33.19,0,1,0,2,33.21,SUCCESS,1,0,50000.0,1,2,0,0,1,1,0,1,1,0,58,Low
592,student0592@student.hitech.lk,ACTIVE,STUDENT,8,BM-MGMT-201,ACTIVE,Graphic Design,ACTIVE,ADMIN_ONLY,50000.0,3,WEEKS,2,44,5,0,2,2,1,35.0,7,6,0,10,3,13,7,5,1,1,0,0,0,0.0,0.0,0.0,0,0,0,0,0.0,PENDING,0,0,0.0,1,4,3,0,1,1,2,1,0,1,31,Low
309,student0309@student.hitech.lk,ACTIVE,STUDENT,4,DS-PY-101,ACTIVE,Business Management,ACTIVE,OPEN,50000.0,4,MONTHS,2,47,8,3,3,1,1,65.62,28,5,0,29,4,7,3,2,2,3,1,1,1,64.66,64.66,64.66,1,0,0,0,64.96,SUCCESS,1,0,50000.0,2,1,0,0,0,1,0,2,1,1,40,Medium
467,student0467@student.hitech.lk,ACTIVE,STUDENT,3,SE-DB-130,ACTIVE,Cybersecurity,ACTIVE,OPEN,50000.0,4,MONTHS,1,206,26,15,1,8,2,65.38,26,8,2,32,2,9,3,4,2,4,0,0,0,0.0,0.0,0.0,0,0,0,0,0.0,SUCCESS,2,2,50000.0,1,0,0,0,0,0,0,0,0,0,30,Low
748,student0748@student.hitech.lk,INACTIVE,STUDENT,9,DM-SEO-101,ARCHIVED,Software Engineering,COMPLETED,OPEN,30000.0,12,WEEKS,2,194,13,9,1,3,0,73.08,13,2,0,5,10,13,4,6,3,5,3,3,3,64.23,67.98,57.53,3,0,0,0,66.44,SUCCESS,1,0,30000.0,1,0,0,0,0,0,0,0,0,0,37,Average
409,student0409@student.hitech.lk,ACTIVE,STUDENT,5,DS-ML-210,ACTIVE,Digital Marketing,ACTIVE,OPEN,45000.0,10,WEEKS,2,109,8,5,1,1,1,78.12,8,9,1,16,1,5,2,3,0,5,3,3,3,63.45,73.03,50.23,3,0,0,1,55.66,FAILED,0,1,0.0,0,0,0,0,0,0,0,2,1,1,21,Medium
171,student0171@student.hitech.lk,ACTIVE,STUDENT,4,DS-PY-101,ACTIVE,Business Management,COMPLETED,OPEN,50000.0,4,MONTHS,2,244,28,24,4,0,0,92.86,28,5,0,29,4,7,3,2,2,3,3,3,3,81.09,86.93,69.92,3,0,0,0,80.19,SUCCESS,2,1,50000.0,1,0,0,0,0,0,0,0,0,0,1,Good
120,student0120@student.hitech.lk,ACTIVE,STUDENT,1,SE-JAVA-101,ACTIVE,Software Engineering,ACTIVE,OPEN,40000.0,3,WEEKS,2,46,7,3,1,2,1,60.71,15,10,1,14,11,12,4,7,1,4,2,1,1,54.36,54.36,54.36,1,0,0,1,47.56,FAILED,0,1,0.0,1,0,0,0,0,0,0,1,1,0,38,Medium
599,student0599@student.hitech.lk,ACTIVE,STUDENT,9,DM-SEO-101,ARCHIVED,Software Engineering,COMPLETED,OPEN,30000.0,12,WEEKS,2,133,13,11,0,2,0,84.62,13,2,0,5,10,13,4,6,3,5,4,4,4,59.05,68.39,50.52,4,0,0,3,59.6,SUCCESS,1,0,30000.0,1,1,1,0,0,0,1,1,1,0,3,Average
765,student0765@student.hitech.lk,ACTIVE,STUDENT,6,CY-SEC-110,ACTIVE,Information Technology,ACTIVE,OPEN,50000.0,16,WEEKS,1,74,9,7,1,0,1,91.67,20,9,0,15,14,17,4,8,5,5,4,3,3,72.81,79.57,66.09,3,0,0,0,69.79,SUCCESS,2,0,50000.0,1,0,0,0,0,0,0,1,1,0,16,Average
765,student0765@student.hitech.lk,ACTIVE,STUDENT,11,CC-AWS-101,ACTIVE,Cybersecurity,ACTIVE,ADMIN_ONLY,40000.0,12,WEEKS,1,28,4,1,2,1,0,50.0,4,14,0,4,14,7,2,3,2,4,2,2,2,67.9,76.32,59.47,2,0,0,0,62.35,SUCCESS,3,1,40000.0,2,2,0,0,1,1,0,1,1,0,17,Average
665,student0665@student.hitech.lk,ACTIVE,STUDENT,10,IT-NET-100,ARCHIVED,Data Science,ACTIVE,OPEN,35000.0,8,WEEKS,1,98,11,5,1,5,0,50.0,26,8,0,16,18,14,5,7,2,1,0,0,0,0.0,0.0,0.0,0,0,0,0,0.0,SUCCESS,1,0,35000.0,1,4,3,0,1,3,0,0,0,0,33,Low
629,student0629@student.hitech.lk,ACTIVE,STUDENT,1,SE-JAVA-101,ACTIVE,Software Engineering,COMPLETED,OPEN,40000.0,3,WEEKS,2,136,15,9,4,2,0,73.33,15,10,1,14,11,12,4,7,1,4,4,4,3,91.62,100.0,86.03,3,0,1,0,90.9,SUCCESS,1,1,40000.0,1,0,0,0,0,0,0,0,0,0,1,Good
405,student0405@student.hitech.lk,ACTIVE,STUDENT,5,DS-ML-210,ACTIVE,Digital Marketing,ACTIVE,OPEN,45000.0,10,WEEKS,2,104,8,2,3,3,0,43.75,8,9,1,16,1,5,2,3,0,5,3,3,3,44.71,52.71,33.09,1,2,0,2,47.83,PENDING,0,1,0.0,1,3,1,0,2,0,1,2,0,2,31,Medium
685,student0685@student.hitech.lk,ACTIVE,STUDENT,12,GD-UIUX-101,ACTIVE,Business Management,ACTIVE,ADMIN_ONLY,45000.0,8,WEEKS,1,151,12,5,2,5,0,50.0,12,2,0,6,8,14,4,5,5,3,2,2,2,39.54,45.67,33.4,0,2,0,0,39.46,SUCCESS,1,0,45000.0,1,0,0,0,0,0,0,0,0,0,19,Medium
766,student0766@student.hitech.lk,ACTIVE,STUDENT,6,CY-SEC-110,ACTIVE,Information Technology,COMPLETED,OPEN,50000.0,16,WEEKS,1,148,20,18,0,1,1,93.75,20,9,0,15,14,17,4,8,5,5,5,5,5,87.13,97.21,74.22,5,0,0,0,86.05,SUCCESS,2,0,50000.0,1,1,0,0,0,1,0,1,1,0,7,Good
755,student0755@student.hitech.lk,ACTIVE,STUDENT,2,SE-WEB-120,DRAFT,Data Science,ACTIVE,ADMIN_ONLY,25000.0,16,WEEKS,3,69,2,1,1,0,0,75.0,28,10,0,16,22,9,5,4,0,1,1,1,1,78.22,78.22,78.22,1,0,0,2,71.79,SUCCESS,1,0,25000.0,1,0,0,0,0,0,0,1,1,0,10,Average
795,student0795@student.hitech.lk,PENDING_VERIFICATION,STUDENT,5,DS-ML-210,ACTIVE,Digital Marketing,ACTIVE,OPEN,45000.0,10,WEEKS,2,46,5,4,0,1,0,80.0,8,9,1,16,1,5,2,3,0,5,4,4,4,71.84,76.04,62.87,4,0,0,0,70.6,SUCCESS,2,0,45000.0,1,0,0,0,0,0,0,4,4,0,20,Average
9,student0009@student.hitech.lk,PENDING_VERIFICATION,STUDENT,3,SE-DB-130,ACTIVE,Cybersecurity,ACTIVE,OPEN,50000.0,4,MONTHS,1,60,7,6,0,1,0,85.71,26,8,2,32,2,9,3,4,2,4,4,4,4,72.81,76.76,67.13,4,0,0,0,79.47,SUCCESS,1,0,50000.0,1,0,0,0,0,0,0,0,0,0,8,Good
204,student0204@student.hitech.lk,ACTIVE,STUDENT,10,IT-NET-100,ARCHIVED,Data Science,ACTIVE,OPEN,35000.0,8,WEEKS,1,155,18,14,0,4,0,77.78,26,8,0,16,18,14,5,7,2,1,0,0,0,0.0,0.0,0.0,0,0,0,0,0.0,SUCCESS,2,0,35000.0,1,1,0,0,1,0,0,0,0,0,5,Average
130,student0130@student.hitech.lk,ACTIVE,STUDENT,10,IT-NET-100,ARCHIVED,Data Science,ACTIVE,OPEN,35000.0,8,WEEKS,1,38,4,2,1,1,0,62.5,26,8,0,16,18,14,5,7,2,1,1,1,1,45.03,45.03,45.03,0,1,0,0,39.18,SUCCESS,3,0,35000.0,2,0,0,0,0,0,0,1,1,0,4,Average
617,student0617@student.hitech.lk,ACTIVE,STUDENT,9,DM-SEO-101,ARCHIVED,Software Engineering,ACTIVE,OPEN,30000.0,12,WEEKS,2,107,13,5,1,7,0,42.31,13,2,0,5,10,13,4,6,3,5,2,2,2,18.72,22.69,14.75,0,2,0,1,21.41,PENDING,0,0,0.0,1,2,1,0,2,0,0,1,0,1,43,Low
544,student0544@student.hitech.lk,ACTIVE,STUDENT,11,CC-AWS-101,ACTIVE,Cybersecurity,COMPLETED,ADMIN_ONLY,40000.0,12,WEEKS,1,109,4,3,0,1,0,75.0,4,14,0,4,14,7,2,3,2,4,3,3,3,63.61,71.13,55.16,3,0,0,1,61.61,SUCCESS,1,0,40000.0,1,2,1,1,0,2,0,0,0,0,17,Average
320,student0320@student.hitech.lk,ACTIVE,STUDENT,7,BM-COMM-110,ACTIVE,Cloud Computing,REMOVED,OPEN,35000.0,3,WEEKS,1,7,1,0,1,0,0,50.0,13,3,3,7,9,11,3,5,3,1,1,1,1,99.29,99.29,99.29,1,0,0,0,100.0,SUCCESS,1,2,35000.0,1,0,0,0,0,0,0,3,2,1,1,Good
721,student0721@student.hitech.lk,ACTIVE,STUDENT,7,BM-COMM-110,ACTIVE,Cloud Computing,COMPLETED,OPEN,35000.0,3,WEEKS,1,183,13,6,1,6,0,50.0,13,3,3,7,9,11,3,5,3,1,1,1,1,52.09,52.09,52.09,1,0,0,0,45.33,SUCCESS,3,0,35000.0,1,1,0,0,0,1,0,0,0,0,4,Average
638,student0638@student.hitech.lk,ACTIVE,STUDENT,3,SE-DB-130,ACTIVE,Cybersecurity,ACTIVE,OPEN,50000.0,4,MONTHS,1,144,19,10,2,5,2,65.79,26,8,2,32,2,9,3,4,2,4,2,2,2,56.5,78.36,34.65,1,1,0,0,50.69,SUCCESS,1,2,50000.0,1,1,1,1,0,1,0,1,1,0,29,Medium
557,student0557@student.hitech.lk,ACTIVE,STUDENT,8,BM-MGMT-201,ACTIVE,Graphic Design,ACTIVE,ADMIN_ONLY,50000.0,3,WEEKS,2,47,5,0,2,1,2,50.0,7,6,0,10,3,13,7,5,1,1,0,0,0,0.0,0.0,0.0,0,0,0,0,0.0,SUCCESS,1,0,50000.0,1,1,1,0,1,0,0,0,0,0,56,Low
511,student0511@student.hitech.lk,ACTIVE,STUDENT,3,SE-DB-130,ACTIVE,Cybersecurity,COMPLETED,OPEN,50000.0,4,MONTHS,1,185,24,21,0,3,0,87.5,26,8,2,32,2,9,3,4,2,4,4,4,4,89.66,95.67,84.44,4,0,0,1,84.29,SUCCESS,1,0,50000.0,1,0,0,0,0,0,0,2,2,0,2,Good
619,student0619@student.hitech.lk,ACTIVE,STUDENT,11,CC-AWS-101,ACTIVE,Cybersecurity,REMOVED,ADMIN_ONLY,40000.0,12,WEEKS,1,59,4,3,0,1,0,75.0,4,14,0,4,14,7,2,3,2,4,2,2,2,53.06,55.98,50.14,2,0,0,0,51.86,PENDING,0,1,0.0,1,1,0,1,1,0,0,0,0,0,25,Medium
278,student0278@student.hitech.lk,ACTIVE,STUDENT,8,BM-MGMT-201,ACTIVE,Graphic Design,COMPLETED,ADMIN_ONLY,50000.0,3,WEEKS,2,80,7,0,3,3,1,32.14,7,6,0,10,3,13,7,5,1,1,0,0,0,0.0,0.0,0.0,0,0,0,0,0.0,FAILED,0,1,0.0,1,1,1,0,0,1,0,1,1,0,24,Medium
778,student0778@student.hitech.lk,ACTIVE,STUDENT,7,BM-COMM-110,ACTIVE,Cloud Computing,COMPLETED,OPEN,35000.0,3,WEEKS,1,245,13,12,0,0,1,98.08,13,3,3,7,9,11,3,5,3,1,1,1,1,80.31,80.31,80.31,1,0,0,1,80.59,SUCCESS,1,0,35000.0,1,0,0,0,0,0,0,1,1,0,17,Average
539,student0539@student.hitech.lk,ACTIVE,STUDENT,3,SE-DB-130,ACTIVE,Cybersecurity,COMPLETED,OPEN,50000.0,4,MONTHS,1,193,26,20,1,4,1,81.73,26,8,2,32,2,9,3,4,2,4,3,3,2,65.61,68.81,62.42,2,0,1,0,66.4,SUCCESS,1,1,50000.0,2,2,0,0,1,0,1,1,1,0,8,Average
260,student0260@student.hitech.lk,ACTIVE,STUDENT,9,DM-SEO-101,ARCHIVED,Software Engineering,ACTIVE,OPEN,30000.0,12,WEEKS,2,102,13,10,0,3,0,76.92,13,2,0,5,10,13,4,6,3,5,4,4,4,67.5,74.4,58.56,4,0,0,1,66.37,SUCCESS,2,0,30000.0,2,0,0,0,0,0,0,0,0,0,7,Average
404,student0404@student.hitech.lk,ACTIVE,STUDENT,7,BM-COMM-110,ACTIVE,Cloud Computing,ACTIVE,OPEN,35000.0,3,WEEKS,1,98,13,11,2,0,0,92.31,13,3,3,7,9,11,3,5,3,1,1,1,1,95.18,95.18,95.18,1,0,0,0,91.77,SUCCESS,1,1,35000.0,2,0,0,0,0,0,0,2,2,0,4,Good
689,student0689@student.hitech.lk,ACTIVE,STUDENT,9,DM-SEO-101,ARCHIVED,Software Engineering,COMPLETED,OPEN,30000.0,12,WEEKS,2,181,13,7,1,5,0,57.69,13,2,0,5,10,13,4,6,3,5,3,3,3,58.29,62.45,51.26,3,0,0,0,66.36,SUCCESS,1,0,30000.0,1,0,0,0,0,0,0,0,0,0,3,Average
436,student0436@student.hitech.lk,ACTIVE,STUDENT,9,DM-SEO-101,ARCHIVED,Software Engineering,COMPLETED,OPEN,30000.0,12,WEEKS,2,204,13,0,4,5,4,38.46,13,2,0,5,10,13,4,6,3,5,1,0,0,0.0,0.0,0.0,0,0,0,0,0.0,SUCCESS,1,0,30000.0,1,0,0,0,0,0,0,1,0,1,79,Low
51,student0051@student.hitech.lk,ACTIVE,STUDENT,5,DS-ML-210,ACTIVE,Digital Marketing,COMPLETED,OPEN,45000.0,10,WEEKS,2,74,8,3,1,2,2,62.5,8,9,1,16,1,5,2,3,0,5,2,2,2,40.78,41.62,39.94,0,2,0,2,41.37,SUCCESS,1,0,45000.0,1,0,0,0,0,0,0,0,0,0,76,Low
724,student0724@student.hitech.lk,ACTIVE,STUDENT,2,SE-WEB-120,DRAFT,Data Science,COMPLETED,ADMIN_ONLY,25000.0,16,WEEKS,3,133,2,0,1,0,1,62.5,28,10,0,16,22,9,5,4,0,1,0,0,0,0.0,0.0,0.0,0,0,0,0,0.0,PENDING,0,0,0.0,1,3,1,0,1,1,1,0,0,0,12,Medium
140,student0140@student.hitech.lk,ACTIVE,STUDENT,6,CY-SEC-110,ACTIVE,Information Technology,ACTIVE,OPEN,50000.0,16,WEEKS,1,250,20,17,0,3,0,85.0,20,9,0,15,14,17,4,8,5,5,3,3,3,75.61,88.95,67.56,3,0,0,0,72.04,SUCCESS,3,0,50000.0,2,0,0,0,0,0,0,0,0,0,12,Average
17,student0017@student.hitech.lk,ACTIVE,STUDENT,6,CY-SEC-110,ACTIVE,Information Technology,COMPLETED,OPEN,50000.0,16,WEEKS,1,216,20,20,0,0,0,100.0,20,9,0,15,14,17,4,8,5,5,5,5,5,85.73,95.29,78.75,5,0,0,0,85.74,SUCCESS,1,2,50000.0,1,0,0,0,0,0,0,2,2,0,2,Good
258,student0258@student.hitech.lk,ACTIVE,STUDENT,8,BM-MGMT-201,ACTIVE,Graphic Design,COMPLETED,ADMIN_ONLY,50000.0,3,WEEKS,2,246,7,3,3,1,0,64.29,7,6,0,10,3,13,7,5,1,1,0,0,0,0.0,0.0,0.0,0,0,0,0,0.0,SUCCESS,2,0,50000.0,1,0,0,0,0,0,0,0,0,0,7,Average
651,student0651@student.hitech.lk,ACTIVE,STUDENT,5,DS-ML-210,ACTIVE,Digital Marketing,ACTIVE,OPEN,45000.0,10,WEEKS,2,65,8,2,3,3,0,43.75,8,9,1,16,1,5,2,3,0,5,3,2,2,48.35,55.61,41.1,1,1,0,1,51.6,PENDING,0,0,0.0,1,0,0,0,0,0,0,1,1,0,25,Medium
484,student0484@student.hitech.lk,ACTIVE,STUDENT,12,GD-UIUX-101,ACTIVE,Business Management,ACTIVE,ADMIN_ONLY,45000.0,8,WEEKS,1,82,10,7,0,3,0,70.0,12,2,0,6,8,14,4,5,5,3,3,3,3,85.27,87.28,83.09,3,0,0,0,80.57,SUCCESS,1,0,45000.0,1,0,0,0,0,0,0,0,0,0,6,Good
148,student0148@student.hitech.lk,ACTIVE,STUDENT,8,BM-MGMT-201,ACTIVE,Graphic Design,COMPLETED,ADMIN_ONLY,50000.0,3,WEEKS,2,187,7,4,1,1,1,75.0,7,6,0,10,3,13,7,5,1,1,1,1,1,68.27,68.27,68.27,1,0,0,1,70.08,SUCCESS,1,0,50000.0,1,1,0,0,1,0,0,2,1,1,14,Average
797,student0797@student.hitech.lk,ACTIVE,STUDENT,2,SE-WEB-120,DRAFT,Data Science,ACTIVE,ADMIN_ONLY,25000.0,16,WEEKS,3,113,0,0,0,0,0,0.0,28,10,0,16,22,9,5,4,0,1,1,0,0,0.0,0.0,0.0,0,0,0,1,0.0,SUCCESS,1,1,25000.0,1,0,0,0,0,0,0,0,0,0,11,Average
466,student0466@student.hitech.lk,ACTIVE,STUDENT,4,DS-PY-101,ACTIVE,Business Management,ACTIVE,OPEN,50000.0,4,MONTHS,2,143,15,9,1,5,0,63.33,28,5,0,29,4,7,3,2,2,3,2,2,2,63.72,68.78,58.66,2,0,0,0,64.79,SUCCESS,2,0,50000.0,2,0,0,0,0,0,0,1,0,1,11,Average
303,student0303@student.hitech.lk,ACTIVE,STUDENT,2,SE-WEB-120,DRAFT,Data Science,ACTIVE,ADMIN_ONLY,25000.0,16,WEEKS,3,44,2,0,1,0,1,62.5,28,10,0,16,22,9,5,4,0,1,1,1,1,46.62,46.62,46.62,0,1,0,1,53.02,SUCCESS,1,2,25000.0,1,1,0,0,0,0,1,1,1,0,29,Medium
129,student0129@student.hitech.lk,ACTIVE,STUDENT,9,DM-SEO-101,ARCHIVED,Software Engineering,ACTIVE,OPEN,30000.0,12,WEEKS,2,101,11,3,4,3,1,52.27,13,2,0,5,10,13,4,6,3,5,0,0,0,0.0,0.0,0.0,0,0,0,0,0.0,SUCCESS,1,0,30000.0,1,0,0,0,0,0,0,0,0,0,52,Low
798,student0798@student.hitech.lk,ACTIVE,STUDENT,11,CC-AWS-101,ACTIVE,Cybersecurity,ACTIVE,ADMIN_ONLY,40000.0,12,WEEKS,1,46,4,2,0,2,0,50.0,4,14,0,4,14,7,2,3,2,4,1,1,1,11.34,11.34,11.34,0,1,0,1,9.91,SUCCESS,1,0,40000.0,1,0,0,0,0,0,0,0,0,0,59,Low
716,student0716@student.hitech.lk,ACTIVE,STUDENT,11,CC-AWS-101,ACTIVE,Cybersecurity,ACTIVE,ADMIN_ONLY,40000.0,12,WEEKS,1,50,4,1,2,1,0,50.0,4,14,0,4,14,7,2,3,2,4,2,2,2,57.63,60.79,54.46,2,0,0,2,58.32,SUCCESS,1,0,40000.0,1,3,1,0,2,0,1,1,0,1,17,Medium
25,student0025@student.hitech.lk,ACTIVE,STUDENT,4,DS-PY-101,ACTIVE,Business Management,ACTIVE,OPEN,50000.0,4,MONTHS,2,121,19,8,1,10,0,44.74,28,5,0,29,4,7,3,2,2,3,1,1,0,0.0,0.0,0.0,0,0,1,0,0.0,SUCCESS,1,0,50000.0,1,1,1,0,0,0,1,0,0,0,29,Medium
257,student0257@student.hitech.lk,ACTIVE,STUDENT,2,SE-WEB-120,DRAFT,Data Science,ACTIVE,ADMIN_ONLY,25000.0,16,WEEKS,3,31,1,0,1,0,0,50.0,28,10,0,16,22,9,5,4,0,1,1,0,0,0.0,0.0,0.0,0,0,0,1,0.0,SUCCESS,1,0,25000.0,2,2,0,0,1,0,1,0,0,0,16,Average
123,student0123@student.hitech.lk,INACTIVE,STUDENT,3,SE-DB-130,ACTIVE,Cybersecurity,ACTIVE,OPEN,50000.0,4,MONTHS,1,36,6,4,1,0,1,87.5,26,8,2,32,2,9,3,4,2,4,4,4,4,76.25,86.11,60.62,4,0,0,0,73.01,SUCCESS,1,0,50000.0,1,0,0,0,0,0,0,0,0,0,14,Good
411,student0411@student.hitech.lk,ACTIVE,STUDENT,5,DS-ML-210,ACTIVE,Digital Marketing,ACTIVE,OPEN,45000.0,10,WEEKS,2,21,3,0,2,0,1,58.33,8,9,1,16,1,5,2,3,0,5,3,3,3,62.94,66.91,56.6,3,0,0,2,59.13,SUCCESS,1,0,45000.0,1,0,0,0,0,0,0,2,1,1,5,Average
786,student0786@student.hitech.lk,PENDING_VERIFICATION,STUDENT,1,SE-JAVA-101,ACTIVE,Software Engineering,ACTIVE,OPEN,40000.0,3,WEEKS,2,40,6,4,0,2,0,66.67,15,10,1,14,11,12,4,7,1,4,2,2,2,65.66,70.2,61.11,2,0,0,1,61.72,SUCCESS,2,1,40000.0,1,3,0,1,2,1,0,1,1,0,52,Medium
486,student0486@student.hitech.lk,ACTIVE,STUDENT,9,DM-SEO-101,ARCHIVED,Software Engineering,COMPLETED,OPEN,30000.0,12,WEEKS,2,189,13,12,0,1,0,92.31,13,2,0,5,10,13,4,6,3,5,4,4,4,89.02,92.37,85.83,4,0,0,1,89.56,SUCCESS,1,0,30000.0,2,0,0,0,0,0,0,0,0,0,4,Good
120,student0120@student.hitech.lk,ACTIVE,STUDENT,3,SE-DB-130,ACTIVE,Cybersecurity,ACTIVE,OPEN,50000.0,4,MONTHS,1,38,4,1,0,2,1,43.75,26,8,2,32,2,9,3,4,2,4,1,1,1,59.34,59.34,59.34,1,0,0,3,58.54,PENDING,0,0,0.0,1,2,1,1,2,0,0,0,0,0,72,Low
54,student0054@student.hitech.lk,ACTIVE,STUDENT,8,BM-MGMT-201,ACTIVE,Graphic Design,COMPLETED,ADMIN_ONLY,50000.0,3,WEEKS,2,113,7,7,0,0,0,100.0,7,6,0,10,3,13,7,5,1,1,1,1,1,82.18,82.18,82.18,1,0,0,1,81.24,SUCCESS,1,0,50000.0,1,0,0,0,0,0,0,0,0,0,5,Good
815,student0815@student.hitech.lk,ACTIVE,STUDENT,8,BM-MGMT-201,ACTIVE,Graphic Design,ACTIVE,ADMIN_ONLY,50000.0,3,WEEKS,2,70,7,0,2,5,0,14.29,7,6,0,10,3,13,7,5,1,1,0,0,0,0.0,0.0,0.0,0,0,0,0,0.0,SUCCESS,1,0,50000.0,1,2,1,0,0,1,1,0,0,0,68,Low
410,student0410@student.hitech.lk,INACTIVE,STUDENT,2,SE-WEB-120,DRAFT,Data Science,REMOVED,ADMIN_ONLY,25000.0,16,WEEKS,3,40,3,0,2,0,1,58.33,28,10,0,16,22,9,5,4,0,1,0,0,0,0.0,0.0,0.0,0,0,0,0,0.0,FAILED,0,1,0.0,1,2,0,0,1,1,0,1,1,0,75,Low
182,student0182@student.hitech.lk,PENDING_VERIFICATION,STUDENT,6,CY-SEC-110,ACTIVE,Information Technology,ACTIVE,OPEN,50000.0,16,WEEKS,1,45,6,2,1,3,0,41.67,20,9,0,15,14,17,4,8,5,5,2,2,2,60.22,61.88,58.55,2,0,0,1,61.68,SUCCESS,1,0,50000.0,1,0,0,0,0,0,0,1,1,0,42,Medium
813,student0813@student.hitech.lk,ACTIVE,STUDENT,12,GD-UIUX-101,ACTIVE,Business Management,ACTIVE,ADMIN_ONLY,45000.0,8,WEEKS,1,90,12,5,2,4,1,56.25,12,2,0,6,8,14,4,5,5,3,2,2,2,64.92,66.26,63.59,2,0,0,0,58.69,SUCCESS,1,2,45000.0,1,1,0,0,0,0,1,1,1,0,20,Medium
690,student0690@student.hitech.lk,ACTIVE,STUDENT,10,IT-NET-100,ARCHIVED,Data Science,ACTIVE,OPEN,35000.0,8,WEEKS,1,147,21,10,4,7,0,57.14,26,8,0,16,18,14,5,7,2,1,1,1,1,47.73,47.73,47.73,0,1,0,0,47.58,PENDING,0,0,0.0,1,2,0,0,2,0,0,2,2,0,19,Medium
347,student0347@student.hitech.lk,ACTIVE,STUDENT,7,BM-COMM-110,ACTIVE,Cloud Computing,REMOVED,OPEN,35000.0,3,WEEKS,1,21,3,0,1,2,0,16.67,13,3,3,7,9,11,3,5,3,1,0,0,0,0.0,0.0,0.0,0,0,0,0,0.0,FAILED,0,1,0.0,1,0,0,0,0,0,0,0,0,0,75,Low
770,student0770@student.hitech.lk,ACTIVE,STUDENT,8,BM-MGMT-201,ACTIVE,Graphic Design,REMOVED,ADMIN_ONLY,50000.0,3,WEEKS,2,14,2,0,1,1,0,25.0,7,6,0,10,3,13,7,5,1,1,0,0,0,0.0,0.0,0.0,0,0,0,0,0.0,SUCCESS,1,0,50000.0,1,3,1,0,2,1,0,1,0,1,32,Medium
656,student0656@student.hitech.lk,ACTIVE,STUDENT,7,BM-COMM-110,ACTIVE,Cloud Computing,COMPLETED,OPEN,35000.0,3,WEEKS,1,120,13,9,2,0,2,88.46,13,3,3,7,9,11,3,5,3,1,1,1,1,92.51,92.51,92.51,1,0,0,0,91.96,SUCCESS,1,1,35000.0,1,1,0,0,0,1,0,2,2,0,3,Good
815,student0815@student.hitech.lk,ACTIVE,STUDENT,4,DS-PY-101,ACTIVE,Business Management,ACTIVE,OPEN,50000.0,4,MONTHS,2,98,15,5,1,8,1,41.67,28,5,0,29,4,7,3,2,2,3,0,0,0,0.0,0.0,0.0,0,0,0,0,0.0,PENDING,0,0,0.0,1,2,2,0,0,0,2,0,0,0,88,Low
44,student0044@student.hitech.lk,ACTIVE,STUDENT,4,DS-PY-101,ACTIVE,Business Management,ACTIVE,OPEN,50000.0,4,MONTHS,2,84,10,4,2,3,1,57.5,28,5,0,29,4,7,3,2,2,3,3,3,2,65.97,67.09,64.85,2,0,1,0,67.72,SUCCESS,2,0,50000.0,1,1,0,0,0,0,1,0,0,0,12,Average
743,student0743@student.hitech.lk,ACTIVE,STUDENT,6,CY-SEC-110,ACTIVE,Information Technology,COMPLETED,OPEN,50000.0,16,WEEKS,1,208,20,17,0,2,1,88.75,20,9,0,15,14,17,4,8,5,5,4,4,4,75.69,90.7,52.52,4,0,0,0,78.02,SUCCESS,2,0,50000.0,1,2,0,0,2,0,0,0,0,0,16,Average
482,student0482@student.hitech.lk,ACTIVE,STUDENT,6,CY-SEC-110,ACTIVE,Information Technology,ACTIVE,OPEN,50000.0,16,WEEKS,1,104,19,11,1,7,0,60.53,20,9,0,15,14,17,4,8,5,5,3,2,2,60.16,67.06,53.27,2,0,0,0,63.07,SUCCESS,1,0,50000.0,1,0,0,0,0,0,0,0,0,0,4,Average
152,student0152@student.hitech.lk,ACTIVE,STUDENT,5,DS-ML-210,ACTIVE,Digital Marketing,COMPLETED,OPEN,45000.0,10,WEEKS,2,136,8,6,1,1,0,81.25,8,9,1,16,1,5,2,3,0,5,3,3,3,70.1,74.46,65.79,3,0,0,1,65.6,SUCCESS,2,0,45000.0,1,0,0,0,0,0,0,1,1,0,4,Average
272,student0272@student.hitech.lk,ACTIVE,STUDENT,8,BM-MGMT-201,ACTIVE,Graphic Design,ACTIVE,ADMIN_ONLY,50000.0,3,WEEKS,2,54,7,4,1,1,1,75.0,7,6,0,10,3,13,7,5,1,1,1,1,1,71.24,71.24,71.24,1,0,0,0,61.85,SUCCESS,2,0,50000.0,1,0,0,0,0,0,0,3,3,0,5,Average
430,student0430@student.hitech.lk,ACTIVE,STUDENT,6,CY-SEC-110,ACTIVE,Information Technology,ACTIVE,OPEN,50000.0,16,WEEKS,1,30,5,0,2,3,0,20.0,20,9,0,15,14,17,4,8,5,5,2,2,2,60.67,66.36,54.99,2,0,0,0,66.07,FAILED,0,1,0.0,1,2,0,0,0,1,1,0,0,0,12,Medium
58,student0058@student.hitech.lk,ACTIVE,STUDENT,3,SE-DB-130,ACTIVE,Cybersecurity,ACTIVE,OPEN,50000.0,4,MONTHS,1,66,12,7,0,5,0,58.33,26,8,2,32,2,9,3,4,2,4,3,3,2,51.02,58.42,43.62,1,1,1,2,52.0,SUCCESS,1,1,50000.0,1,1,1,0,0,0,1,1,0,1,34,Medium
484,student0484@student.hitech.lk,ACTIVE,STUDENT,5,DS-ML-210,ACTIVE,Digital Marketing,ACTIVE,OPEN,45000.0,10,WEEKS,2,48,6,5,0,1,0,83.33,8,9,1,16,1,5,2,3,0,5,4,4,4,77.04,81.32,72.05,4,0,0,0,76.71,SUCCESS,2,0,45000.0,1,1,0,0,0,1,0,1,0,1,4,Average
763,student0763@student.hitech.lk,INACTIVE,STUDENT,6,CY-SEC-110,ACTIVE,Information Technology,ACTIVE,OPEN,50000.0,16,WEEKS,1,206,20,11,2,7,0,60.0,20,9,0,15,14,17,4,8,5,5,3,2,2,65.05,72.27,57.82,2,0,0,0,66.15,SUCCESS,1,0,50000.0,1,0,0,0,0,0,0,2,1,1,25,Average
75,student0075@student.hitech.lk,ACTIVE,STUDENT,3,SE-DB-130,ACTIVE,Cybersecurity,ACTIVE,OPEN,50000.0,4,MONTHS,1,19,3,0,2,1,0,33.33,26,8,2,32,2,9,3,4,2,4,3,3,3,78.34,82.86,70.25,3,0,0,1,79.54,SUCCESS,1,0,50000.0,1,0,0,0,0,0,0,0,0,0,13,Average
686,student0686@student.hitech.lk,ACTIVE,STUDENT,7,BM-COMM-110,ACTIVE,Cloud Computing,ACTIVE,OPEN,35000.0,3,WEEKS,1,45,6,2,2,2,0,50.0,13,3,3,7,9,11,3,5,3,1,1,1,0,0.0,0.0,0.0,0,0,1,1,0.0,PENDING,0,0,0.0,1,1,1,0,0,0,1,2,2,0,15,Average
780,student0780@student.hitech.lk,ACTIVE,STUDENT,2,SE-WEB-120,DRAFT,Data Science,ACTIVE,ADMIN_ONLY,25000.0,16,WEEKS,3,136,2,1,1,0,0,75.0,28,10,0,16,22,9,5,4,0,1,1,1,1,78.67,78.67,78.67,1,0,0,0,79.3,SUCCESS,1,0,25000.0,1,0,0,0,0,0,0,2,2,0,10,Average
73,student0073@student.hitech.lk,ACTIVE,STUDENT,6,CY-SEC-110,ACTIVE,Information Technology,COMPLETED,OPEN,50000.0,16,WEEKS,1,95,14,12,1,1,0,89.29,20,9,0,15,14,17,4,8,5,5,4,4,4,67.54,74.69,60.04,4,0,0,1,68.11,PENDING,0,0,0.0,1,3,0,1,0,0,3,3,2,1,18,Average
430,student0430@student.hitech.lk,ACTIVE,STUDENT,9,DM-SEO-101,ARCHIVED,Software Engineering,REMOVED,OPEN,30000.0,12,WEEKS,2,32,3,1,0,2,0,33.33,13,2,0,5,10,13,4,6,3,5,2,2,2,28.28,33.82,22.73,0,2,0,1,27.89,SUCCESS,1,0,30000.0,2,3,1,0,3,0,0,1,1,0,84,Low
637,student0637@student.hitech.lk,PENDING_VERIFICATION,STUDENT,9,DM-SEO-101,ARCHIVED,Software Engineering,ACTIVE,OPEN,30000.0,12,WEEKS,2,34,6,4,1,0,1,87.5,13,2,0,5,10,13,4,6,3,5,5,5,4,75.51,81.49,69.62,4,0,1,0,69.19,SUCCESS,1,1,30000.0,1,0,0,0,0,0,0,0,0,0,8,Good
451,student0451@student.hitech.lk,ACTIVE,STUDENT,11,CC-AWS-101,ACTIVE,Cybersecurity,ACTIVE,ADMIN_ONLY,40000.0,12,WEEKS,1,97,4,0,1,3,0,12.5,4,14,0,4,14,7,2,3,2,4,0,0,0,0.0,0.0,0.0,0,0,0,0,0.0,SUCCESS,1,0,40000.0,1,5,2,0,3,0,2,2,0,2,90,Low
545,student0545@student.hitech.lk,ACTIVE,STUDENT,9,DM-SEO-101,ARCHIVED,Software Engineering,ACTIVE,OPEN,30000.0,12,WEEKS,2,80,13,10,1,2,0,80.77,13,2,0,5,10,13,4,6,3,5,4,4,4,81.94,94.9,73.54,4,0,0,0,82.25,SUCCESS,1,0,30000.0,1,0,0,0,0,0,0,1,1,0,5,Good
427,student0427@student.hitech.lk,ACTIVE,STUDENT,10,IT-NET-100,ARCHIVED,Data Science,ACTIVE,OPEN,35000.0,8,WEEKS,1,86,11,10,1,0,0,95.45,26,8,0,16,18,14,5,7,2,1,1,1,1,82.73,82.73,82.73,1,0,0,0,83.84,SUCCESS,1,0,35000.0,1,0,0,0,0,0,0,1,1,0,3,Good
115,student0115@student.hitech.lk,PENDING_VERIFICATION,STUDENT,9,DM-SEO-101,ARCHIVED,Software Engineering,ACTIVE,OPEN,30000.0,12,WEEKS,2,118,13,7,1,5,0,57.69,13,2,0,5,10,13,4,6,3,5,3,3,3,57.69,62.85,54.17,3,0,0,1,56.3,PENDING,0,0,0.0,1,0,0,0,0,0,0,0,0,0,32,Medium
538,student0538@student.hitech.lk,ACTIVE,STUDENT,3,SE-DB-130,ACTIVE,Cybersecurity,ACTIVE,OPEN,50000.0,4,MONTHS,1,158,19,12,0,7,0,63.16,26,8,2,32,2,9,3,4,2,4,2,2,2,62.5,66.38,58.63,2,0,0,2,72.89,SUCCESS,1,1,50000.0,1,2,2,0,0,1,1,1,0,1,39,Medium
41,student0041@student.hitech.lk,ACTIVE,STUDENT,12,GD-UIUX-101,ACTIVE,Business Management,COMPLETED,ADMIN_ONLY,45000.0,8,WEEKS,1,190,12,12,0,0,0,100.0,12,2,0,6,8,14,4,5,5,3,3,2,2,84.53,88.44,80.62,2,0,0,0,84.41,SUCCESS,1,0,45000.0,1,0,0,0,0,0,0,0,0,0,7,Good
836,student0836@student.hitech.lk,PENDING_VERIFICATION,STUDENT,11,CC-AWS-101,ACTIVE,Cybersecurity,ACTIVE,ADMIN_ONLY,40000.0,12,WEEKS,1,115,4,2,1,0,1,81.25,4,14,0,4,14,7,2,3,2,4,2,2,2,58.1,59.1,57.1,2,0,0,2,53.68,SUCCESS,1,0,40000.0,2,1,0,0,0,0,1,0,0,0,38,Medium
521,student0521@student.hitech.lk,ACTIVE,STUDENT,10,IT-NET-100,ARCHIVED,Data Science,ACTIVE,OPEN,35000.0,8,WEEKS,1,168,26,22,0,4,0,84.62,26,8,0,16,18,14,5,7,2,1,1,1,1,76.42,76.42,76.42,1,0,0,1,73.24,SUCCESS,1,0,35000.0,1,0,0,0,0,0,0,0,0,0,13,Average
29,student0029@student.hitech.lk,ACTIVE,STUDENT,8,BM-MGMT-201,ACTIVE,Graphic Design,COMPLETED,ADMIN_ONLY,50000.0,3,WEEKS,2,106,7,7,0,0,0,100.0,7,6,0,10,3,13,7,5,1,1,1,1,1,76.3,76.3,76.3,1,0,0,0,72.52,SUCCESS,1,0,50000.0,1,0,0,0,0,0,0,2,2,0,7,Good
625,student0625@student.hitech.lk,ACTIVE,STUDENT,9,DM-SEO-101,ARCHIVED,Software Engineering,ACTIVE,OPEN,30000.0,12,WEEKS,2,220,13,8,1,4,0,65.38,13,2,0,5,10,13,4,6,3,5,4,4,4,74.78,83.44,68.78,4,0,0,0,72.31,SUCCESS,2,0,30000.0,2,1,0,0,1,0,0,2,1,1,4,Average
71,student0071@student.hitech.lk,ACTIVE,STUDENT,12,GD-UIUX-101,ACTIVE,Business Management,ACTIVE,ADMIN_ONLY,45000.0,8,WEEKS,1,12,2,1,1,0,0,75.0,12,2,0,6,8,14,4,5,5,3,2,2,2,65.01,65.39,64.64,2,0,0,0,67.35,SUCCESS,1,0,45000.0,1,2,1,0,1,1,0,0,0,0,13,Average
327,student0327@student.hitech.lk,INACTIVE,STUDENT,2,SE-WEB-120,DRAFT,Data Science,COMPLETED,ADMIN_ONLY,25000.0,16,WEEKS,3,108,3,0,1,2,0,16.67,28,10,0,16,22,9,5,4,0,1,0,0,0,0.0,0.0,0.0,0,0,0,0,0.0,SUCCESS,3,0,25000.0,1,1,1,0,1,0,0,1,0,1,56,Medium
486,student0486@student.hitech.lk,ACTIVE,STUDENT,3,SE-DB-130,ACTIVE,Cybersecurity,ACTIVE,OPEN,50000.0,4,MONTHS,1,54,6,6,0,0,0,100.0,26,8,2,32,2,9,3,4,2,4,4,3,3,84.24,92.43,78.71,3,0,0,0,79.44,SUCCESS,2,0,50000.0,2,0,0,0,0,0,0,2,2,0,1,Good
407,student0407@student.hitech.lk,PENDING_VERIFICATION,STUDENT,6,CY-SEC-110,ACTIVE,Information Technology,ACTIVE,OPEN,50000.0,16,WEEKS,1,117,15,7,2,6,0,53.33,20,9,0,15,14,17,4,8,5,5,1,1,1,27.51,27.51,27.51,0,1,0,2,29.73,FAILED,0,1,0.0,0,3,2,0,1,0,2,0,0,0,73,Low
583,student0583@student.hitech.lk,ACTIVE,STUDENT,3,SE-DB-130,ACTIVE,Cybersecurity,COMPLETED,OPEN,50000.0,4,MONTHS,1,101,17,12,2,2,1,80.88,26,8,2,32,2,9,3,4,2,4,4,4,4,89.91,100.0,78.74,4,0,0,0,88.27,SUCCESS,1,0,50000.0,1,0,0,0,0,0,0,0,0,0,6,Good
579,student0579@student.hitech.lk,ACTIVE,STUDENT,9,DM-SEO-101,ARCHIVED,Software Engineering,COMPLETED,OPEN,30000.0,12,WEEKS,2,114,13,10,0,1,2,88.46,13,2,0,5,10,13,4,6,3,5,5,5,5,83.42,90.35,71.1,5,0,0,0,84.09,SUCCESS,1,0,30000.0,1,0,0,0,0,0,0,1,1,0,4,Good
123,student0123@student.hitech.lk,ACTIVE,STUDENT,11,CC-AWS-101,ACTIVE,Cybersecurity,ACTIVE,ADMIN_ONLY,40000.0,12,WEEKS,1,154,4,2,1,1,0,62.5,4,14,0,4,14,7,2,3,2,4,4,4,4,79.38,86.11,70.1,4,0,0,0,85.25,SUCCESS,1,0,40000.0,1,0,0,0,0,0,0,3,2,1,3,Good
680,student0680@student.hitech.lk,ACTIVE,STUDENT,7,BM-COMM-110,ACTIVE,Cloud Computing,ACTIVE,OPEN,35000.0,3,WEEKS,1,15,1,0,1,0,0,50.0,13,3,3,7,9,11,3,5,3,1,0,0,0,0.0,0.0,0.0,0,0,0,0,0.0,PENDING,0,0,0.0,1,1,1,0,0,0,1,0,0,0,37,Medium
407,student0407@student.hitech.lk,ACTIVE,STUDENT,7,BM-COMM-110,ACTIVE,Cloud Computing,COMPLETED,OPEN,35000.0,3,WEEKS,1,179,13,9,2,2,0,76.92,13,3,3,7,9,11,3,5,3,1,1,1,1,60.71,60.71,60.71,1,0,0,1,55.42,SUCCESS,1,0,35000.0,2,0,0,0,0,0,0,3,2,1,7,Average
104,student0104@student.hitech.lk,INACTIVE,STUDENT,4,DS-PY-101,ACTIVE,Business Management,ACTIVE,OPEN,50000.0,4,MONTHS,2,53,8,3,2,1,2,68.75,28,5,0,29,4,7,3,2,2,3,2,2,2,53.05,66.07,40.03,1,1,0,0,61.01,SUCCESS,2,0,50000.0,1,0,0,0,0,0,0,0,0,0,29,Average
19,student0019@student.hitech.lk,ACTIVE,STUDENT,12,GD-UIUX-101,ACTIVE,Business Management,ACTIVE,ADMIN_ONLY,45000.0,8,WEEKS,1,19,2,0,1,0,1,62.5,12,2,0,6,8,14,4,5,5,3,3,3,3,67.22,81.24,58.02,3,0,0,0,74.18,PENDING,0,1,0.0,1,2,1,0,0,0,2,1,1,0,10,Average
787,student0787@student.hitech.lk,ACTIVE,STUDENT,12,GD-UIUX-101,ACTIVE,Business Management,ACTIVE,ADMIN_ONLY,45000.0,8,WEEKS,1,51,7,7,0,0,0,100.0,12,2,0,6,8,14,4,5,5,3,3,3,3,85.62,88.94,83.43,3,0,0,0,82.38,PENDING,0,0,0.0,1,0,0,0,0,0,0,1,1,0,5,Good
2,student0002@student.hitech.lk,ACTIVE,STUDENT,1,SE-JAVA-101,ACTIVE,Software Engineering,COMPLETED,OPEN,40000.0,3,WEEKS,2,170,15,14,1,0,0,96.67,15,10,1,14,11,12,4,7,1,4,4,4,4,82.71,85.64,77.97,4,0,0,1,91.34,PENDING,0,0,0.0,1,0,0,0,0,0,0,1,1,0,0,Good
168,student0168@student.hitech.lk,INACTIVE,STUDENT,2,SE-WEB-120,DRAFT,Data Science,ACTIVE,ADMIN_ONLY,25000.0,16,WEEKS,3,19,0,0,0,0,0,0.0,28,10,0,16,22,9,5,4,0,1,1,1,1,75.04,75.04,75.04,1,0,0,2,68.39,PENDING,0,0,0.0,1,1,1,0,0,1,0,0,0,0,17,Average
14,student0014@student.hitech.lk,ACTIVE,STUDENT,7,BM-COMM-110,ACTIVE,Cloud Computing,ACTIVE,OPEN,35000.0,3,WEEKS,1,33,5,3,1,1,0,70.0,13,3,3,7,9,11,3,5,3,1,0,0,0,0.0,0.0,0.0,0,0,0,0,0.0,SUCCESS,1,0,35000.0,2,2,0,0,1,0,1,0,0,0,12,Medium
721,student0721@student.hitech.lk,ACTIVE,STUDENT,5,DS-ML-210,ACTIVE,Digital Marketing,COMPLETED,OPEN,45000.0,10,WEEKS,2,143,8,2,3,3,0,43.75,8,9,1,16,1,5,2,3,0,5,4,4,4,60.47,67.6,49.64,3,1,0,2,63.85,SUCCESS,1,0,45000.0,1,0,0,0,0,0,0,0,0,0,12,Medium
478,student0478@student.hitech.lk,ACTIVE,STUDENT,4,DS-PY-101,ACTIVE,Business Management,ACTIVE,OPEN,50000.0,4,MONTHS,2,141,23,14,2,7,0,65.22,28,5,0,29,4,7,3,2,2,3,2,2,2,51.84,55.48,48.21,1,1,0,0,53.26,SUCCESS,1,0,50000.0,1,1,0,0,0,0,1,0,0,0,19,Medium
559,student0559@student.hitech.lk,ACTIVE,STUDENT,6,CY-SEC-110,ACTIVE,Information Technology,ACTIVE,OPEN,50000.0,16,WEEKS,1,135,20,13,1,6,0,67.5,20,9,0,15,14,17,4,8,5,5,3,3,3,61.49,69.51,54.44,3,0,0,1,63.34,SUCCESS,1,0,50000.0,1,1,0,0,1,0,0,2,1,1,16,Average
641,student0641@student.hitech.lk,ACTIVE,STUDENT,6,CY-SEC-110,ACTIVE,Information Technology,COMPLETED,OPEN,50000.0,16,WEEKS,1,118,19,14,0,4,1,77.63,20,9,0,15,14,17,4,8,5,5,5,5,5,80.33,88.45,74.41,5,0,0,0,72.91,SUCCESS,1,0,50000.0,1,2,0,1,1,0,1,0,0,0,2,Good
293,student0293@student.hitech.lk,ACTIVE,STUDENT,4,DS-PY-101,ACTIVE,Business Management,ACTIVE,OPEN,50000.0,4,MONTHS,2,43,5,0,3,1,1,45.0,28,5,0,29,4,7,3,2,2,3,2,2,2,64.97,70.04,59.89,2,0,0,2,64.92,SUCCESS,1,1,50000.0,1,1,0,0,1,0,0,0,0,0,8,Average
294,student0294@student.hitech.lk,ACTIVE,STUDENT,6,CY-SEC-110,ACTIVE,Information Technology,REMOVED,OPEN,50000.0,16,WEEKS,1,78,11,0,3,8,0,13.64,20,9,0,15,14,17,4,8,5,5,0,0,0,0.0,0.0,0.0,0,0,0,0,0.0,SUCCESS,2,0,50000.0,1,1,0,0,0,0,1,1,0,1,61,Low
284,student0284@student.hitech.lk,ACTIVE,STUDENT,12,GD-UIUX-101,ACTIVE,Business Management,COMPLETED,ADMIN_ONLY,45000.0,8,WEEKS,1,64,9,5,2,0,2,83.33,12,2,0,6,8,14,4,5,5,3,2,2,2,58.31,60.18,56.43,2,0,0,0,53.6,SUCCESS,1,0,45000.0,1,1,0,0,0,0,1,1,1,0,7,Average
71,student0071@student.hitech.lk,ACTIVE,STUDENT,4,DS-PY-101,ACTIVE,Business Management,ACTIVE,OPEN,50000.0,4,MONTHS,2,113,15,9,1,5,0,63.33,28,5,0,29,4,7,3,2,2,3,2,2,2,51.68,54.59,48.78,1,1,0,0,51.94,SUCCESS,1,0,50000.0,1,1,0,0,1,0,0,1,1,0,39,Medium
277,student0277@student.hitech.lk,ACTIVE,STUDENT,4,DS-PY-101,ACTIVE,Business Management,COMPLETED,OPEN,50000.0,4,MONTHS,2,146,19,17,0,1,1,93.42,28,5,0,29,4,7,3,2,2,3,3,3,3,87.63,95.76,81.7,3,0,0,1,87.94,SUCCESS,1,1,50000.0,1,2,1,0,1,0,1,1,1,0,6,Good
343,student0343@student.hitech.lk,ACTIVE,STUDENT,6,CY-SEC-110,ACTIVE,Information Technology,REMOVED,OPEN,50000.0,16,WEEKS,1,70,13,12,0,0,1,98.08,20,9,0,15,14,17,4,8,5,5,3,3,2,61.74,67.51,55.97,2,0,1,0,62.33,SUCCESS,1,0,50000.0,1,0,0,0,0,0,0,0,0,0,17,Average
57,student0057@student.hitech.lk,ACTIVE,STUDENT,11,CC-AWS-101,ACTIVE,Cybersecurity,REMOVED,ADMIN_ONLY,40000.0,12,WEEKS,1,10,1,0,0,0,1,75.0,4,14,0,4,14,7,2,3,2,4,0,0,0,0.0,0.0,0.0,0,0,0,0,0.0,FAILED,0,1,0.0,1,2,1,1,2,0,0,0,0,0,26,Low
536,student0536@student.hitech.lk,ACTIVE,STUDENT,6,CY-SEC-110,ACTIVE,Information Technology,ACTIVE,OPEN,50000.0,16,WEEKS,1,93,10,3,2,5,0,40.0,20,9,0,15,14,17,4,8,5,5,3,3,3,56.43,62.83,46.34,2,1,0,0,47.94,FAILED,0,2,0.0,1,2,1,0,0,0,2,0,0,0,19,Medium
472,student0472@student.hitech.lk,ACTIVE,STUDENT,3,SE-DB-130,ACTIVE,Cybersecurity,ACTIVE,OPEN,50000.0,4,MONTHS,1,60,6,0,1,4,1,20.83,26,8,2,32,2,9,3,4,2,4,1,1,1,40.97,40.97,40.97,0,1,0,4,38.74,SUCCESS,1,0,50000.0,1,2,0,0,1,0,1,2,1,1,40,Low
55,student0055@student.hitech.lk,ACTIVE,STUDENT,2,SE-WEB-120,DRAFT,Data Science,ACTIVE,ADMIN_ONLY,25000.0,16,WEEKS,3,113,0,0,0,0,0,0.0,28,10,0,16,22,9,5,4,0,1,0,0,0,0.0,0.0,0.0,0,0,0,0,0.0,PENDING,0,0,0.0,1,1,0,0,1,0,0,0,0,0,26,Medium
812,student0812@student.hitech.lk,ACTIVE,STUDENT,2,SE-WEB-120,DRAFT,Data Science,ACTIVE,ADMIN_ONLY,25000.0,16,WEEKS,3,29,1,1,0,0,0,100.0,28,10,0,16,22,9,5,4,0,1,1,1,0,0.0,0.0,0.0,0,0,1,0,0.0,PENDING,0,0,0.0,1,0,0,0,0,0,0,1,1,0,3,Average
416,student0416@student.hitech.lk,ACTIVE,STUDENT,5,DS-ML-210,ACTIVE,Digital Marketing,COMPLETED,OPEN,45000.0,10,WEEKS,2,228,8,3,3,2,0,56.25,8,9,1,16,1,5,2,3,0,5,3,3,3,61.12,70.66,53.05,3,0,0,1,63.6,SUCCESS,1,0,45000.0,1,0,0,0,0,0,0,0,0,0,4,Average
803,student0803@student.hitech.lk,ACTIVE,STUDENT,2,SE-WEB-120,DRAFT,Data Science,ACTIVE,ADMIN_ONLY,25000.0,16,WEEKS,3,72,1,0,1,0,0,50.0,28,10,0,16,22,9,5,4,0,1,1,1,1,84.73,84.73,84.73,1,0,0,1,89.99,SUCCESS,2,0,25000.0,1,0,0,0,0,0,0,1,1,0,7,Good
341,student0341@student.hitech.lk,ACTIVE,STUDENT,6,CY-SEC-110,ACTIVE,Information Technology,COMPLETED,OPEN,50000.0,16,WEEKS,1,195,20,20,0,0,0,100.0,20,9,0,15,14,17,4,8,5,5,5,5,5,91.73,100.0,86.11,5,0,0,0,89.67,SUCCESS,1,0,50000.0,1,1,0,0,0,0,1,0,0,0,0,Good
22,student0022@student.hitech.lk,PENDING_VERIFICATION,STUDENT,6,CY-SEC-110,ACTIVE,Information Technology,ACTIVE,OPEN,50000.0,16,WEEKS,1,182,20,17,2,1,0,90.0,20,9,0,15,14,17,4,8,5,5,5,5,5,88.6,96.97,81.85,5,0,0,0,95.84,FAILED,0,2,0.0,0,0,0,0,0,0,0,0,0,0,11,Good
74,student0074@student.hitech.lk,INACTIVE,STUDENT,3,SE-DB-130,ACTIVE,Cybersecurity,ACTIVE,OPEN,50000.0,4,MONTHS,1,164,26,17,2,7,0,69.23,26,8,2,32,2,9,3,4,2,4,2,1,1,53.81,53.81,53.81,1,0,0,0,50.88,SUCCESS,1,0,50000.0,1,2,1,0,0,1,1,0,0,0,37,Medium
686,student0686@student.hitech.lk,ACTIVE,STUDENT,10,IT-NET-100,ARCHIVED,Data Science,COMPLETED,OPEN,35000.0,8,WEEKS,1,248,26,21,1,4,0,82.69,26,8,0,16,18,14,5,7,2,1,1,0,0,0.0,0.0,0.0,0,0,0,0,0.0,SUCCESS,1,1,35000.0,1,1,0,0,0,0,1,2,2,0,6,Good
68,student0068@student.hitech.lk,ACTIVE,STUDENT,9,DM-SEO-101,ARCHIVED,Software Engineering,REMOVED,OPEN,30000.0,12,WEEKS,2,52,6,0,3,2,1,37.5,13,2,0,5,10,13,4,6,3,5,2,1,1,37.71,37.71,37.71,0,1,0,1,44.58,SUCCESS,2,0,30000.0,1,1,1,0,1,0,0,0,0,0,34,Low
341,student0341@student.hitech.lk,ACTIVE,STUDENT,11,CC-AWS-101,ACTIVE,Cybersecurity,REMOVED,ADMIN_ONLY,40000.0,12,WEEKS,1,65,4,0,3,0,1,56.25,4,14,0,4,14,7,2,3,2,4,1,0,0,0.0,0.0,0.0,0,0,0,1,0.0,FAILED,0,1,0.0,1,1,0,0,0,1,0,0,0,0,38,Low
73,student0073@student.hitech.lk,ACTIVE,STUDENT,5,DS-ML-210,ACTIVE,Digital Marketing,ACTIVE,OPEN,45000.0,10,WEEKS,2,70,7,1,4,1,1,53.57,8,9,1,16,1,5,2,3,0,5,2,2,2,59.72,72.65,46.78,1,1,0,1,62.73,PENDING,0,0,0.0,1,2,1,0,0,2,0,0,0,0,19,Medium
392,student0392@student.hitech.lk,ACTIVE,STUDENT,1,SE-JAVA-101,ACTIVE,Software Engineering,ACTIVE,OPEN,40000.0,3,WEEKS,2,54,8,1,3,4,0,31.25,15,10,1,14,11,12,4,7,1,4,2,2,2,49.07,49.85,48.3,0,2,0,0,48.67,SUCCESS,1,0,40000.0,1,1,0,0,0,1,0,0,0,0,19,Medium
342,student0342@student.hitech.lk,ACTIVE,STUDENT,1,SE-JAVA-101,ACTIVE,Software Engineering,ACTIVE,OPEN,40000.0,3,WEEKS,2,95,15,2,1,10,2,26.67,15,10,1,14,11,12,4,7,1,4,0,0,0,0.0,0.0,0.0,0,0,0,0,0.0,PENDING,0,1,0.0,1,2,1,0,0,1,1,2,0,2,90,Low
827,student0827@student.hitech.lk,ACTIVE,STUDENT,7,BM-COMM-110,ACTIVE,Cloud Computing,ACTIVE,OPEN,35000.0,3,WEEKS,1,197,13,6,3,4,0,57.69,13,3,3,7,9,11,3,5,3,1,0,0,0,0.0,0.0,0.0,0,0,0,0,0.0,SUCCESS,1,0,35000.0,1,1,0,0,0,0,1,2,2,0,23,Medium
526,student0526@student.hitech.lk,ACTIVE,STUDENT,10,IT-NET-100,ARCHIVED,Data Science,REMOVED,OPEN,35000.0,8,WEEKS,1,24,2,0,1,1,0,25.0,26,8,0,16,18,14,5,7,2,1,0,0,0,0.0,0.0,0.0,0,0,0,0,0.0,SUCCESS,1,0,35000.0,1,1,1,0,1,0,0,0,0,0,42,Low
733,student0733@student.hitech.lk,ACTIVE,STUDENT,6,CY-SEC-110,ACTIVE,Information Technology,ACTIVE,OPEN,50000.0,16,WEEKS,1,141,20,8,3,8,1,51.25,20,9,0,15,14,17,4,8,5,5,2,1,1,26.89,26.89,26.89,0,1,0,3,25.51,SUCCESS,1,0,50000.0,1,3,1,2,2,0,1,0,0,0,39,Low
495,student0495@student.hitech.lk,ACTIVE,STUDENT,9,DM-SEO-101,ARCHIVED,Software Engineering,ACTIVE,OPEN,30000.0,12,WEEKS,2,69,10,2,3,5,0,35.0,13,2,0,5,10,13,4,6,3,5,2,2,2,48.62,61.51,35.73,1,1,0,1,45.68,FAILED,0,2,0.0,1,0,0,0,0,0,0,1,1,0,35,Medium
305,student0305@student.hitech.lk,ACTIVE,STUDENT,10,IT-NET-100,ARCHIVED,Data Science,ACTIVE,OPEN,35000.0,8,WEEKS,1,93,12,9,1,2,0,79.17,26,8,0,16,18,14,5,7,2,1,1,1,1,77.16,77.16,77.16,1,0,0,0,77.1,SUCCESS,2,0,35000.0,1,0,0,0,0,0,0,0,0,0,4,Good
47,student0047@student.hitech.lk,ACTIVE,STUDENT,11,CC-AWS-101,ACTIVE,Cybersecurity,ACTIVE,ADMIN_ONLY,40000.0,12,WEEKS,1,115,4,3,0,1,0,75.0,4,14,0,4,14,7,2,3,2,4,3,3,3,59.73,65.01,54.21,3,0,0,0,55.16,PENDING,0,0,0.0,1,1,0,0,0,0,1,2,1,1,6,Average
629,student0629@student.hitech.lk,ACTIVE,STUDENT,3,SE-DB-130,ACTIVE,Cybersecurity,REMOVED,OPEN,50000.0,4,MONTHS,1,36,6,2,0,3,1,45.83,26,8,2,32,2,9,3,4,2,4,1,1,1,29.69,29.69,29.69,0,1,0,2,22.59,SUCCESS,1,0,50000.0,1,0,0,0,0,0,0,0,0,0,60,Low
647,student0647@student.hitech.lk,ACTIVE,STUDENT,5,DS-ML-210,ACTIVE,Digital Marketing,ACTIVE,OPEN,45000.0,10,WEEKS,2,63,8,1,1,3,3,46.88,8,9,1,16,1,5,2,3,0,5,0,0,0,0.0,0.0,0.0,0,0,0,0,0.0,PENDING,0,0,0.0,1,1,1,0,0,1,0,0,0,0,44,Low
29,student0029@student.hitech.lk,ACTIVE,STUDENT,4,DS-PY-101,ACTIVE,Business Management,ACTIVE,OPEN,50000.0,4,MONTHS,2,44,7,3,0,4,0,42.86,28,5,0,29,4,7,3,2,2,3,1,1,1,66.18,66.18,66.18,1,0,0,1,65.51,FAILED,0,1,0.0,0,1,0,0,1,0,0,0,0,0,12,Medium
21,student0021@student.hitech.lk,ACTIVE,STUDENT,4,DS-PY-101,ACTIVE,Business Management,ACTIVE,OPEN,50000.0,4,MONTHS,2,57,9,5,1,3,0,61.11,28,5,0,29,4,7,3,2,2,3,1,1,1,47.1,47.1,47.1,0,1,0,0,50.29,SUCCESS,1,0,50000.0,1,1,0,0,1,0,0,3,2,1,22,Medium
295,student0295@student.hitech.lk,ACTIVE,STUDENT,3,SE-DB-130,ACTIVE,Cybersecurity,COMPLETED,OPEN,50000.0,4,MONTHS,1,216,26,19,0,6,1,75.96,26,8,2,32,2,9,3,4,2,4,2,2,1,54.94,54.94,54.94,1,0,1,1,55.58,PENDING,0,0,0.0,1,1,1,0,0,1,0,1,1,0,26,Medium
621,student0621@student.hitech.lk,ACTIVE,STUDENT,12,GD-UIUX-101,ACTIVE,Business Management,COMPLETED,ADMIN_ONLY,45000.0,8,WEEKS,1,197,12,10,2,0,0,91.67,12,2,0,6,8,14,4,5,5,3,3,3,3,88.86,100.0,72.03,3,0,0,0,87.48,SUCCESS,1,0,45000.0,1,0,0,0,0,0,0,1,1,0,6,Good
770,student0770@student.hitech.lk,ACTIVE,STUDENT,5,DS-ML-210,ACTIVE,Digital Marketing,ACTIVE,OPEN,45000.0,10,WEEKS,2,88,8,7,0,1,0,87.5,8,9,1,16,1,5,2,3,0,5,4,4,4,83.87,88.45,81.34,4,0,0,1,80.91,SUCCESS,1,0,45000.0,1,0,0,0,0,0,0,0,0,0,2,Good
758,student0758@student.hitech.lk,ACTIVE,STUDENT,12,GD-UIUX-101,ACTIVE,Business Management,ACTIVE,ADMIN_ONLY,45000.0,8,WEEKS,1,280,12,5,3,4,0,54.17,12,2,0,6,8,14,4,5,5,3,2,2,2,63.65,67.94,59.36,2,0,0,2,62.76,FAILED,0,1,0.0,1,1,0,0,1,0,0,0,0,0,24,Medium
703,student0703@student.hitech.lk,ACTIVE,STUDENT,6,CY-SEC-110,ACTIVE,Information Technology,ACTIVE,OPEN,50000.0,16,WEEKS,1,87,10,10,0,0,0,100.0,20,9,0,15,14,17,4,8,5,5,5,4,4,93.4,100.0,83.25,4,0,0,0,94.24,SUCCESS,1,1,50000.0,1,0,0,0,0,0,0,1,1,0,0,Good
372,student0372@student.hitech.lk,ACTIVE,STUDENT,10,IT-NET-100,ARCHIVED,Data Science,ACTIVE,OPEN,35000.0,8,WEEKS,1,31,3,2,1,0,0,83.33,26,8,0,16,18,14,5,7,2,1,1,1,1,76.91,76.91,76.91,1,0,0,0,82.22,SUCCESS,1,0,35000.0,1,1,0,0,0,0,1,0,0,0,16,Average
506,student0506@student.hitech.lk,ACTIVE,STUDENT,3,SE-DB-130,ACTIVE,Cybersecurity,REMOVED,OPEN,50000.0,4,MONTHS,1,42,8,2,4,2,0,50.0,26,8,2,32,2,9,3,4,2,4,3,3,3,65.42,76.56,54.29,3,0,0,3,64.31,PENDING,0,0,0.0,1,0,0,0,0,0,0,0,0,0,18,Medium
677,student0677@student.hitech.lk,INACTIVE,STUDENT,4,DS-PY-101,ACTIVE,Business Management,COMPLETED,OPEN,50000.0,4,MONTHS,2,118,22,11,1,10,0,52.27,28,5,0,29,4,7,3,2,2,3,2,2,2,55.58,59.79,51.38,2,0,0,0,57.8,SUCCESS,1,0,50000.0,1,0,0,0,0,0,0,2,2,0,34,Average
201,student0201@student.hitech.lk,PENDING_VERIFICATION,STUDENT,5,DS-ML-210,ACTIVE,Digital Marketing,REMOVED,OPEN,45000.0,10,WEEKS,2,13,1,0,0,0,1,75.0,8,9,1,16,1,5,2,3,0,5,0,0,0,0.0,0.0,0.0,0,0,0,0,0.0,SUCCESS,3,0,45000.0,2,2,2,0,2,0,0,1,1,0,82,Low
422,student0422@student.hitech.lk,ACTIVE,STUDENT,7,BM-COMM-110,ACTIVE,Cloud Computing,COMPLETED,OPEN,35000.0,3,WEEKS,1,68,9,5,3,1,0,72.22,13,3,3,7,9,11,3,5,3,1,1,0,0,0.0,0.0,0.0,0,0,0,0,0.0,SUCCESS,1,0,35000.0,1,1,1,0,1,0,0,1,1,0,6,Good
838,student0838@student.hitech.lk,ACTIVE,STUDENT,5,DS-ML-210,ACTIVE,Digital Marketing,COMPLETED,OPEN,45000.0,10,WEEKS,2,183,8,5,1,2,0,68.75,8,9,1,16,1,5,2,3,0,5,5,5,5,89.05,99.62,80.07,5,0,0,0,88.92,SUCCESS,2,0,45000.0,1,0,0,0,0,0,0,0,0,0,5,Good
725,student0725@student.hitech.lk,PENDING_VERIFICATION,STUDENT,4,DS-PY-101,ACTIVE,Business Management,ACTIVE,OPEN,50000.0,4,MONTHS,2,69,8,5,1,2,0,68.75,28,5,0,29,4,7,3,2,2,3,2,2,2,77.32,82.4,72.25,2,0,0,0,74.41,SUCCESS,1,0,50000.0,1,0,0,0,0,0,0,0,0,0,12,Good
313,student0313@student.hitech.lk,ACTIVE,STUDENT,6,CY-SEC-110,ACTIVE,Information Technology,ACTIVE,OPEN,50000.0,16,WEEKS,1,37,5,0,2,2,1,35.0,20,9,0,15,14,17,4,8,5,5,3,3,3,51.88,59.21,40.67,2,1,0,0,49.56,SUCCESS,1,0,50000.0,1,1,0,1,0,0,1,1,1,0,34,Medium
309,student0309@student.hitech.lk,ACTIVE,STUDENT,9,DM-SEO-101,ARCHIVED,Software Engineering,ACTIVE,OPEN,30000.0,12,WEEKS,2,109,13,3,0,10,0,23.08,13,2,0,5,10,13,4,6,3,5,2,2,2,27.67,33.38,21.96,0,2,0,2,24.11,SUCCESS,2,0,30000.0,1,1,0,0,0,0,1,0,0,0,76,Low
166,student0166@student.hitech.lk,ACTIVE,STUDENT,10,IT-NET-100,ARCHIVED,Data Science,COMPLETED,OPEN,35000.0,8,WEEKS,1,186,21,19,0,2,0,90.48,26,8,0,16,18,14,5,7,2,1,1,0,0,0.0,0.0,0.0,0,0,0,0,0.0,SUCCESS,1,0,35000.0,1,0,0,0,0,0,0,0,0,0,1,Good
644,student0644@student.hitech.lk,ACTIVE,STUDENT,1,SE-JAVA-101,ACTIVE,Software Engineering,ACTIVE,OPEN,40000.0,3,WEEKS,2,113,15,12,2,1,0,86.67,15,10,1,14,11,12,4,7,1,4,4,4,4,85.25,96.08,63.64,4,0,0,0,81.15,PENDING,0,0,0.0,1,0,0,0,0,0,0,0,0,0,2,Good
688,student0688@student.hitech.lk,ACTIVE,STUDENT,5,DS-ML-210,ACTIVE,Digital Marketing,COMPLETED,OPEN,45000.0,10,WEEKS,2,206,8,5,1,1,1,78.12,8,9,1,16,1,5,2,3,0,5,5,5,5,84.34,99.57,71.65,5,0,0,0,83.62,SUCCESS,1,0,45000.0,1,0,0,0,0,0,0,2,1,1,7,Good
335,student0335@student.hitech.lk,ACTIVE,STUDENT,6,CY-SEC-110,ACTIVE,Information Technology,ACTIVE,OPEN,50000.0,16,WEEKS,1,52,6,2,2,2,0,50.0,20,9,0,15,14,17,4,8,5,5,2,2,2,59.34,62.58,56.1,2,0,0,1,57.5,SUCCESS,2,0,50000.0,2,1,1,0,0,1,0,0,0,0,15,Medium
265,student0265@student.hitech.lk,ACTIVE,STUDENT,4,DS-PY-101,ACTIVE,Business Management,ACTIVE,OPEN,50000.0,4,MONTHS,2,171,28,24,0,2,2,91.07,28,5,0,29,4,7,3,2,2,3,1,1,1,62.72,62.72,62.72,1,0,0,0,59.44,SUCCESS,1,0,50000.0,1,1,1,0,1,0,0,0,0,0,4,Average
103,student0103@student.hitech.lk,ACTIVE,STUDENT,1,SE-JAVA-101,ACTIVE,Software Engineering,ACTIVE,OPEN,40000.0,3,WEEKS,2,42,4,2,1,1,0,62.5,15,10,1,14,11,12,4,7,1,4,2,2,2,67.84,67.97,67.71,2,0,0,0,65.62,SUCCESS,1,0,40000.0,1,2,1,0,1,1,0,1,1,0,3,Average
195,student0195@student.hitech.lk,ACTIVE,STUDENT,6,CY-SEC-110,ACTIVE,Information Technology,ACTIVE,OPEN,50000.0,16,WEEKS,1,66,9,8,1,0,0,94.44,20,9,0,15,14,17,4,8,5,5,5,5,5,78.62,92.73,61.81,5,0,0,0,73.13,SUCCESS,1,0,50000.0,1,0,0,0,0,0,0,3,3,0,3,Good
280,student0280@student.hitech.lk,ACTIVE,STUDENT,1,SE-JAVA-101,ACTIVE,Software Engineering,ACTIVE,OPEN,40000.0,3,WEEKS,2,22,2,2,0,0,0,100.0,15,10,1,14,11,12,4,7,1,4,4,4,4,88.58,92.92,85.56,4,0,0,1,87.09,SUCCESS,1,0,40000.0,1,0,0,0,0,0,0,1,1,0,4,Good
586,student0586@student.hitech.lk,ACTIVE,STUDENT,3,SE-DB-130,ACTIVE,Cybersecurity,ACTIVE,OPEN,50000.0,4,MONTHS,1,69,12,11,0,1,0,91.67,26,8,2,32,2,9,3,4,2,4,3,3,3,87.57,93.34,83.69,3,0,0,0,83.18,SUCCESS,3,0,50000.0,1,0,0,0,0,0,0,0,0,0,4,Good
677,student0677@student.hitech.lk,ACTIVE,STUDENT,10,IT-NET-100,ARCHIVED,Data Science,ACTIVE,OPEN,35000.0,8,WEEKS,1,145,16,10,1,3,2,75.0,26,8,0,16,18,14,5,7,2,1,0,0,0,0.0,0.0,0.0,0,0,0,0,0.0,SUCCESS,1,0,35000.0,2,3,1,0,1,1,1,0,0,0,34,Medium
11,student0011@student.hitech.lk,ACTIVE,STUDENT,8,BM-MGMT-201,ACTIVE,Graphic Design,ACTIVE,ADMIN_ONLY,50000.0,3,WEEKS,2,44,5,2,1,2,0,50.0,7,6,0,10,3,13,7,5,1,1,1,1,1,79.59,79.59,79.59,1,0,0,1,78.96,SUCCESS,1,0,50000.0,1,1,1,0,1,0,0,1,1,0,17,Average
380,student0380@student.hitech.lk,ACTIVE,STUDENT,7,BM-COMM-110,ACTIVE,Cloud Computing,ACTIVE,OPEN,35000.0,3,WEEKS,1,33,3,1,1,0,1,75.0,13,3,3,7,9,11,3,5,3,1,0,0,0,0.0,0.0,0.0,0,0,0,0,0.0,FAILED,0,1,0.0,1,1,1,1,1,0,0,0,0,0,12,Medium
813,student0813@student.hitech.lk,PENDING_VERIFICATION,STUDENT,3,SE-DB-130,ACTIVE,Cybersecurity,ACTIVE,OPEN,50000.0,4,MONTHS,1,88,16,8,1,5,2,62.5,26,8,2,32,2,9,3,4,2,4,2,1,1,59.4,59.4,59.4,1,0,0,2,57.72,SUCCESS,3,0,50000.0,1,1,0,0,1,0,0,3,3,0,30,Medium
751,student0751@student.hitech.lk,ACTIVE,STUDENT,9,DM-SEO-101,ARCHIVED,Software Engineering,ACTIVE,OPEN,30000.0,12,WEEKS,2,33,6,0,2,3,1,29.17,13,2,0,5,10,13,4,6,3,5,2,2,2,45.54,46.69,44.4,0,2,0,1,42.5,PENDING,0,0,0.0,1,1,1,1,0,0,1,1,0,1,46,Low
782,student0782@student.hitech.lk,ACTIVE,STUDENT,8,BM-MGMT-201,ACTIVE,Graphic Design,ACTIVE,ADMIN_ONLY,50000.0,3,WEEKS,2,68,7,2,3,1,1,60.71,7,6,0,10,3,13,7,5,1,1,1,0,0,0.0,0.0,0.0,0,0,0,2,0.0,SUCCESS,1,0,50000.0,1,1,0,0,0,0,1,0,0,0,30,Medium
221,student0221@student.hitech.lk,ACTIVE,STUDENT,7,BM-COMM-110,ACTIVE,Cloud Computing,COMPLETED,OPEN,35000.0,3,WEEKS,1,213,13,11,0,1,1,90.38,13,3,3,7,9,11,3,5,3,1,1,1,1,99.5,99.5,99.5,1,0,0,1,98.9,SUCCESS,2,0,35000.0,1,0,0,0,0,0,0,0,0,0,3,Good
425,student0425@student.hitech.lk,ACTIVE,STUDENT,7,BM-COMM-110,ACTIVE,Cloud Computing,COMPLETED,OPEN,35000.0,3,WEEKS,1,137,13,11,0,1,1,90.38,13,3,3,7,9,11,3,5,3,1,1,1,1,100.0,100.0,100.0,1,0,0,0,100.0,PENDING,0,1,0.0,1,0,0,0,0,0,0,0,0,0,3,Good
202,student0202@student.hitech.lk,ACTIVE,STUDENT,9,DM-SEO-101,ARCHIVED,Software Engineering,ACTIVE,OPEN,30000.0,12,WEEKS,2,47,7,1,3,3,0,35.71,13,2,0,5,10,13,4,6,3,5,3,3,3,50.23,56.92,43.28,2,1,0,1,55.03,FAILED,0,1,0.0,1,3,0,1,1,0,2,2,2,0,37,Medium
410,student0410@student.hitech.lk,ACTIVE,STUDENT,10,IT-NET-100,ARCHIVED,Data Science,ACTIVE,OPEN,35000.0,8,WEEKS,1,61,8,3,2,3,0,50.0,26,8,0,16,18,14,5,7,2,1,1,1,1,63.59,63.59,63.59,1,0,0,1,62.34,FAILED,0,2,0.0,0,0,0,0,0,0,0,2,1,1,7,Average
31,student0031@student.hitech.lk,ACTIVE,STUDENT,6,CY-SEC-110,ACTIVE,Information Technology,ACTIVE,OPEN,50000.0,16,WEEKS,1,106,13,6,3,4,0,57.69,20,9,0,15,14,17,4,8,5,5,2,1,1,42.2,42.2,42.2,0,1,0,2,42.27,SUCCESS,1,0,50000.0,1,1,0,0,0,0,1,3,1,2,22,Medium
817,student0817@student.hitech.lk,ACTIVE,STUDENT,10,IT-NET-100,ARCHIVED,Data Science,ACTIVE,OPEN,35000.0,8,WEEKS,1,41,6,1,2,1,2,58.33,26,8,0,16,18,14,5,7,2,1,1,1,1,57.91,57.91,57.91,1,0,0,2,56.54,SUCCESS,1,0,35000.0,1,0,0,0,0,0,0,1,0,1,38,Medium
449,student0449@student.hitech.lk,ACTIVE,STUDENT,12,GD-UIUX-101,ACTIVE,Business Management,ACTIVE,ADMIN_ONLY,45000.0,8,WEEKS,1,146,12,8,1,2,1,77.08,12,2,0,6,8,14,4,5,5,3,3,3,3,75.94,89.46,59.02,3,0,0,0,74.7,SUCCESS,1,0,45000.0,1,0,0,0,0,0,0,0,0,0,1,Good
726,student0726@student.hitech.lk,ACTIVE,STUDENT,9,DM-SEO-101,ARCHIVED,Software Engineering,COMPLETED,OPEN,30000.0,12,WEEKS,2,236,13,7,2,3,1,67.31,13,2,0,5,10,13,4,6,3,5,4,4,4,56.15,59.93,53.39,4,0,0,0,56.87,SUCCESS,1,0,30000.0,1,0,0,0,0,0,0,1,1,0,13,Average
30,student0030@student.hitech.lk,INACTIVE,STUDENT,7,BM-COMM-110,ACTIVE,Cloud Computing,ACTIVE,OPEN,35000.0,3,WEEKS,1,170,13,7,0,6,0,53.85,13,3,3,7,9,11,3,5,3,1,1,1,1,66.57,66.57,66.57,1,0,0,0,68.17,PENDING,0,1,0.0,1,0,0,0,0,0,0,1,1,0,30,Average
43,student0043@student.hitech.lk,PENDING_VERIFICATION,STUDENT,5,DS-ML-210,ACTIVE,Digital Marketing,REMOVED,OPEN,45000.0,10,WEEKS,2,50,6,1,0,5,0,16.67,8,9,1,16,1,5,2,3,0,5,2,2,2,39.37,43.81,34.92,0,2,0,2,40.97,SUCCESS,1,1,45000.0,1,4,3,1,1,0,3,1,0,1,80,Low
357,student0357@student.hitech.lk,ACTIVE,STUDENT,11,CC-AWS-101,ACTIVE,Cybersecurity,ACTIVE,ADMIN_ONLY,40000.0,12,WEEKS,1,74,4,2,0,2,0,50.0,4,14,0,4,14,7,2,3,2,4,3,3,3,43.69,51.38,36.56,1,2,0,0,38.24,SUCCESS,1,0,40000.0,1,0,0,0,0,0,0,0,0,0,37,Medium
44,student0044@student.hitech.lk,ACTIVE,STUDENT,6,CY-SEC-110,ACTIVE,Information Technology,ACTIVE,OPEN,50000.0,16,WEEKS,1,92,13,11,1,0,1,94.23,20,9,0,15,14,17,4,8,5,5,5,5,5,82.77,96.83,73.97,5,0,0,0,82.08,SUCCESS,2,0,50000.0,1,1,0,0,0,0,1,0,0,0,5,Good
729,student0729@student.hitech.lk,INACTIVE,STUDENT,2,SE-WEB-120,DRAFT,Data Science,ACTIVE,ADMIN_ONLY,25000.0,16,WEEKS,3,55,0,0,0,0,0,0.0,28,10,0,16,22,9,5,4,0,1,1,1,1,47.06,47.06,47.06,0,1,0,0,46.74,SUCCESS,2,0,25000.0,1,0,0,0,0,0,0,3,2,1,38,Average
560,student0560@student.hitech.lk,PENDING_VERIFICATION,STUDENT,1,SE-JAVA-101,ACTIVE,Software Engineering,ACTIVE,OPEN,40000.0,3,WEEKS,2,124,15,10,2,2,1,78.33,15,10,1,14,11,12,4,7,1,4,4,4,4,67.3,74.88,55.84,4,0,0,0,65.86,SUCCESS,2,0,40000.0,2,0,0,0,0,0,0,1,1,0,19,Average
391,student0391@student.hitech.lk,ACTIVE,STUDENT,4,DS-PY-101,ACTIVE,Business Management,ACTIVE,OPEN,50000.0,4,MONTHS,2,40,6,3,0,3,0,50.0,28,5,0,29,4,7,3,2,2,3,2,2,2,48.59,49.18,47.99,0,2,0,3,48.73,SUCCESS,1,0,50000.0,1,1,0,0,1,0,0,0,0,0,35,Medium
513,student0513@student.hitech.lk,ACTIVE,STUDENT,5,DS-ML-210,ACTIVE,Digital Marketing,ACTIVE,OPEN,45000.0,10,WEEKS,2,81,8,4,2,2,0,62.5,8,9,1,16,1,5,2,3,0,5,2,2,2,59.29,69.7,48.88,1,1,0,1,59.1,FAILED,0,1,0.0,0,1,0,0,0,0,1,2,1,1,15,Medium
493,student0493@student.hitech.lk,ACTIVE,STUDENT,11,CC-AWS-101,ACTIVE,Cybersecurity,REMOVED,ADMIN_ONLY,40000.0,12,WEEKS,1,25,3,0,2,1,0,33.33,4,14,0,4,14,7,2,3,2,4,3,3,3,60.59,62.97,56.19,3,0,0,1,55.33,SUCCESS,1,0,40000.0,1,1,0,0,1,0,0,1,0,1,23,Medium
21,student0021@student.hitech.lk,ACTIVE,STUDENT,1,SE-JAVA-101,ACTIVE,Software Engineering,ACTIVE,OPEN,40000.0,3,WEEKS,2,55,7,4,1,2,0,64.29,15,10,1,14,11,12,4,7,1,4,2,2,2,57.53,59.62,55.43,2,0,0,2,60.45,SUCCESS,1,0,40000.0,1,1,0,0,1,0,0,2,2,0,38,Medium
290,student0290@student.hitech.lk,ACTIVE,STUDENT,4,DS-PY-101,ACTIVE,Business Management,REMOVED,OPEN,50000.0,4,MONTHS,2,22,3,0,1,0,2,66.67,28,5,0,29,4,7,3,2,2,3,1,1,1,9.6,9.6,9.6,0,1,0,3,8.19,SUCCESS,2,0,50000.0,1,4,2,1,2,1,1,1,0,1,72,Low
462,student0462@student.hitech.lk,PENDING_VERIFICATION,STUDENT,3,SE-DB-130,ACTIVE,Cybersecurity,ACTIVE,OPEN,50000.0,4,MONTHS,1,103,18,12,0,6,0,66.67,26,8,2,32,2,9,3,4,2,4,3,3,3,78.55,80.61,76.88,3,0,0,4,76.7,SUCCESS,1,0,50000.0,2,0,0,0,0,0,0,0,0,0,24,Average
30,student0030@student.hitech.lk,ACTIVE,STUDENT,11,CC-AWS-101,ACTIVE,Cybersecurity,ACTIVE,ADMIN_ONLY,40000.0,12,WEEKS,1,36,4,1,0,3,0,25.0,4,14,0,4,14,7,2,3,2,4,1,1,1,53.25,53.25,53.25,1,0,0,2,44.14,PENDING,0,0,0.0,1,2,1,0,0,2,0,1,1,0,81,Low
697,student0697@student.hitech.lk,ACTIVE,STUDENT,5,DS-ML-210,ACTIVE,Digital Marketing,ACTIVE,OPEN,45000.0,10,WEEKS,2,40,5,0,3,2,0,30.0,8,9,1,16,1,5,2,3,0,5,3,3,3,60.75,62.03,58.28,3,0,0,2,60.91,SUCCESS,1,0,45000.0,1,1,0,0,1,0,0,2,1,1,33,Medium
746,student0746@student.hitech.lk,ACTIVE,STUDENT,3,SE-DB-130,ACTIVE,Cybersecurity,ACTIVE,OPEN,50000.0,4,MONTHS,1,127,22,18,1,3,0,84.09,26,8,2,32,2,9,3,4,2,4,3,2,2,59.52,61.22,57.81,2,0,0,3,58.54,SUCCESS,3,0,50000.0,1,1,1,0,0,1,0,1,1,0,15,Average
184,student0184@student.hitech.lk,ACTIVE,STUDENT,1,SE-JAVA-101,ACTIVE,Software Engineering,ACTIVE,OPEN,40000.0,3,WEEKS,2,150,15,9,3,2,1,75.0,15,10,1,14,11,12,4,7,1,4,4,4,3,83.56,89.37,79.5,3,0,1,0,81.94,SUCCESS,1,1,40000.0,1,1,0,0,1,0,0,4,4,0,4,Good
638,student0638@student.hitech.lk,ACTIVE,STUDENT,4,DS-PY-101,ACTIVE,Business Management,ACTIVE,OPEN,50000.0,4,MONTHS,2,92,11,7,1,3,0,68.18,28,5,0,29,4,7,3,2,2,3,3,3,3,63.41,70.8,54.03,3,0,0,0,65.93,SUCCESS,1,0,50000.0,1,1,1,0,1,0,0,0,0,0,7,Average
69,student0069@student.hitech.lk,ACTIVE,STUDENT,11,CC-AWS-101,ACTIVE,Cybersecurity,ACTIVE,ADMIN_ONLY,40000.0,12,WEEKS,1,49,4,4,0,0,0,100.0,4,14,0,4,14,7,2,3,2,4,3,3,3,79.47,95.52,57.05,3,0,0,0,80.28,SUCCESS,1,0,40000.0,1,0,0,0,0,0,0,1,1,0,2,Good
565,student0565@student.hitech.lk,ACTIVE,STUDENT,2,SE-WEB-120,DRAFT,Data Science,ACTIVE,ADMIN_ONLY,25000.0,16,WEEKS,3,48,0,0,0,0,0,0.0,28,10,0,16,22,9,5,4,0,1,1,1,1,89.59,89.59,89.59,1,0,0,0,86.83,SUCCESS,1,0,25000.0,1,1,0,0,0,1,0,0,0,0,1,Good
149,student0149@student.hitech.lk,INACTIVE,STUDENT,10,IT-NET-100,ARCHIVED,Data Science,ACTIVE,OPEN,35000.0,8,WEEKS,1,96,13,3,1,8,1,32.69,26,8,0,16,18,14,5,7,2,1,0,0,0,0.0,0.0,0.0,0,0,0,0,0.0,SUCCESS,1,0,35000.0,1,1,0,0,0,1,0,0,0,0,50,Low
825,student0825@student.hitech.lk,ACTIVE,STUDENT,3,SE-DB-130,ACTIVE,Cybersecurity,ACTIVE,OPEN,50000.0,4,MONTHS,1,38,4,0,4,0,0,50.0,26,8,2,32,2,9,3,4,2,4,4,4,4,94.73,100.0,87.58,4,0,0,0,93.87,SUCCESS,2,0,50000.0,1,0,0,0,0,0,0,2,2,0,7,Good
308,student0308@student.hitech.lk,ACTIVE,STUDENT,9,DM-SEO-101,ARCHIVED,Software Engineering,ACTIVE,OPEN,30000.0,12,WEEKS,2,143,13,11,2,0,0,92.31,13,2,0,5,10,13,4,6,3,5,4,4,4,74.34,88.09,62.52,4,0,0,0,71.99,SUCCESS,2,0,30000.0,1,0,0,0,0,0,0,0,0,0,3,Good
814,student0814@student.hitech.lk,ACTIVE,STUDENT,8,BM-MGMT-201,ACTIVE,Graphic Design,REMOVED,ADMIN_ONLY,50000.0,3,WEEKS,2,164,7,0,3,3,1,32.14,7,6,0,10,3,13,7,5,1,1,0,0,0,0.0,0.0,0.0,0,0,0,0,0.0,SUCCESS,1,0,50000.0,1,0,0,0,0,0,0,0,0,0,81,Low
720,student0720@student.hitech.lk,ACTIVE,STUDENT,10,IT-NET-100,ARCHIVED,Data Science,ACTIVE,OPEN,35000.0,8,WEEKS,1,48,6,1,2,2,1,45.83,26,8,0,16,18,14,5,7,2,1,1,1,0,0.0,0.0,0.0,0,0,1,1,0.0,SUCCESS,1,0,35000.0,1,2,2,0,1,0,1,3,2,1,20,Medium
422,student0422@student.hitech.lk,ACTIVE,STUDENT,3,SE-DB-130,ACTIVE,Cybersecurity,ACTIVE,OPEN,50000.0,4,MONTHS,1,49,9,8,0,1,0,88.89,26,8,2,32,2,9,3,4,2,4,4,4,4,80.26,81.55,79.56,4,0,0,0,86.76,SUCCESS,1,0,50000.0,1,0,0,0,0,0,0,1,1,0,4,Good
108,student0108@student.hitech.lk,ACTIVE,STUDENT,6,CY-SEC-110,ACTIVE,Information Technology,ACTIVE,OPEN,50000.0,16,WEEKS,1,68,12,9,1,2,0,79.17,20,9,0,15,14,17,4,8,5,5,4,4,4,71.43,78.41,66.9,4,0,0,0,68.52,PENDING,0,1,0.0,1,2,0,0,0,1,1,0,0,0,7,Average
846,student0846@student.hitech.lk,ACTIVE,STUDENT,1,SE-JAVA-101,ACTIVE,Software Engineering,COMPLETED,OPEN,40000.0,3,WEEKS,2,250,15,15,0,0,0,100.0,15,10,1,14,11,12,4,7,1,4,4,3,3,84.17,89.49,79.4,3,0,0,0,92.65,SUCCESS,1,0,40000.0,1,1,0,0,0,0,1,1,0,1,1,Good
597,student0597@student.hitech.lk,ACTIVE,STUDENT,9,DM-SEO-101,ARCHIVED,Software Engineering,ACTIVE,OPEN,30000.0,12,WEEKS,2,94,13,8,3,2,0,73.08,13,2,0,5,10,13,4,6,3,5,3,3,2,84.56,87.36,81.75,2,0,1,1,91.95,PENDING,0,0,0.0,1,1,0,0,0,1,0,2,2,0,4,Average
315,student0315@student.hitech.lk,ACTIVE,STUDENT,5,DS-ML-210,ACTIVE,Digital Marketing,ACTIVE,OPEN,45000.0,10,WEEKS,2,237,8,5,2,0,1,84.38,8,9,1,16,1,5,2,3,0,5,5,5,5,82.87,85.9,76.26,5,0,0,1,82.1,SUCCESS,1,0,45000.0,1,0,0,0,0,0,0,0,0,0,1,Good
596,student0596@student.hitech.lk,ACTIVE,STUDENT,4,DS-PY-101,ACTIVE,Business Management,ACTIVE,OPEN,50000.0,4,MONTHS,2,31,4,2,1,1,0,62.5,28,5,0,29,4,7,3,2,2,3,2,2,2,64.53,68.08,60.97,2,0,0,1,63.03,SUCCESS,1,0,50000.0,1,0,0,0,0,0,0,0,0,0,5,Average
481,student0481@student.hitech.lk,ACTIVE,STUDENT,4,DS-PY-101,ACTIVE,Business Management,ACTIVE,OPEN,50000.0,4,MONTHS,2,63,11,4,0,7,0,36.36,28,5,0,29,4,7,3,2,2,3,1,1,1,37.6,37.6,37.6,0,1,0,2,37.83,PENDING,0,0,0.0,1,1,0,0,1,0,0,0,0,0,61,Low
153,student0153@student.hitech.lk,ACTIVE,STUDENT,9,DM-SEO-101,ARCHIVED,Software Engineering,COMPLETED,OPEN,30000.0,12,WEEKS,2,234,13,9,0,4,0,69.23,13,2,0,5,10,13,4,6,3,5,3,3,3,42.12,50.11,26.17,2,1,0,2,47.12,SUCCESS,3,0,30000.0,1,1,0,0,0,1,0,0,0,0,14,Medium
488,student0488@student.hitech.lk,ACTIVE,STUDENT,12,GD-UIUX-101,ACTIVE,Business Management,ACTIVE,ADMIN_ONLY,45000.0,8,WEEKS,1,48,7,0,5,2,0,35.71,12,2,0,6,8,14,4,5,5,3,1,1,1,54.73,54.73,54.73,1,0,0,1,61.63,SUCCESS,2,2,45000.0,1,1,1,0,1,0,0,1,1,0,26,Medium
256,student0256@student.hitech.lk,ACTIVE,STUDENT,2,SE-WEB-120,DRAFT,Data Science,COMPLETED,ADMIN_ONLY,25000.0,16,WEEKS,3,197,0,0,0,0,0,0.0,28,10,0,16,22,9,5,4,0,1,1,0,0,0.0,0.0,0.0,0,0,0,0,0.0,SUCCESS,1,0,25000.0,1,0,0,0,0,0,0,0,0,0,7,Good
113,student0113@student.hitech.lk,ACTIVE,STUDENT,12,GD-UIUX-101,ACTIVE,Business Management,ACTIVE,ADMIN_ONLY,45000.0,8,WEEKS,1,84,9,5,0,3,1,63.89,12,2,0,6,8,14,4,5,5,3,0,0,0,0.0,0.0,0.0,0,0,0,0,0.0,PENDING,0,1,0.0,1,0,0,0,0,0,0,0,0,0,69,Low
622,student0622@student.hitech.lk,ACTIVE,STUDENT,8,BM-MGMT-201,ACTIVE,Graphic Design,ACTIVE,ADMIN_ONLY,50000.0,3,WEEKS,2,88,7,4,2,1,0,71.43,7,6,0,10,3,13,7,5,1,1,1,1,1,63.9,63.9,63.9,1,0,0,0,66.26,SUCCESS,2,2,50000.0,1,2,0,0,0,1,1,3,2,1,7,Average
648,student0648@student.hitech.lk,ACTIVE,STUDENT,10,IT-NET-100,ARCHIVED,Data Science,COMPLETED,OPEN,35000.0,8,WEEKS,1,218,26,21,1,4,0,82.69,26,8,0,16,18,14,5,7,2,1,1,1,0,0.0,0.0,0.0,0,0,1,0,0.0,PENDING,0,1,0.0,1,0,0,0,0,0,0,0,0,0,4,Good
194,student0194@student.hitech.lk,ACTIVE,STUDENT,4,DS-PY-101,ACTIVE,Business Management,ACTIVE,OPEN,50000.0,4,MONTHS,2,69,13,11,2,0,0,92.31,28,5,0,29,4,7,3,2,2,3,3,3,3,81.17,85.48,75.27,3,0,0,0,79.58,FAILED,0,1,0.0,0,1,0,0,0,1,0,2,1,1,4,Good
563,student0563@student.hitech.lk,ACTIVE,STUDENT,8,BM-MGMT-201,ACTIVE,Graphic Design,ACTIVE,ADMIN_ONLY,50000.0,3,WEEKS,2,90,7,6,0,0,1,96.43,7,6,0,10,3,13,7,5,1,1,1,1,1,80.0,80.0,80.0,1,0,0,1,79.65,SUCCESS,1,0,50000.0,1,1,0,0,0,1,0,1,1,0,3,Good
220,student0220@student.hitech.lk,PENDING_VERIFICATION,STUDENT,11,CC-AWS-101,ACTIVE,Cybersecurity,COMPLETED,ADMIN_ONLY,40000.0,12,WEEKS,1,113,4,2,1,0,1,81.25,4,14,0,4,14,7,2,3,2,4,4,4,4,79.99,91.07,71.55,4,0,0,1,81.93,PENDING,0,0,0.0,1,0,0,0,0,0,0,0,0,0,11,Good
616,student0616@student.hitech.lk,ACTIVE,STUDENT,2,SE-WEB-120,DRAFT,Data Science,ACTIVE,ADMIN_ONLY,25000.0,16,WEEKS,3,103,2,0,1,1,0,25.0,28,10,0,16,22,9,5,4,0,1,0,0,0,0.0,0.0,0.0,0,0,0,0,0.0,PENDING,0,0,0.0,1,0,0,0,0,0,0,0,0,0,29,Medium
377,student0377@student.hitech.lk,ACTIVE,STUDENT,8,BM-MGMT-201,ACTIVE,Graphic Design,ACTIVE,ADMIN_ONLY,50000.0,3,WEEKS,2,111,7,5,1,1,0,78.57,7,6,0,10,3,13,7,5,1,1,1,1,1,75.42,75.42,75.42,1,0,0,0,74.86,SUCCESS,2,0,50000.0,2,1,0,0,0,1,0,1,1,0,4,Good
680,student0680@student.hitech.lk,ACTIVE,STUDENT,8,BM-MGMT-201,ACTIVE,Graphic Design,REMOVED,ADMIN_ONLY,50000.0,3,WEEKS,2,102,7,2,2,2,1,53.57,7,6,0,10,3,13,7,5,1,1,0,0,0,0.0,0.0,0.0,0,0,0,0,0.0,PENDING,0,0,0.0,1,1,0,1,0,0,1,0,0,0,28,Low
677,student0677@student.hitech.lk,INACTIVE,STUDENT,5,DS-ML-210,ACTIVE,Digital Marketing,ACTIVE,OPEN,45000.0,10,WEEKS,2,59,7,3,1,1,2,71.43,8,9,1,16,1,5,2,3,0,5,4,4,4,68.13,76.78,55.26,4,0,0,0,68.58,SUCCESS,2,0,45000.0,1,0,0,0,0,0,0,5,5,0,18,Average
130,student0130@student.hitech.lk,ACTIVE,STUDENT,6,CY-SEC-110,ACTIVE,Information Technology,ACTIVE,OPEN,50000.0,16,WEEKS,1,170,20,16,0,4,0,80.0,20,9,0,15,14,17,4,8,5,5,3,3,3,81.29,90.88,73.25,3,0,0,0,81.32,FAILED,0,3,0.0,1,0,0,0,0,0,0,1,1,0,11,Average
232,student0232@student.hitech.lk,ACTIVE,STUDENT,12,GD-UIUX-101,ACTIVE,Business Management,ACTIVE,ADMIN_ONLY,45000.0,8,WEEKS,1,97,11,9,0,1,1,88.64,12,2,0,6,8,14,4,5,5,3,1,1,0,0.0,0.0,0.0,0,0,1,1,0.0,SUCCESS,2,0,45000.0,1,1,1,0,1,0,0,0,0,0,32,Medium
810,student0810@student.hitech.lk,ACTIVE,STUDENT,8,BM-MGMT-201,ACTIVE,Graphic Design,COMPLETED,ADMIN_ONLY,50000.0,3,WEEKS,2,238,7,4,2,1,0,71.43,7,6,0,10,3,13,7,5,1,1,1,1,1,75.03,75.03,75.03,1,0,0,0,74.35,PENDING,0,0,0.0,1,0,0,0,0,0,0,0,0,0,3,Good
105,student0105@student.hitech.lk,ACTIVE,STUDENT,3,SE-DB-130,ACTIVE,Cybersecurity,COMPLETED,OPEN,50000.0,4,MONTHS,1,206,26,23,2,1,0,92.31,26,8,2,32,2,9,3,4,2,4,3,3,3,62.25,66.41,58.72,3,0,0,0,63.3,SUCCESS,1,1,50000.0,1,0,0,0,0,0,0,1,1,0,18,Average
688,student0688@student.hitech.lk,ACTIVE,STUDENT,11,CC-AWS-101,ACTIVE,Cybersecurity,ACTIVE,ADMIN_ONLY,40000.0,12,WEEKS,1,160,4,0,3,1,0,37.5,4,14,0,4,14,7,2,3,2,4,4,4,4,88.79,99.44,78.36,4,0,0,0,88.31,SUCCESS,1,0,40000.0,1,0,0,0,0,0,0,1,1,0,5,Good
282,student0282@student.hitech.lk,ACTIVE,STUDENT,9,DM-SEO-101,ARCHIVED,Software Engineering,ACTIVE,OPEN,30000.0,12,WEEKS,2,66,8,6,0,2,0,75.0,13,2,0,5,10,13,4,6,3,5,3,3,3,85.88,92.58,81.78,3,0,0,0,79.46,SUCCESS,1,0,30000.0,1,1,0,0,0,1,0,1,1,0,13,Average
567,student0567@student.hitech.lk,ACTIVE,STUDENT,5,DS-ML-210,ACTIVE,Digital Marketing,COMPLETED,OPEN,45000.0,10,WEEKS,2,205,8,8,0,0,0,100.0,8,9,1,16,1,5,2,3,0,5,5,5,5,87.88,100.0,68.14,5,0,0,0,89.76,PENDING,0,0,0.0,1,1,0,0,0,1,0,0,0,0,0,Good
146,student0146@student.hitech.lk,ACTIVE,STUDENT,7,BM-COMM-110,ACTIVE,Cloud Computing,ACTIVE,OPEN,35000.0,3,WEEKS,1,58,6,1,3,2,0,41.67,13,3,3,7,9,11,3,5,3,1,0,0,0,0.0,0.0,0.0,0,0,0,0,0.0,SUCCESS,2,0,35000.0,1,2,1,1,0,0,2,0,0,0,26,Medium
406,student0406@student.hitech.lk,ACTIVE,STUDENT,2,SE-WEB-120,DRAFT,Data Science,ACTIVE,ADMIN_ONLY,25000.0,16,WEEKS,3,28,3,1,1,0,1,75.0,28,10,0,16,22,9,5,4,0,1,0,0,0,0.0,0.0,0.0,0,0,0,0,0.0,FAILED,0,1,0.0,1,3,1,1,2,1,0,0,0,0,80,Low
302,student0302@student.hitech.lk,ACTIVE,STUDENT,9,DM-SEO-101,ARCHIVED,Software Engineering,ACTIVE,OPEN,30000.0,12,WEEKS,2,81,13,7,2,3,1,67.31,13,2,0,5,10,13,4,6,3,5,3,3,3,62.07,69.26,56.99,3,0,0,1,65.5,SUCCESS,2,0,30000.0,1,0,0,0,0,0,0,2,0,2,26,Medium
812,student0812@student.hitech.lk,ACTIVE,STUDENT,3,SE-DB-130,ACTIVE,Cybersecurity,ACTIVE,OPEN,50000.0,4,MONTHS,1,53,8,6,0,2,0,75.0,26,8,2,32,2,9,3,4,2,4,3,3,3,77.36,80.61,74.76,3,0,0,0,76.95,SUCCESS,2,0,50000.0,1,0,0,0,0,0,0,1,0,1,10,Average
757,student0757@student.hitech.lk,ACTIVE,STUDENT,12,GD-UIUX-101,ACTIVE,Business Management,ACTIVE,ADMIN_ONLY,45000.0,8,WEEKS,1,31,6,3,0,3,0,50.0,12,2,0,6,8,14,4,5,5,3,2,2,2,50.72,52.69,48.74,1,1,0,1,49.81,SUCCESS,2,1,45000.0,1,0,0,0,0,0,0,0,0,0,37,Medium
781,student0781@student.hitech.lk,ACTIVE,STUDENT,3,SE-DB-130,ACTIVE,Cybersecurity,COMPLETED,OPEN,50000.0,4,MONTHS,1,197,24,12,2,10,0,54.17,26,8,2,32,2,9,3,4,2,4,2,1,1,63.82,63.82,63.82,1,0,0,3,68.54,SUCCESS,2,0,50000.0,1,1,0,1,0,1,0,0,0,0,24,Medium
528,student0528@student.hitech.lk,ACTIVE,STUDENT,7,BM-COMM-110,ACTIVE,Cloud Computing,ACTIVE,OPEN,35000.0,3,WEEKS,1,25,3,2,1,0,0,83.33,13,3,3,7,9,11,3,5,3,1,1,1,1,58.61,58.61,58.61,1,0,0,0,59.96,SUCCESS,2,0,35000.0,1,0,0,0,0,0,0,1,0,1,11,Average
211,student0211@student.hitech.lk,ACTIVE,STUDENT,3,SE-DB-130,ACTIVE,Cybersecurity,REMOVED,OPEN,50000.0,4,MONTHS,1,18,2,0,1,0,1,62.5,26,8,2,32,2,9,3,4,2,4,2,2,2,53.95,59.69,48.2,1,1,0,1,59.66,SUCCESS,3,0,50000.0,1,3,1,2,2,0,1,1,1,0,15,Medium
59,student0059@student.hitech.lk,ACTIVE,STUDENT,5,DS-ML-210,ACTIVE,Digital Marketing,ACTIVE,OPEN,45000.0,10,WEEKS,2,101,8,6,0,2,0,75.0,8,9,1,16,1,5,2,3,0,5,5,5,5,86.96,100.0,73.53,5,0,0,0,80.34,SUCCESS,1,0,45000.0,1,0,0,0,0,0,0,0,0,0,4,Good
159,student0159@student.hitech.lk,ACTIVE,STUDENT,6,CY-SEC-110,ACTIVE,Information Technology,COMPLETED,OPEN,50000.0,16,WEEKS,1,219,20,5,2,13,0,30.0,20,9,0,15,14,17,4,8,5,5,4,4,4,40.98,45.22,33.89,0,4,0,0,47.09,SUCCESS,2,0,50000.0,1,0,0,0,0,0,0,1,0,1,27,Medium
185,student0185@student.hitech.lk,ACTIVE,STUDENT,12,GD-UIUX-101,ACTIVE,Business Management,COMPLETED,ADMIN_ONLY,45000.0,8,WEEKS,1,210,12,10,0,1,1,89.58,12,2,0,6,8,14,4,5,5,3,3,3,3,90.14,95.04,85.95,3,0,0,0,84.48,SUCCESS,2,0,45000.0,1,0,0,0,0,0,0,2,1,1,7,Good
550,student0550@student.hitech.lk,ACTIVE,STUDENT,1,SE-JAVA-101,ACTIVE,Software Engineering,ACTIVE,OPEN,40000.0,3,WEEKS,2,56,7,5,0,2,0,71.43,15,10,1,14,11,12,4,7,1,4,4,4,4,85.83,93.57,75.06,4,0,0,1,92.49,SUCCESS,2,2,40000.0,1,1,0,0,0,0,1,0,0,0,4,Good
433,student0433@student.hitech.lk,ACTIVE,STUDENT,10,IT-NET-100,ARCHIVED,Data Science,ACTIVE,OPEN,35000.0,8,WEEKS,1,67,7,5,1,0,1,89.29,26,8,0,16,18,14,5,7,2,1,1,1,1,78.76,78.76,78.76,1,0,0,0,74.51,PENDING,0,0,0.0,1,0,0,0,0,0,0,0,0,0,7,Good
171,student0171@student.hitech.lk,ACTIVE,STUDENT,3,SE-DB-130,ACTIVE,Cybersecurity,ACTIVE,OPEN,50000.0,4,MONTHS,1,184,26,12,4,6,4,65.38,26,8,2,32,2,9,3,4,2,4,2,2,2,60.92,69.43,52.41,2,0,0,3,66.76,SUCCESS,1,0,50000.0,1,2,1,1,1,0,1,0,0,0,30,Medium
348,student0348@student.hitech.lk,ACTIVE,STUDENT,12,GD-UIUX-101,ACTIVE,Business Management,COMPLETED,ADMIN_ONLY,45000.0,8,WEEKS,1,237,12,7,1,4,0,62.5,12,2,0,6,8,14,4,5,5,3,2,2,2,69.05,73.26,64.83,2,0,0,1,74.71,SUCCESS,2,0,45000.0,1,0,0,0,0,0,0,0,0,0,14,Average
815,student0815@student.hitech.lk,ACTIVE,STUDENT,1,SE-JAVA-101,ACTIVE,Software Engineering,ACTIVE,OPEN,40000.0,3,WEEKS,2,159,15,10,0,5,0,66.67,15,10,1,14,11,12,4,7,1,4,2,1,1,62.11,62.11,62.11,1,0,0,2,59.31,SUCCESS,3,0,40000.0,1,0,0,0,0,0,0,1,1,0,18,Average
754,student0754@student.hitech.lk,ACTIVE,STUDENT,5,DS-ML-210,ACTIVE,Digital Marketing,COMPLETED,OPEN,45000.0,10,WEEKS,2,151,8,7,0,1,0,87.5,8,9,1,16,1,5,2,3,0,5,3,3,3,50.93,51.87,49.26,2,1,0,1,58.28,SUCCESS,1,0,45000.0,1,0,0,0,0,0,0,0,0,0,8,Average
712,student0712@student.hitech.lk,ACTIVE,STUDENT,8,BM-MGMT-201,ACTIVE,Graphic Design,ACTIVE,ADMIN_ONLY,50000.0,3,WEEKS,2,147,7,3,0,2,2,64.29,7,6,0,10,3,13,7,5,1,1,0,0,0,0.0,0.0,0.0,0,0,0,0,0.0,PENDING,0,1,0.0,1,1,0,0,1,0,0,0,0,0,72,Low
328,student0328@student.hitech.lk,ACTIVE,STUDENT,6,CY-SEC-110,ACTIVE,Information Technology,ACTIVE,OPEN,50000.0,16,WEEKS,1,108,18,13,0,5,0,72.22,20,9,0,15,14,17,4,8,5,5,4,4,4,65.28,72.14,53.17,4,0,0,0,66.3,FAILED,0,2,0.0,0,1,0,0,1,0,0,0,0,0,8,Average
491,student0491@student.hitech.lk,ACTIVE,STUDENT,9,DM-SEO-101,ARCHIVED,Software Engineering,REMOVED,OPEN,30000.0,12,WEEKS,2,85,12,3,2,7,0,33.33,13,2,0,5,10,13,4,6,3,5,3,3,3,50.93,61.53,42.69,1,2,0,0,56.1,SUCCESS,1,0,30000.0,1,1,0,0,0,1,0,0,0,0,34,Medium
740,student0740@student.hitech.lk,ACTIVE,STUDENT,9,DM-SEO-101,ARCHIVED,Software Engineering,ACTIVE,OPEN,30000.0,12,WEEKS,2,36,4,2,0,1,1,68.75,13,2,0,5,10,13,4,6,3,5,4,4,4,60.65,68.39,55.65,4,0,0,0,58.85,SUCCESS,1,0,30000.0,1,0,0,0,0,0,0,1,1,0,8,Average
808,student0808@student.hitech.lk,ACTIVE,STUDENT,1,SE-JAVA-101,ACTIVE,Software Engineering,COMPLETED,OPEN,40000.0,3,WEEKS,2,110,13,12,0,1,0,92.31,15,10,1,14,11,12,4,7,1,4,3,3,3,70.21,75.8,64.92,3,0,0,2,69.18,SUCCESS,1,0,40000.0,1,0,0,0,0,0,0,1,1,0,16,Average
829,student0829@student.hitech.lk,ACTIVE,STUDENT,10,IT-NET-100,ARCHIVED,Data Science,ACTIVE,OPEN,35000.0,8,WEEKS,1,150,25,15,4,5,1,71.0,26,8,0,16,18,14,5,7,2,1,1,0,0,0.0,0.0,0.0,0,0,0,0,0.0,PENDING,0,0,0.0,1,0,0,0,0,0,0,2,1,1,11,Average
181,student0181@student.hitech.lk,ACTIVE,STUDENT,12,GD-UIUX-101,ACTIVE,Business Management,COMPLETED,ADMIN_ONLY,45000.0,8,WEEKS,1,174,12,7,2,2,1,72.92,12,2,0,6,8,14,4,5,5,3,2,2,2,58.8,60.67,56.92,2,0,0,0,55.16,SUCCESS,2,1,45000.0,1,0,0,0,0,0,0,0,0,0,10,Average
383,student0383@student.hitech.lk,ACTIVE,STUDENT,10,IT-NET-100,ARCHIVED,Data Science,ACTIVE,OPEN,35000.0,8,WEEKS,1,86,11,11,0,0,0,100.0,26,8,0,16,18,14,5,7,2,1,1,1,1,85.35,85.35,85.35,1,0,0,0,88.95,SUCCESS,1,0,35000.0,1,0,0,0,0,0,0,1,1,0,5,Good
90,student0090@student.hitech.lk,ACTIVE,STUDENT,10,IT-NET-100,ARCHIVED,Data Science,ACTIVE,OPEN,35000.0,8,WEEKS,1,137,26,13,2,11,0,53.85,26,8,0,16,18,14,5,7,2,1,1,1,1,54.38,54.38,54.38,1,0,0,1,51.0,PENDING,0,1,0.0,1,1,0,0,0,1,0,1,1,0,17,Medium
229,student0229@student.hitech.lk,ACTIVE,STUDENT,2,SE-WEB-120,DRAFT,Data Science,REMOVED,ADMIN_ONLY,25000.0,16,WEEKS,3,25,1,0,1,0,0,50.0,28,10,0,16,22,9,5,4,0,1,0,0,0,0.0,0.0,0.0,0,0,0,0,0.0,SUCCESS,1,0,25000.0,1,1,0,0,1,0,0,1,0,1,86,Low
428,student0428@student.hitech.lk,ACTIVE,STUDENT,2,SE-WEB-120,DRAFT,Data Science,COMPLETED,ADMIN_ONLY,25000.0,16,WEEKS,3,178,3,0,2,0,1,58.33,28,10,0,16,22,9,5,4,0,1,1,1,1,64.99,64.99,64.99,1,0,0,0,58.8,PENDING,0,0,0.0,1,1,1,0,1,0,0,0,0,0,18,Medium
312,student0312@student.hitech.lk,ACTIVE,STUDENT,1,SE-JAVA-101,ACTIVE,Software Engineering,ACTIVE,OPEN,40000.0,3,WEEKS,2,39,4,0,1,1,2,50.0,15,10,1,14,11,12,4,7,1,4,2,2,2,33.04,34.31,31.78,0,2,0,2,42.11,FAILED,0,2,0.0,1,2,0,0,1,1,0,0,0,0,83,Low
198,student0198@student.hitech.lk,ACTIVE,STUDENT,11,CC-AWS-101,ACTIVE,Cybersecurity,ACTIVE,ADMIN_ONLY,40000.0,12,WEEKS,1,131,4,2,1,1,0,62.5,4,14,0,4,14,7,2,3,2,4,3,2,1,52.01,52.01,52.01,1,0,1,0,48.5,SUCCESS,1,0,40000.0,1,1,1,0,0,1,0,1,1,0,16,Average
695,student0695@student.hitech.lk,INACTIVE,STUDENT,5,DS-ML-210,ACTIVE,Digital Marketing,ACTIVE,OPEN,45000.0,10,WEEKS,2,129,8,6,1,0,1,90.62,8,9,1,16,1,5,2,3,0,5,5,5,5,83.41,91.65,67.0,5,0,0,0,80.6,SUCCESS,1,0,45000.0,1,0,0,0,0,0,0,0,0,0,30,Good
473,student0473@student.hitech.lk,ACTIVE,STUDENT,11,CC-AWS-101,ACTIVE,Cybersecurity,ACTIVE,ADMIN_ONLY,40000.0,12,WEEKS,1,140,4,2,1,0,1,81.25,4,14,0,4,14,7,2,3,2,4,3,3,3,82.15,91.58,76.2,3,0,0,0,84.76,SUCCESS,1,0,40000.0,2,2,0,0,1,0,1,1,1,0,0,Good
319,student0319@student.hitech.lk,PENDING_VERIFICATION,STUDENT,6,CY-SEC-110,ACTIVE,Information Technology,ACTIVE,OPEN,50000.0,16,WEEKS,1,26,3,2,0,1,0,66.67,20,9,0,15,14,17,4,8,5,5,5,5,5,81.83,95.07,71.34,5,0,0,0,75.11,SUCCESS,1,0,50000.0,1,0,0,0,0,0,0,0,0,0,15,Good
101,student0101@student.hitech.lk,ACTIVE,STUDENT,11,CC-AWS-101,ACTIVE,Cybersecurity,ACTIVE,ADMIN_ONLY,40000.0,12,WEEKS,1,21,2,2,0,0,0,100.0,4,14,0,4,14,7,2,3,2,4,3,3,2,75.02,78.05,71.99,2,0,1,1,65.88,SUCCESS,1,0,40000.0,1,0,0,0,0,0,0,0,0,0,17,Average
413,student0413@student.hitech.lk,INACTIVE,STUDENT,10,IT-NET-100,ARCHIVED,Data Science,COMPLETED,OPEN,35000.0,8,WEEKS,1,177,19,13,2,4,0,73.68,26,8,0,16,18,14,5,7,2,1,1,1,1,64.09,64.09,64.09,1,0,0,1,68.01,SUCCESS,2,0,35000.0,1,0,0,0,0,0,0,0,0,0,21,Good
603,student0603@student.hitech.lk,ACTIVE,STUDENT,7,BM-COMM-110,ACTIVE,Cloud Computing,REMOVED,OPEN,35000.0,3,WEEKS,1,37,5,1,2,0,2,70.0,13,3,3,7,9,11,3,5,3,1,0,0,0,0.0,0.0,0.0,0,0,0,0,0.0,FAILED,0,2,0.0,1,0,0,0,0,0,0,2,1,1,78,Low
817,student0817@student.hitech.lk,ACTIVE,STUDENT,11,CC-AWS-101,ACTIVE,Cybersecurity,ACTIVE,ADMIN_ONLY,40000.0,12,WEEKS,1,39,4,4,0,0,0,100.0,4,14,0,4,14,7,2,3,2,4,3,3,3,96.7,99.53,94.82,3,0,0,0,96.56,SUCCESS,1,1,40000.0,1,0,0,0,0,0,0,1,1,0,7,Good
144,student0144@student.hitech.lk,PENDING_VERIFICATION,STUDENT,1,SE-JAVA-101,ACTIVE,Software Engineering,ACTIVE,OPEN,40000.0,3,WEEKS,2,79,9,2,3,4,0,38.89,15,10,1,14,11,12,4,7,1,4,3,2,2,59.03,63.4,54.67,2,0,0,1,55.11,SUCCESS,3,2,40000.0,1,2,0,0,0,0,2,0,0,0,30,Medium
799,student0799@student.hitech.lk,ACTIVE,STUDENT,2,SE-WEB-120,DRAFT,Data Science,ACTIVE,ADMIN_ONLY,25000.0,16,WEEKS,3,96,0,0,0,0,0,0.0,28,10,0,16,22,9,5,4,0,1,1,1,1,80.18,80.18,80.18,1,0,0,1,81.4,SUCCESS,3,1,25000.0,1,0,0,0,0,0,0,0,0,0,0,Good
37,student0037@student.hitech.lk,ACTIVE,STUDENT,4,DS-PY-101,ACTIVE,Business Management,ACTIVE,OPEN,50000.0,4,MONTHS,2,73,14,7,2,5,0,57.14,28,5,0,29,4,7,3,2,2,3,1,1,1,69.18,69.18,69.18,1,0,0,2,75.3,SUCCESS,1,0,50000.0,1,0,0,0,0,0,0,1,0,1,12,Medium
107,student0107@student.hitech.lk,ACTIVE,STUDENT,1,SE-JAVA-101,ACTIVE,Software Engineering,ACTIVE,OPEN,40000.0,3,WEEKS,2,115,15,14,1,0,0,96.67,15,10,1,14,11,12,4,7,1,4,4,4,4,92.04,100.0,81.44,4,0,0,0,90.55,SUCCESS,3,0,40000.0,1,0,0,0,0,0,0,1,1,0,6,Good
208,student0208@student.hitech.lk,INACTIVE,STUDENT,8,BM-MGMT-201,ACTIVE,Graphic Design,ACTIVE,ADMIN_ONLY,50000.0,3,WEEKS,2,79,7,5,1,0,1,89.29,7,6,0,10,3,13,7,5,1,1,1,1,1,75.23,75.23,75.23,1,0,0,0,81.53,SUCCESS,1,0,50000.0,1,0,0,0,0,0,0,1,1,0,33,Good
408,student0408@student.hitech.lk,ACTIVE,STUDENT,7,BM-COMM-110,ACTIVE,Cloud Computing,ACTIVE,OPEN,35000.0,3,WEEKS,1,33,4,1,2,1,0,50.0,13,3,3,7,9,11,3,5,3,1,1,1,1,69.07,69.07,69.07,1,0,0,4,69.28,SUCCESS,2,0,35000.0,1,2,1,1,0,0,2,0,0,0,13,Average
9,student0009@student.hitech.lk,PENDING_VERIFICATION,STUDENT,9,DM-SEO-101,ARCHIVED,Software Engineering,COMPLETED,OPEN,30000.0,12,WEEKS,2,142,13,11,1,1,0,88.46,13,2,0,5,10,13,4,6,3,5,4,3,3,80.5,87.42,71.11,3,0,0,0,76.24,SUCCESS,1,0,30000.0,1,0,0,0,0,0,0,0,0,0,10,Good
473,student0473@student.hitech.lk,ACTIVE,STUDENT,8,BM-MGMT-201,ACTIVE,Graphic Design,ACTIVE,ADMIN_ONLY,50000.0,3,WEEKS,2,66,7,0,4,3,0,28.57,7,6,0,10,3,13,7,5,1,1,1,1,0,0.0,0.0,0.0,0,0,1,0,0.0,SUCCESS,1,0,50000.0,1,0,0,0,0,0,0,2,1,1,16,Average
368,student0368@student.hitech.lk,INACTIVE,STUDENT,6,CY-SEC-110,ACTIVE,Information Technology,REMOVED,OPEN,50000.0,16,WEEKS,1,34,4,1,0,3,0,25.0,20,9,0,15,14,17,4,8,5,5,1,1,0,0.0,0.0,0.0,0,0,1,1,0.0,SUCCESS,2,0,50000.0,1,2,1,0,0,1,1,0,0,0,83,Low
171,student0171@student.hitech.lk,PENDING_VERIFICATION,STUDENT,10,IT-NET-100,ARCHIVED,Data Science,ACTIVE,OPEN,35000.0,8,WEEKS,1,93,12,4,2,6,0,41.67,26,8,0,16,18,14,5,7,2,1,1,1,1,70.14,70.14,70.14,1,0,0,0,68.86,PENDING,0,1,0.0,1,2,1,0,0,1,1,0,0,0,31,Medium
65,student0065@student.hitech.lk,PENDING_VERIFICATION,STUDENT,4,DS-PY-101,ACTIVE,Business Management,ACTIVE,OPEN,50000.0,4,MONTHS,2,37,5,3,0,2,0,60.0,28,5,0,29,4,7,3,2,2,3,1,1,0,0.0,0.0,0.0,0,0,1,2,0.0,FAILED,0,2,0.0,0,0,0,0,0,0,0,1,0,1,44,Medium
690,student0690@student.hitech.lk,ACTIVE,STUDENT,11,CC-AWS-101,ACTIVE,Cybersecurity,ACTIVE,ADMIN_ONLY,40000.0,12,WEEKS,1,126,4,4,0,0,0,100.0,4,14,0,4,14,7,2,3,2,4,4,3,2,85.87,92.41,79.32,2,0,1,0,83.98,SUCCESS,1,0,40000.0,1,0,0,0,0,0,0,0,0,0,2,Good
817,student0817@student.hitech.lk,ACTIVE,STUDENT,3,SE-DB-130,ACTIVE,Cybersecurity,COMPLETED,OPEN,50000.0,4,MONTHS,1,159,23,22,0,1,0,95.65,26,8,2,32,2,9,3,4,2,4,4,4,4,93.86,100.0,88.57,4,0,0,0,92.67,FAILED,0,1,0.0,0,0,0,0,0,0,0,1,1,0,5,Good
695,student0695@student.hitech.lk,ACTIVE,STUDENT,1,SE-JAVA-101,ACTIVE,Software Engineering,ACTIVE,OPEN,40000.0,3,WEEKS,2,34,4,0,3,1,0,37.5,15,10,1,14,11,12,4,7,1,4,4,3,3,70.75,79.24,64.0,3,0,0,0,67.8,SUCCESS,2,0,40000.0,2,0,0,0,0,0,0,1,1,0,7,Good
731,student0731@student.hitech.lk,ACTIVE,STUDENT,9,DM-SEO-101,ARCHIVED,Software Engineering,ACTIVE,OPEN,30000.0,12,WEEKS,2,30,5,3,1,1,0,70.0,13,2,0,5,10,13,4,6,3,5,3,3,3,73.54,77.63,69.74,3,0,0,1,70.94,SUCCESS,1,0,30000.0,1,0,0,0,0,0,0,0,0,0,7,Average
525,student0525@student.hitech.lk,ACTIVE,STUDENT,6,CY-SEC-110,ACTIVE,Information Technology,ACTIVE,OPEN,50000.0,16,WEEKS,1,106,12,10,0,2,0,83.33,20,9,0,15,14,17,4,8,5,5,4,4,4,65.05,70.18,57.5,4,0,0,0,68.94,FAILED,0,1,0.0,0,1,0,0,1,0,0,3,3,0,7,Average
91,student0091@student.hitech.lk,ACTIVE,STUDENT,7,BM-COMM-110,ACTIVE,Cloud Computing,ACTIVE,OPEN,35000.0,3,WEEKS,1,67,7,5,0,2,0,71.43,13,3,3,7,9,11,3,5,3,1,1,1,1,65.0,65.0,65.0,1,0,0,2,63.38,PENDING,0,1,0.0,1,1,0,0,0,0,1,1,1,0,16,Average
22,student0022@student.hitech.lk,ACTIVE,STUDENT,11,CC-AWS-101,ACTIVE,Cybersecurity,COMPLETED,ADMIN_ONLY,40000.0,12,WEEKS,1,195,4,0,2,2,0,25.0,4,14,0,4,14,7,2,3,2,4,2,2,2,49.45,51.4,47.51,1,1,0,2,47.32,SUCCESS,2,0,40000.0,1,0,0,0,0,0,0,0,0,0,30,Medium
364,student0364@student.hitech.lk,ACTIVE,STUDENT,7,BM-COMM-110,ACTIVE,Cloud Computing,ACTIVE,OPEN,35000.0,3,WEEKS,1,33,6,0,2,2,2,41.67,13,3,3,7,9,11,3,5,3,1,0,0,0,0.0,0.0,0.0,0,0,0,0,0.0,PENDING,0,0,0.0,1,1,0,0,0,1,0,1,0,1,41,Low
594,student0594@student.hitech.lk,ACTIVE,STUDENT,10,IT-NET-100,ARCHIVED,Data Science,ACTIVE,OPEN,35000.0,8,WEEKS,1,58,10,6,1,3,0,65.0,26,8,0,16,18,14,5,7,2,1,1,1,1,63.5,63.5,63.5,1,0,0,1,62.22,SUCCESS,1,0,35000.0,1,0,0,0,0,0,0,0,0,0,27,Medium
746,student0746@student.hitech.lk,ACTIVE,STUDENT,1,SE-JAVA-101,ACTIVE,Software Engineering,ACTIVE,OPEN,40000.0,3,WEEKS,2,103,12,5,3,4,0,54.17,15,10,1,14,11,12,4,7,1,4,2,2,2,52.4,54.31,50.49,2,0,0,1,56.42,SUCCESS,1,0,40000.0,1,3,1,0,2,0,1,0,0,0,27,Medium
242,student0242@student.hitech.lk,ACTIVE,STUDENT,1,SE-JAVA-101,ACTIVE,Software Engineering,REMOVED,OPEN,40000.0,3,WEEKS,2,22,3,0,2,1,0,33.33,15,10,1,14,11,12,4,7,1,4,2,2,2,44.8,47.64,41.95,0,2,0,0,44.73,FAILED,0,1,0.0,1,1,0,0,0,1,0,1,0,1,13,Medium
676,student0676@student.hitech.lk,ACTIVE,STUDENT,1,SE-JAVA-101,ACTIVE,Software Engineering,ACTIVE,OPEN,40000.0,3,WEEKS,2,195,15,13,0,1,1,91.67,15,10,1,14,11,12,4,7,1,4,3,2,2,75.15,81.31,68.99,2,0,0,2,75.58,SUCCESS,1,0,40000.0,1,0,0,0,0,0,0,1,1,0,12,Average
658,student0658@student.hitech.lk,ACTIVE,STUDENT,6,CY-SEC-110,ACTIVE,Information Technology,COMPLETED,OPEN,50000.0,16,WEEKS,1,199,20,16,1,2,1,86.25,20,9,0,15,14,17,4,8,5,5,2,2,2,60.29,64.93,55.66,2,0,0,3,55.75,PENDING,0,1,0.0,1,3,1,0,1,1,1,0,0,0,22,Medium
550,student0550@student.hitech.lk,ACTIVE,STUDENT,6,CY-SEC-110,ACTIVE,Information Technology,ACTIVE,OPEN,50000.0,16,WEEKS,1,160,20,14,1,5,0,72.5,20,9,0,15,14,17,4,8,5,5,5,5,5,85.71,88.92,81.87,5,0,0,0,86.88,SUCCESS,1,0,50000.0,1,0,0,0,0,0,0,0,0,0,4,Good
728,student0728@student.hitech.lk,ACTIVE,STUDENT,4,DS-PY-101,ACTIVE,Business Management,ACTIVE,OPEN,50000.0,4,MONTHS,2,75,9,7,0,2,0,77.78,28,5,0,29,4,7,3,2,2,3,2,2,2,56.42,58.6,54.24,2,0,0,1,60.62,FAILED,0,1,0.0,1,1,0,0,0,0,1,2,2,0,15,Average
749,student0749@student.hitech.lk,PENDING_VERIFICATION,STUDENT,11,CC-AWS-101,ACTIVE,Cybersecurity,ACTIVE,ADMIN_ONLY,40000.0,12,WEEKS,1,97,4,3,0,1,0,75.0,4,14,0,4,14,7,2,3,2,4,3,3,3,72.73,80.31,68.06,3,0,0,0,71.85,SUCCESS,1,0,40000.0,2,0,0,0,0,0,0,1,1,0,15,Average
110,student0110@student.hitech.lk,ACTIVE,STUDENT,11,CC-AWS-101,ACTIVE,Cybersecurity,ACTIVE,ADMIN_ONLY,40000.0,12,WEEKS,1,105,4,0,3,1,0,37.5,4,14,0,4,14,7,2,3,2,4,4,3,3,91.47,97.67,88.05,3,0,0,0,85.07,SUCCESS,1,0,40000.0,1,0,0,0,0,0,0,2,2,0,1,Good
801,student0801@student.hitech.lk,ACTIVE,STUDENT,7,BM-COMM-110,ACTIVE,Cloud Computing,ACTIVE,OPEN,35000.0,3,WEEKS,1,86,13,1,4,6,2,34.62,13,3,3,7,9,11,3,5,3,1,0,0,0,0.0,0.0,0.0,0,0,0,0,0.0,SUCCESS,1,0,35000.0,1,0,0,0,0,0,0,0,0,0,69,Low
387,student0387@student.hitech.lk,ACTIVE,STUDENT,1,SE-JAVA-101,ACTIVE,Software Engineering,COMPLETED,OPEN,40000.0,3,WEEKS,2,218,15,11,0,2,2,83.33,15,10,1,14,11,12,4,7,1,4,2,2,2,44.05,52.99,35.11,1,1,0,4,44.87,FAILED,0,1,0.0,1,2,0,2,0,2,0,0,0,0,37,Medium
223,student0223@student.hitech.lk,ACTIVE,STUDENT,4,DS-PY-101,ACTIVE,Business Management,ACTIVE,OPEN,50000.0,4,MONTHS,2,72,8,4,2,2,0,62.5,28,5,0,29,4,7,3,2,2,3,3,3,3,63.75,70.1,54.41,3,0,0,0,66.38,SUCCESS,1,2,50000.0,1,1,0,0,0,0,1,0,0,0,12,Average
409,student0409@student.hitech.lk,ACTIVE,STUDENT,2,SE-WEB-120,DRAFT,Data Science,ACTIVE,ADMIN_ONLY,25000.0,16,WEEKS,3,26,3,2,0,0,1,91.67,28,10,0,16,22,9,5,4,0,1,1,1,1,70.65,70.65,70.65,1,0,0,1,71.45,FAILED,0,2,0.0,0,0,0,0,0,0,0,2,1,1,18,Average
608,student0608@student.hitech.lk,PENDING_VERIFICATION,STUDENT,4,DS-PY-101,ACTIVE,Business Management,COMPLETED,OPEN,50000.0,4,MONTHS,2,121,13,7,1,4,1,63.46,28,5,0,29,4,7,3,2,2,3,2,2,2,70.35,72.45,68.26,2,0,0,1,66.95,SUCCESS,1,0,50000.0,1,1,0,0,0,1,0,2,1,1,15,Average
15,student0015@student.hitech.lk,ACTIVE,STUDENT,9,DM-SEO-101,ARCHIVED,Software Engineering,ACTIVE,OPEN,30000.0,12,WEEKS,2,70,10,6,1,3,0,65.0,13,2,0,5,10,13,4,6,3,5,4,3,3,71.03,79.26,63.01,3,0,0,2,72.78,SUCCESS,1,0,30000.0,2,1,0,0,1,0,0,0,0,0,16,Average
600,student0600@student.hitech.lk,PENDING_VERIFICATION,STUDENT,9,DM-SEO-101,ARCHIVED,Software Engineering,ACTIVE,OPEN,30000.0,12,WEEKS,2,68,11,3,3,5,0,40.91,13,2,0,5,10,13,4,6,3,5,4,3,3,63.85,66.99,62.02,3,0,0,0,63.13,SUCCESS,1,0,30000.0,2,1,1,0,0,0,1,0,0,0,21,Average
691,student0691@student.hitech.lk,ACTIVE,STUDENT,9,DM-SEO-101,ARCHIVED,Software Engineering,REMOVED,OPEN,30000.0,12,WEEKS,2,22,2,1,1,0,0,75.0,13,2,0,5,10,13,4,6,3,5,3,3,3,58.72,67.38,49.53,2,1,0,0,62.71,PENDING,0,1,0.0,1,0,0,0,0,0,0,1,1,0,17,Average
299,student0299@student.hitech.lk,ACTIVE,STUDENT,1,SE-JAVA-101,ACTIVE,Software Engineering,COMPLETED,OPEN,40000.0,3,WEEKS,2,139,15,13,0,1,1,91.67,15,10,1,14,11,12,4,7,1,4,3,2,2,70.57,73.87,67.27,2,0,0,0,70.4,SUCCESS,1,0,40000.0,1,1,0,0,0,0,1,0,0,0,18,Average
645,student0645@student.hitech.lk,ACTIVE,STUDENT,12,GD-UIUX-101,ACTIVE,Business Management,ACTIVE,ADMIN_ONLY,45000.0,8,WEEKS,1,41,5,4,0,1,0,80.0,12,2,0,6,8,14,4,5,5,3,2,2,2,75.14,79.63,70.66,2,0,0,2,68.97,SUCCESS,2,0,45000.0,1,1,1,0,1,0,0,1,1,0,9,Average
464,student0464@student.hitech.lk,ACTIVE,STUDENT,2,SE-WEB-120,DRAFT,Data Science,ACTIVE,ADMIN_ONLY,25000.0,16,WEEKS,3,46,1,0,0,0,1,75.0,28,10,0,16,22,9,5,4,0,1,0,0,0,0.0,0.0,0.0,0,0,0,0,0.0,SUCCESS,1,1,25000.0,1,1,0,0,1,0,0,0,0,0,34,Low
237,student0237@student.hitech.lk,ACTIVE,STUDENT,9,DM-SEO-101,ARCHIVED,Software Engineering,REMOVED,OPEN,30000.0,12,WEEKS,2,77,11,6,1,3,1,65.91,13,2,0,5,10,13,4,6,3,5,0,0,0,0.0,0.0,0.0,0,0,0,0,0.0,PENDING,0,0,0.0,1,0,0,0,0,0,0,0,0,0,83,Low
154,student0154@student.hitech.lk,ACTIVE,STUDENT,9,DM-SEO-101,ARCHIVED,Software Engineering,COMPLETED,OPEN,30000.0,12,WEEKS,2,181,13,6,1,6,0,50.0,13,2,0,5,10,13,4,6,3,5,3,3,3,58.73,69.83,52.28,3,0,0,1,50.86,SUCCESS,1,0,30000.0,1,1,1,0,0,1,0,0,0,0,24,Medium
609,student0609@student.hitech.lk,ACTIVE,STUDENT,10,IT-NET-100,ARCHIVED,Data Science,COMPLETED,OPEN,35000.0,8,WEEKS,1,171,26,8,2,16,0,34.62,26,8,0,16,18,14,5,7,2,1,0,0,0,0.0,0.0,0.0,0,0,0,0,0.0,SUCCESS,2,0,35000.0,1,1,0,0,1,0,0,0,0,0,86,Low
66,student0066@student.hitech.lk,ACTIVE,STUDENT,7,BM-COMM-110,ACTIVE,Cloud Computing,ACTIVE,OPEN,35000.0,3,WEEKS,1,67,9,4,0,4,1,52.78,13,3,3,7,9,11,3,5,3,1,0,0,0,0.0,0.0,0.0,0,0,0,0,0.0,PENDING,0,0,0.0,1,0,0,0,0,0,0,0,0,0,76,Low
125,student0125@student.hitech.lk,ACTIVE,STUDENT,12,GD-UIUX-101,ACTIVE,Business Management,ACTIVE,ADMIN_ONLY,45000.0,8,WEEKS,1,77,11,9,1,1,0,86.36,12,2,0,6,8,14,4,5,5,3,3,3,3,82.34,88.52,78.25,3,0,0,1,80.85,SUCCESS,1,2,45000.0,1,0,0,0,0,0,0,2,2,0,6,Good
137,student0137@student.hitech.lk,ACTIVE,STUDENT,6,CY-SEC-110,ACTIVE,Information Technology,ACTIVE,OPEN,50000.0,16,WEEKS,1,55,9,5,2,2,0,66.67,20,9,0,15,14,17,4,8,5,5,5,4,4,94.21,100.0,89.64,4,0,0,2,93.36,SUCCESS,1,0,50000.0,1,0,0,0,0,0,0,1,1,0,6,Good
787,student0787@student.hitech.lk,ACTIVE,STUDENT,3,SE-DB-130,ACTIVE,Cybersecurity,ACTIVE,OPEN,50000.0,4,MONTHS,1,63,7,5,0,1,1,82.14,26,8,2,32,2,9,3,4,2,4,2,2,2,67.48,72.08,62.88,2,0,0,1,66.72,SUCCESS,1,0,50000.0,1,0,0,0,0,0,0,1,1,0,18,Average
94,student0094@student.hitech.lk,ACTIVE,STUDENT,12,GD-UIUX-101,ACTIVE,Business Management,ACTIVE,ADMIN_ONLY,45000.0,8,WEEKS,1,121,12,9,1,1,1,85.42,12,2,0,6,8,14,4,5,5,3,2,2,2,65.49,66.9,64.09,2,0,0,0,67.58,SUCCESS,1,0,45000.0,2,0,0,0,0,0,0,1,1,0,17,Average
67,student0067@student.hitech.lk,ACTIVE,STUDENT,10,IT-NET-100,ARCHIVED,Data Science,ACTIVE,OPEN,35000.0,8,WEEKS,1,199,26,18,2,6,0,73.08,26,8,0,16,18,14,5,7,2,1,1,1,1,72.74,72.74,72.74,1,0,0,0,70.74,SUCCESS,1,0,35000.0,1,1,0,0,1,0,0,0,0,0,12,Average
418,student0418@student.hitech.lk,PENDING_VERIFICATION,STUDENT,2,SE-WEB-120,DRAFT,Data Science,COMPLETED,ADMIN_ONLY,25000.0,16,WEEKS,3,111,0,0,0,0,0,0.0,28,10,0,16,22,9,5,4,0,1,1,1,0,0.0,0.0,0.0,0,0,1,1,0.0,PENDING,0,0,0.0,1,0,0,0,0,0,0,1,1,0,43,Medium
194,student0194@student.hitech.lk,ACTIVE,STUDENT,11,CC-AWS-101,ACTIVE,Cybersecurity,COMPLETED,ADMIN_ONLY,40000.0,12,WEEKS,1,197,4,1,1,0,2,75.0,4,14,0,4,14,7,2,3,2,4,1,1,1,65.24,65.24,65.24,1,0,0,0,63.84,PENDING,0,0,0.0,1,1,0,0,0,0,1,0,0,0,12,Medium
826,student0826@student.hitech.lk,ACTIVE,STUDENT,8,BM-MGMT-201,ACTIVE,Graphic Design,REMOVED,ADMIN_ONLY,50000.0,3,WEEKS,2,25,2,0,0,0,2,75.0,7,6,0,10,3,13,7,5,1,1,0,0,0,0.0,0.0,0.0,0,0,0,0,0.0,SUCCESS,2,0,50000.0,2,1,0,0,0,0,1,1,0,1,39,Low
784,student0784@student.hitech.lk,PENDING_VERIFICATION,STUDENT,11,CC-AWS-101,ACTIVE,Cybersecurity,ACTIVE,ADMIN_ONLY,40000.0,12,WEEKS,1,326,4,4,0,0,0,100.0,4,14,0,4,14,7,2,3,2,4,4,3,3,79.08,82.26,75.86,3,0,0,0,72.79,SUCCESS,1,0,40000.0,1,0,0,0,0,0,0,0,0,0,13,Good
110,student0110@student.hitech.lk,ACTIVE,STUDENT,6,CY-SEC-110,ACTIVE,Information Technology,ACTIVE,OPEN,50000.0,16,WEEKS,1,64,8,0,4,3,1,34.38,20,9,0,15,14,17,4,8,5,5,1,1,1,46.64,46.64,46.64,0,1,0,1,51.71,PENDING,0,0,0.0,1,4,3,0,3,0,1,1,1,0,88,Low
800,student0800@student.hitech.lk,PENDING_VERIFICATION,STUDENT,10,IT-NET-100,ARCHIVED,Data Science,ACTIVE,OPEN,35000.0,8,WEEKS,1,50,8,2,4,2,0,50.0,26,8,0,16,18,14,5,7,2,1,0,0,0,0.0,0.0,0.0,0,0,0,0,0.0,FAILED,0,1,0.0,1,3,2,0,0,0,3,0,0,0,30,Medium
124,student0124@student.hitech.lk,ACTIVE,STUDENT,5,DS-ML-210,ACTIVE,Digital Marketing,ACTIVE,OPEN,45000.0,10,WEEKS,2,157,8,6,0,2,0,75.0,8,9,1,16,1,5,2,3,0,5,3,2,2,70.0,75.47,64.53,2,0,0,0,67.33,FAILED,0,1,0.0,1,0,0,0,0,0,0,0,0,0,13,Average
655,student0655@student.hitech.lk,ACTIVE,STUDENT,11,CC-AWS-101,ACTIVE,Cybersecurity,ACTIVE,ADMIN_ONLY,40000.0,12,WEEKS,1,32,4,3,0,0,1,93.75,4,14,0,4,14,7,2,3,2,4,4,4,3,82.77,85.62,79.08,3,0,1,0,84.16,FAILED,0,1,0.0,1,1,0,0,1,0,0,1,0,1,0,Good
642,student0642@student.hitech.lk,ACTIVE,STUDENT,10,IT-NET-100,ARCHIVED,Data Science,ACTIVE,OPEN,35000.0,8,WEEKS,1,139,17,10,0,7,0,58.82,26,8,0,16,18,14,5,7,2,1,0,0,0,0.0,0.0,0.0,0,0,0,0,0.0,FAILED,0,1,0.0,0,0,0,0,0,0,0,1,0,1,89,Low
707,student0707@student.hitech.lk,ACTIVE,STUDENT,10,IT-NET-100,ARCHIVED,Data Science,ACTIVE,OPEN,35000.0,8,WEEKS,1,43,6,3,1,1,1,70.83,26,8,0,16,18,14,5,7,2,1,1,1,1,68.41,68.41,68.41,1,0,0,0,71.8,SUCCESS,1,0,35000.0,1,0,0,0,0,0,0,0,0,0,7,Average
424,student0424@student.hitech.lk,ACTIVE,STUDENT,4,DS-PY-101,ACTIVE,Business Management,COMPLETED,OPEN,50000.0,4,MONTHS,2,245,28,21,0,6,1,77.68,28,5,0,29,4,7,3,2,2,3,2,2,2,62.45,64.11,60.78,2,0,0,1,65.49,SUCCESS,1,0,50000.0,1,0,0,0,0,0,0,1,1,0,6,Average
243,student0243@student.hitech.lk,ACTIVE,STUDENT,10,IT-NET-100,ARCHIVED,Data Science,ACTIVE,OPEN,35000.0,8,WEEKS,1,94,14,14,0,0,0,100.0,26,8,0,16,18,14,5,7,2,1,1,1,1,94.09,94.09,94.09,1,0,0,0,98.14,SUCCESS,1,0,35000.0,1,0,0,0,0,0,0,2,2,0,7,Good
202,student0202@student.hitech.lk,ACTIVE,STUDENT,4,DS-PY-101,ACTIVE,Business Management,ACTIVE,OPEN,50000.0,4,MONTHS,2,76,14,13,1,0,0,96.43,28,5,0,29,4,7,3,2,2,3,3,3,3,92.6,100.0,88.7,3,0,0,0,93.78,SUCCESS,1,0,50000.0,1,0,0,0,0,0,0,1,1,0,3,Good
721,student0721@student.hitech.lk,INACTIVE,STUDENT,12,GD-UIUX-101,ACTIVE,Business Management,ACTIVE,ADMIN_ONLY,45000.0,8,WEEKS,1,99,12,10,0,2,0,83.33,12,2,0,6,8,14,4,5,5,3,3,3,3,80.6,84.73,74.78,3,0,0,1,83.08,SUCCESS,2,0,45000.0,1,0,0,0,0,0,0,0,0,0,15,Good
223,student0223@student.hitech.lk,ACTIVE,STUDENT,7,BM-COMM-110,ACTIVE,Cloud Computing,ACTIVE,OPEN,35000.0,3,WEEKS,1,85,13,9,1,2,1,78.85,13,3,3,7,9,11,3,5,3,1,1,1,1,83.15,83.15,83.15,1,0,0,1,72.09,SUCCESS,2,0,35000.0,1,1,0,0,0,0,1,0,0,0,2,Good
541,student0541@student.hitech.lk,ACTIVE,STUDENT,5,DS-ML-210,ACTIVE,Digital Marketing,ACTIVE,OPEN,45000.0,10,WEEKS,2,104,8,4,2,0,2,81.25,8,9,1,16,1,5,2,3,0,5,4,4,4,77.23,87.1,65.03,4,0,0,1,78.25,SUCCESS,1,0,45000.0,1,0,0,0,0,0,0,0,0,0,10,Average
610,student0610@student.hitech.lk,ACTIVE,STUDENT,6,CY-SEC-110,ACTIVE,Information Technology,ACTIVE,OPEN,50000.0,16,WEEKS,1,33,6,2,3,0,1,70.83,20,9,0,15,14,17,4,8,5,5,3,3,3,48.89,52.03,43.22,2,1,0,1,47.79,SUCCESS,1,0,50000.0,1,1,1,0,0,1,0,1,1,0,16,Medium
774,student0774@student.hitech.lk,ACTIVE,STUDENT,4,DS-PY-101,ACTIVE,Business Management,ACTIVE,OPEN,50000.0,4,MONTHS,2,188,25,12,1,12,0,50.0,28,5,0,29,4,7,3,2,2,3,2,2,1,53.92,53.92,53.92,1,0,1,1,54.23,SUCCESS,1,0,50000.0,2,1,1,0,1,0,0,1,0,1,10,Medium
565,student0565@student.hitech.lk,ACTIVE,STUDENT,8,BM-MGMT-201,ACTIVE,Graphic Design,ACTIVE,ADMIN_ONLY,50000.0,3,WEEKS,2,23,2,0,1,1,0,25.0,7,6,0,10,3,13,7,5,1,1,1,1,1,74.12,74.12,74.12,1,0,0,0,72.32,PENDING,0,0,0.0,1,0,0,0,0,0,0,1,1,0,5,Average
437,student0437@student.hitech.lk,ACTIVE,STUDENT,1,SE-JAVA-101,ACTIVE,Software Engineering,COMPLETED,OPEN,40000.0,3,WEEKS,2,152,15,10,1,4,0,70.0,15,10,1,14,11,12,4,7,1,4,2,2,2,71.96,73.27,70.65,2,0,0,0,67.39,FAILED,0,1,0.0,0,1,0,0,0,1,0,1,1,0,13,Average
342,student0342@student.hitech.lk,ACTIVE,STUDENT,11,CC-AWS-101,ACTIVE,Cybersecurity,ACTIVE,ADMIN_ONLY,40000.0,12,WEEKS,1,99,4,3,0,0,1,93.75,4,14,0,4,14,7,2,3,2,4,3,3,3,72.46,80.09,66.64,3,0,0,0,72.17,SUCCESS,1,0,40000.0,1,0,0,0,0,0,0,0,0,0,17,Average
534,student0534@student.hitech.lk,ACTIVE,STUDENT,2,SE-WEB-120,DRAFT,Data Science,ACTIVE,ADMIN_ONLY,25000.0,16,WEEKS,3,91,2,1,1,0,0,75.0,28,10,0,16,22,9,5,4,0,1,1,1,1,86.38,86.38,86.38,1,0,0,2,79.79,PENDING,0,0,0.0,1,1,0,0,0,0,1,2,2,0,3,Average
264,student0264@student.hitech.lk,ACTIVE,STUDENT,11,CC-AWS-101,ACTIVE,Cybersecurity,COMPLETED,ADMIN_ONLY,40000.0,12,WEEKS,1,105,4,1,1,1,1,56.25,4,14,0,4,14,7,2,3,2,4,2,1,1,45.45,45.45,45.45,0,1,0,1,45.04,SUCCESS,1,0,40000.0,1,0,0,0,0,0,0,0,0,0,16,Average
126,student0126@student.hitech.lk,ACTIVE,STUDENT,5,DS-ML-210,ACTIVE,Digital Marketing,COMPLETED,OPEN,45000.0,10,WEEKS,2,84,8,7,0,1,0,87.5,8,9,1,16,1,5,2,3,0,5,4,4,4,83.23,96.95,74.8,4,0,0,0,85.7,SUCCESS,1,0,45000.0,2,0,0,0,0,0,0,0,0,0,4,Good
53,student0053@student.hitech.lk,ACTIVE,STUDENT,7,BM-COMM-110,ACTIVE,Cloud Computing,REMOVED,OPEN,35000.0,3,WEEKS,1,25,4,0,2,1,1,43.75,13,3,3,7,9,11,3,5,3,1,0,0,0,0.0,0.0,0.0,0,0,0,0,0.0,PENDING,0,0,0.0,1,4,2,0,1,0,3,0,0,0,25,Low
736,student0736@student.hitech.lk,ACTIVE,STUDENT,12,GD-UIUX-101,ACTIVE,Business Management,ACTIVE,ADMIN_ONLY,45000.0,8,WEEKS,1,111,12,5,2,5,0,50.0,12,2,0,6,8,14,4,5,5,3,1,0,0,0.0,0.0,0.0,0,0,0,1,0.0,SUCCESS,1,0,45000.0,1,0,0,0,0,0,0,1,0,1,15,Medium
25,student0025@student.hitech.lk,ACTIVE,STUDENT,9,DM-SEO-101,ARCHIVED,Software Engineering,ACTIVE,OPEN,30000.0,12,WEEKS,2,92,13,8,1,4,0,65.38,13,2,0,5,10,13,4,6,3,5,3,3,3,77.83,83.94,73.89,3,0,0,1,84.25,SUCCESS,1,1,30000.0,1,2,0,0,1,1,0,0,0,0,10,Average
783,student0783@student.hitech.lk,ACTIVE,STUDENT,3,SE-DB-130,ACTIVE,Cybersecurity,ACTIVE,OPEN,50000.0,4,MONTHS,1,28,3,2,0,1,0,66.67,26,8,2,32,2,9,3,4,2,4,2,2,2,44.22,52.03,36.41,1,1,0,1,40.4,SUCCESS,2,2,50000.0,2,0,0,0,0,0,0,3,2,1,36,Medium
680,student0680@student.hitech.lk,PENDING_VERIFICATION,STUDENT,5,DS-ML-210,ACTIVE,Digital Marketing,ACTIVE,OPEN,45000.0,10,WEEKS,2,77,8,5,1,2,0,68.75,8,9,1,16,1,5,2,3,0,5,5,5,5,96.16,100.0,86.52,5,0,0,0,96.64,SUCCESS,1,0,45000.0,1,0,0,0,0,0,0,0,0,0,13,Good
160,student0160@student.hitech.lk,PENDING_VERIFICATION,STUDENT,11,CC-AWS-101,ACTIVE,Cybersecurity,REMOVED,ADMIN_ONLY,40000.0,12,WEEKS,1,14,1,0,0,0,1,75.0,4,14,0,4,14,7,2,3,2,4,1,1,1,37.35,37.35,37.35,0,1,0,2,33.06,SUCCESS,1,0,40000.0,1,3,3,0,1,0,2,0,0,0,41,Low
774,student0774@student.hitech.lk,ACTIVE,STUDENT,3,SE-DB-130,ACTIVE,Cybersecurity,ACTIVE,OPEN,50000.0,4,MONTHS,1,49,6,4,1,1,0,75.0,26,8,2,32,2,9,3,4,2,4,3,3,3,88.62,95.03,84.18,3,0,0,0,92.54,SUCCESS,2,0,50000.0,2,1,1,0,0,1,0,0,0,0,0,Good
822,student0822@student.hitech.lk,ACTIVE,STUDENT,7,BM-COMM-110,ACTIVE,Cloud Computing,ACTIVE,OPEN,35000.0,3,WEEKS,1,58,8,5,0,3,0,62.5,13,3,3,7,9,11,3,5,3,1,1,1,1,70.42,70.42,70.42,1,0,0,0,67.95,SUCCESS,1,1,35000.0,1,1,0,0,1,0,0,0,0,0,16,Average
248,student0248@student.hitech.lk,PENDING_VERIFICATION,STUDENT,5,DS-ML-210,ACTIVE,Digital Marketing,ACTIVE,OPEN,45000.0,10,WEEKS,2,41,7,3,3,1,0,64.29,8,9,1,16,1,5,2,3,0,5,4,4,4,70.96,81.93,56.4,4,0,0,0,62.53,PENDING,0,1,0.0,1,0,0,0,0,0,0,4,2,2,9,Average
442,student0442@student.hitech.lk,ACTIVE,STUDENT,9,DM-SEO-101,ARCHIVED,Software Engineering,COMPLETED,OPEN,30000.0,12,WEEKS,2,122,13,5,3,5,0,50.0,13,2,0,5,10,13,4,6,3,5,2,2,2,54.11,56.17,52.05,2,0,0,0,51.78,FAILED,0,2,0.0,0,1,0,0,1,0,0,0,0,0,35,Medium
592,student0592@student.hitech.lk,ACTIVE,STUDENT,7,BM-COMM-110,ACTIVE,Cloud Computing,ACTIVE,OPEN,35000.0,3,WEEKS,1,85,10,8,0,2,0,80.0,13,3,3,7,9,11,3,5,3,1,1,1,1,81.79,81.79,81.79,1,0,0,0,79.5,PENDING,0,0,0.0,1,0,0,0,0,0,0,1,0,1,2,Good
758,student0758@student.hitech.lk,ACTIVE,STUDENT,7,BM-COMM-110,ACTIVE,Cloud Computing,ACTIVE,OPEN,35000.0,3,WEEKS,1,103,11,4,3,2,2,63.64,13,3,3,7,9,11,3,5,3,1,1,1,1,41.34,41.34,41.34,0,1,0,0,36.39,FAILED,0,2,0.0,1,2,0,0,2,0,0,1,1,0,33,Medium
22,student0022@student.hitech.lk,ACTIVE,STUDENT,4,DS-PY-101,ACTIVE,Business Management,COMPLETED,OPEN,50000.0,4,MONTHS,2,159,28,22,1,5,0,80.36,28,5,0,29,4,7,3,2,2,3,3,3,3,81.15,90.03,69.66,3,0,0,0,71.59,SUCCESS,1,0,50000.0,1,1,0,0,0,1,0,0,0,0,2,Good
523,student0523@student.hitech.lk,ACTIVE,STUDENT,1,SE-JAVA-101,ACTIVE,Software Engineering,ACTIVE,OPEN,40000.0,3,WEEKS,2,172,15,12,2,1,0,86.67,15,10,1,14,11,12,4,7,1,4,3,3,3,59.46,61.61,58.05,3,0,0,0,49.32,SUCCESS,1,0,40000.0,2,0,0,0,0,0,0,2,2,0,4,Good
417,student0417@student.hitech.lk,ACTIVE,STUDENT,3,SE-DB-130,ACTIVE,Cybersecurity,COMPLETED,OPEN,50000.0,4,MONTHS,1,210,26,25,1,0,0,98.08,26,8,2,32,2,9,3,4,2,4,4,4,4,81.07,90.83,74.88,4,0,0,0,78.82,PENDING,0,0,0.0,1,0,0,0,0,0,0,0,0,0,7,Good
126,student0126@student.hitech.lk,ACTIVE,STUDENT,4,DS-PY-101,ACTIVE,Business Management,ACTIVE,OPEN,50000.0,4,MONTHS,2,139,20,13,1,6,0,67.5,28,5,0,29,4,7,3,2,2,3,2,2,2,62.84,66.18,59.51,2,0,0,0,67.87,SUCCESS,1,0,50000.0,1,2,0,1,0,1,1,0,0,0,31,Medium
568,student0568@student.hitech.lk,ACTIVE,STUDENT,8,BM-MGMT-201,ACTIVE,Graphic Design,REMOVED,ADMIN_ONLY,50000.0,3,WEEKS,2,101,7,6,0,1,0,85.71,7,6,0,10,3,13,7,5,1,1,1,1,1,62.18,62.18,62.18,1,0,0,0,60.91,PENDING,0,1,0.0,1,0,0,0,0,0,0,2,1,1,16,Average
570,student0570@student.hitech.lk,ACTIVE,STUDENT,6,CY-SEC-110,ACTIVE,Information Technology,ACTIVE,OPEN,50000.0,16,WEEKS,1,94,16,11,0,5,0,68.75,20,9,0,15,14,17,4,8,5,5,3,3,3,71.93,75.29,65.58,3,0,0,0,69.64,SUCCESS,2,0,50000.0,2,1,0,0,0,0,1,1,1,0,4,Average
520,student0520@student.hitech.lk,ACTIVE,STUDENT,4,DS-PY-101,ACTIVE,Business Management,ACTIVE,OPEN,50000.0,4,MONTHS,2,74,11,7,1,3,0,68.18,28,5,0,29,4,7,3,2,2,3,2,2,2,68.3,68.39,68.2,2,0,0,0,62.99,SUCCESS,1,0,50000.0,1,1,0,0,0,1,0,3,2,1,9,Average
196,student0196@student.hitech.lk,ACTIVE,STUDENT,7,BM-COMM-110,ACTIVE,Cloud Computing,COMPLETED,OPEN,35000.0,3,WEEKS,1,115,13,4,5,4,0,50.0,13,3,3,7,9,11,3,5,3,1,1,1,1,49.44,49.44,49.44,0,1,0,1,51.43,SUCCESS,1,0,35000.0,1,1,1,0,1,0,0,1,1,0,22,Medium
842,student0842@student.hitech.lk,ACTIVE,STUDENT,10,IT-NET-100,ARCHIVED,Data Science,ACTIVE,OPEN,35000.0,8,WEEKS,1,46,5,2,1,1,1,65.0,26,8,0,16,18,14,5,7,2,1,1,1,1,62.35,62.35,62.35,1,0,0,1,65.14,PENDING,0,0,0.0,1,1,1,0,0,1,0,1,1,0,17,Medium
733,student0733@student.hitech.lk,INACTIVE,STUDENT,10,IT-NET-100,ARCHIVED,Data Science,COMPLETED,OPEN,35000.0,8,WEEKS,1,139,21,12,1,8,0,59.52,26,8,0,16,18,14,5,7,2,1,1,1,1,67.73,67.73,67.73,1,0,0,0,73.46,SUCCESS,1,0,35000.0,2,0,0,0,0,0,0,0,0,0,32,Average
174,student0174@student.hitech.lk,ACTIVE,STUDENT,1,SE-JAVA-101,ACTIVE,Software Engineering,COMPLETED,OPEN,40000.0,3,WEEKS,2,143,15,9,0,6,0,60.0,15,10,1,14,11,12,4,7,1,4,2,2,2,63.47,69.79,57.15,2,0,0,0,69.27,SUCCESS,1,0,40000.0,1,0,0,0,0,0,0,0,0,0,17,Average
649,student0649@student.hitech.lk,PENDING_VERIFICATION,STUDENT,9,DM-SEO-101,ARCHIVED,Software Engineering,REMOVED,OPEN,30000.0,12,WEEKS,2,13,1,0,1,0,0,50.0,13,2,0,5,10,13,4,6,3,5,3,3,3,52.35,54.19,50.87,3,0,0,2,52.09,PENDING,0,0,0.0,1,2,1,0,1,0,1,1,1,0,26,Medium
471,student0471@student.hitech.lk,ACTIVE,STUDENT,8,BM-MGMT-201,ACTIVE,Graphic Design,COMPLETED,ADMIN_ONLY,50000.0,3,WEEKS,2,167,7,3,1,2,1,60.71,7,6,0,10,3,13,7,5,1,1,1,1,0,0.0,0.0,0.0,0,0,1,0,0.0,SUCCESS,1,0,50000.0,2,0,0,0,0,0,0,0,0,0,15,Average
215,student0215@student.hitech.lk,ACTIVE,STUDENT,2,SE-WEB-120,DRAFT,Data Science,REMOVED,ADMIN_ONLY,25000.0,16,WEEKS,3,9,3,0,1,1,1,41.67,28,10,0,16,22,9,5,4,0,1,0,0,0,0.0,0.0,0.0,0,0,0,0,0.0,SUCCESS,1,1,25000.0,1,0,0,0,0,0,0,0,0,0,42,Low
813,student0813@student.hitech.lk,ACTIVE,STUDENT,7,BM-COMM-110,ACTIVE,Cloud Computing,ACTIVE,OPEN,35000.0,3,WEEKS,1,55,7,3,1,3,0,50.0,13,3,3,7,9,11,3,5,3,1,1,1,1,71.26,71.26,71.26,1,0,0,1,68.77,SUCCESS,1,0,35000.0,2,1,0,0,1,0,0,0,0,0,5,Average
618,student0618@student.hitech.lk,ACTIVE,STUDENT,5,DS-ML-210,ACTIVE,Digital Marketing,ACTIVE,OPEN,45000.0,10,WEEKS,2,61,8,3,3,2,0,56.25,8,9,1,16,1,5,2,3,0,5,3,2,2,43.91,57.01,30.8,1,1,0,0,43.68,SUCCESS,2,0,45000.0,1,1,1,0,0,0,1,2,2,0,34,Medium
539,student0539@student.hitech.lk,ACTIVE,STUDENT,4,DS-PY-101,ACTIVE,Business Management,ACTIVE,OPEN,50000.0,4,MONTHS,2,202,23,9,3,11,0,45.65,28,5,0,29,4,7,3,2,2,3,2,1,1,39.26,39.26,39.26,0,1,0,1,36.62,SUCCESS,1,0,50000.0,1,2,1,1,1,0,1,2,1,1,24,Medium
117,student0117@student.hitech.lk,ACTIVE,STUDENT,11,CC-AWS-101,ACTIVE,Cybersecurity,COMPLETED,ADMIN_ONLY,40000.0,12,WEEKS,1,186,4,3,0,0,1,93.75,4,14,0,4,14,7,2,3,2,4,2,2,2,67.0,70.2,63.8,2,0,0,0,64.9,SUCCESS,1,2,40000.0,1,0,0,0,0,0,0,0,0,0,16,Average
582,student0582@student.hitech.lk,PENDING_VERIFICATION,STUDENT,12,GD-UIUX-101,ACTIVE,Business Management,REMOVED,ADMIN_ONLY,45000.0,8,WEEKS,1,110,12,8,0,4,0,66.67,12,2,0,6,8,14,4,5,5,3,1,1,1,67.65,67.65,67.65,1,0,0,2,64.94,SUCCESS,1,0,45000.0,2,0,0,0,0,0,0,1,1,0,33,Medium
222,student0222@student.hitech.lk,ACTIVE,STUDENT,5,DS-ML-210,ACTIVE,Digital Marketing,ACTIVE,OPEN,45000.0,10,WEEKS,2,253,8,3,1,4,0,43.75,8,9,1,16,1,5,2,3,0,5,3,3,3,51.12,59.06,39.04,2,1,0,0,44.75,SUCCESS,2,0,45000.0,1,0,0,0,0,0,0,0,0,0,20,Medium
735,student0735@student.hitech.lk,ACTIVE,STUDENT,12,GD-UIUX-101,ACTIVE,Business Management,COMPLETED,ADMIN_ONLY,45000.0,8,WEEKS,1,178,12,6,2,4,0,58.33,12,2,0,6,8,14,4,5,5,3,2,2,2,67.63,74.91,60.35,2,0,0,0,66.74,SUCCESS,1,0,45000.0,1,0,0,0,0,0,0,1,1,0,4,Average
662,student0662@student.hitech.lk,ACTIVE,STUDENT,8,BM-MGMT-201,ACTIVE,Graphic Design,COMPLETED,ADMIN_ONLY,50000.0,3,WEEKS,2,145,7,6,0,1,0,85.71,7,6,0,10,3,13,7,5,1,1,1,0,0,0.0,0.0,0.0,0,0,0,0,0.0,SUCCESS,1,0,50000.0,1,0,0,0,0,0,0,1,1,0,3,Good
797,student0797@student.hitech.lk,ACTIVE,STUDENT,12,GD-UIUX-101,ACTIVE,Business Management,ACTIVE,ADMIN_ONLY,45000.0,8,WEEKS,1,55,9,0,2,7,0,11.11,12,2,0,6,8,14,4,5,5,3,1,1,1,28.54,28.54,28.54,0,1,0,4,30.68,SUCCESS,1,0,45000.0,1,1,0,0,1,0,0,2,1,1,49,Low
701,student0701@student.hitech.lk,ACTIVE,STUDENT,12,GD-UIUX-101,ACTIVE,Business Management,ACTIVE,ADMIN_ONLY,45000.0,8,WEEKS,1,59,7,1,3,3,0,35.71,12,2,0,6,8,14,4,5,5,3,1,1,1,57.65,57.65,57.65,1,0,0,1,54.98,SUCCESS,1,0,45000.0,1,0,0,0,0,0,0,2,1,1,37,Medium
155,student0155@student.hitech.lk,ACTIVE,STUDENT,5,DS-ML-210,ACTIVE,Digital Marketing,REMOVED,OPEN,45000.0,10,WEEKS,2,16,2,1,1,0,0,75.0,8,9,1,16,1,5,2,3,0,5,5,5,5,80.5,86.46,73.03,5,0,0,0,71.7,SUCCESS,2,0,45000.0,1,0,0,0,0,0,0,1,1,0,7,Good
112,student0112@student.hitech.lk,ACTIVE,STUDENT,9,DM-SEO-101,ARCHIVED,Software Engineering,COMPLETED,OPEN,30000.0,12,WEEKS,2,108,13,7,2,4,0,61.54,13,2,0,5,10,13,4,6,3,5,3,2,2,53.27,58.34,48.2,1,1,0,1,48.8,SUCCESS,1,0,30000.0,1,1,0,0,1,0,0,1,1,0,37,Medium
76,student0076@student.hitech.lk,ACTIVE,STUDENT,10,IT-NET-100,ARCHIVED,Data Science,ACTIVE,OPEN,35000.0,8,WEEKS,1,103,15,3,3,9,0,30.0,26,8,0,16,18,14,5,7,2,1,0,0,0,0.0,0.0,0.0,0,0,0,0,0.0,SUCCESS,1,0,35000.0,1,1,1,0,0,0,1,0,0,0,34,Medium
460,student0460@student.hitech.lk,ACTIVE,STUDENT,10,IT-NET-100,ARCHIVED,Data Science,REMOVED,OPEN,35000.0,8,WEEKS,1,5,0,0,0,0,0,0.0,26,8,0,16,18,14,5,7,2,1,0,0,0,0.0,0.0,0.0,0,0,0,0,0.0,SUCCESS,2,0,35000.0,2,1,0,0,0,0,1,0,0,0,31,Medium
26,student0026@student.hitech.lk,ACTIVE,STUDENT,10,IT-NET-100,ARCHIVED,Data Science,COMPLETED,OPEN,35000.0,8,WEEKS,1,217,26,21,1,3,1,85.58,26,8,0,16,18,14,5,7,2,1,1,0,0,0.0,0.0,0.0,0,0,0,0,0.0,SUCCESS,2,1,35000.0,1,0,0,0,0,0,0,0,0,0,7,Good
796,student0796@student.hitech.lk,ACTIVE,STUDENT,2,SE-WEB-120,DRAFT,Data Science,ACTIVE,ADMIN_ONLY,25000.0,16,WEEKS,3,120,3,1,0,1,1,58.33,28,10,0,16,22,9,5,4,0,1,1,1,1,40.71,40.71,40.71,0,1,0,1,38.57,SUCCESS,1,0,25000.0,1,1,1,0,1,0,0,1,0,1,23,Medium
79,student0079@student.hitech.lk,ACTIVE,STUDENT,8,BM-MGMT-201,ACTIVE,Graphic Design,ACTIVE,ADMIN_ONLY,50000.0,3,WEEKS,2,67,7,1,2,4,0,28.57,7,6,0,10,3,13,7,5,1,1,1,1,1,44.69,44.69,44.69,0,1,0,1,45.55,SUCCESS,2,0,50000.0,1,1,0,0,1,0,0,1,1,0,30,Medium
200,student0200@student.hitech.lk,PENDING_VERIFICATION,STUDENT,5,DS-ML-210,ACTIVE,Digital Marketing,ACTIVE,OPEN,45000.0,10,WEEKS,2,37,6,3,2,0,1,79.17,8,9,1,16,1,5,2,3,0,5,4,4,4,90.38,95.89,84.66,4,0,0,0,91.03,SUCCESS,2,0,45000.0,1,0,0,0,0,0,0,2,2,0,6,Good
831,student0831@student.hitech.lk,PENDING_VERIFICATION,STUDENT,8,BM-MGMT-201,ACTIVE,Graphic Design,ACTIVE,ADMIN_ONLY,50000.0,3,WEEKS,2,60,7,1,1,5,0,21.43,7,6,0,10,3,13,7,5,1,1,0,0,0,0.0,0.0,0.0,0,0,0,0,0.0,SUCCESS,1,0,50000.0,1,2,1,0,1,0,1,0,0,0,93,Low
663,student0663@student.hitech.lk,ACTIVE,STUDENT,2,SE-WEB-120,DRAFT,Data Science,ACTIVE,ADMIN_ONLY,25000.0,16,WEEKS,3,86,2,1,0,1,0,50.0,28,10,0,16,22,9,5,4,0,1,0,0,0,0.0,0.0,0.0,0,0,0,0,0.0,SUCCESS,1,1,25000.0,1,0,0,0,0,0,0,0,0,0,85,Low
468,student0468@student.hitech.lk,ACTIVE,STUDENT,7,BM-COMM-110,ACTIVE,Cloud Computing,ACTIVE,OPEN,35000.0,3,WEEKS,1,197,13,11,0,2,0,84.62,13,3,3,7,9,11,3,5,3,1,1,1,1,83.26,83.26,83.26,1,0,0,0,80.99,SUCCESS,1,1,35000.0,1,1,0,0,0,1,0,0,0,0,7,Good
493,student0493@student.hitech.lk,ACTIVE,STUDENT,7,BM-COMM-110,ACTIVE,Cloud Computing,ACTIVE,OPEN,35000.0,3,WEEKS,1,28,3,1,1,1,0,50.0,13,3,3,7,9,11,3,5,3,1,1,1,1,66.81,66.81,66.81,1,0,0,0,60.62,PENDING,0,0,0.0,1,0,0,0,0,0,0,2,2,0,14,Average
722,student0722@student.hitech.lk,ACTIVE,STUDENT,5,DS-ML-210,ACTIVE,Digital Marketing,ACTIVE,OPEN,45000.0,10,WEEKS,2,39,5,2,1,2,0,50.0,8,9,1,16,1,5,2,3,0,5,1,1,1,31.63,31.63,31.63,0,1,0,1,31.36,SUCCESS,1,0,45000.0,2,0,0,0,0,0,0,2,2,0,40,Low
509,student0509@student.hitech.lk,ACTIVE,STUDENT,11,CC-AWS-101,ACTIVE,Cybersecurity,ACTIVE,ADMIN_ONLY,40000.0,12,WEEKS,1,48,4,2,1,0,1,81.25,4,14,0,4,14,7,2,3,2,4,3,3,2,69.87,72.58,67.17,2,0,1,0,69.75,SUCCESS,2,1,40000.0,1,0,0,0,0,0,0,0,0,0,12,Average
51,student0051@student.hitech.lk,INACTIVE,STUDENT,7,BM-COMM-110,ACTIVE,Cloud Computing,ACTIVE,OPEN,35000.0,3,WEEKS,1,101,13,8,0,5,0,61.54,13,3,3,7,9,11,3,5,3,1,1,0,0,0.0,0.0,0.0,0,0,0,1,0.0,SUCCESS,1,0,35000.0,2,1,1,0,0,1,0,0,0,0,30,Medium
801,student0801@student.hitech.lk,ACTIVE,STUDENT,10,IT-NET-100,ARCHIVED,Data Science,ACTIVE,OPEN,35000.0,8,WEEKS,1,49,7,6,1,0,0,92.86,26,8,0,16,18,14,5,7,2,1,1,0,0,0.0,0.0,0.0,0,0,0,0,0.0,PENDING,0,1,0.0,1,1,0,0,0,0,1,1,1,0,2,Good
435,student0435@student.hitech.lk,ACTIVE,STUDENT,6,CY-SEC-110,ACTIVE,Information Technology,COMPLETED,OPEN,50000.0,16,WEEKS,1,123,17,14,0,3,0,82.35,20,9,0,15,14,17,4,8,5,5,4,4,4,65.78,73.0,54.98,4,0,0,0,67.36,SUCCESS,2,0,50000.0,1,0,0,0,0,0,0,2,1,1,15,Average
179,student0179@student.hitech.lk,ACTIVE,STUDENT,1,SE-JAVA-101,ACTIVE,Software Engineering,ACTIVE,OPEN,40000.0,3,WEEKS,2,73,8,4,3,1,0,68.75,15,10,1,14,11,12,4,7,1,4,3,3,3,67.24,71.74,64.85,3,0,0,0,72.08,SUCCESS,1,0,40000.0,1,0,0,0,0,0,0,2,2,0,7,Average
500,student0500@student.hitech.lk,ACTIVE,STUDENT,9,DM-SEO-101,ARCHIVED,Software Engineering,ACTIVE,OPEN,30000.0,12,WEEKS,2,73,10,5,1,4,0,55.0,13,2,0,5,10,13,4,6,3,5,4,3,3,74.61,91.74,64.86,3,0,0,1,79.62,SUCCESS,1,2,30000.0,2,0,0,0,0,0,0,0,0,0,15,Average
232,student0232@student.hitech.lk,ACTIVE,STUDENT,11,CC-AWS-101,ACTIVE,Cybersecurity,COMPLETED,ADMIN_ONLY,40000.0,12,WEEKS,1,221,4,1,2,1,0,50.0,4,14,0,4,14,7,2,3,2,4,3,2,2,52.34,55.63,49.06,1,1,0,0,46.83,SUCCESS,1,0,40000.0,1,1,1,0,1,0,0,1,1,0,34,Medium
563,student0563@student.hitech.lk,ACTIVE,STUDENT,5,DS-ML-210,ACTIVE,Digital Marketing,ACTIVE,OPEN,45000.0,10,WEEKS,2,134,8,7,1,0,0,93.75,8,9,1,16,1,5,2,3,0,5,5,4,4,82.45,86.06,76.42,4,0,0,1,78.0,FAILED,0,2,0.0,1,0,0,0,0,0,0,0,0,0,2,Good
486,student0486@student.hitech.lk,ACTIVE,STUDENT,12,GD-UIUX-101,ACTIVE,Business Management,ACTIVE,ADMIN_ONLY,45000.0,8,WEEKS,1,141,12,1,5,4,2,41.67,12,2,0,6,8,14,4,5,5,3,0,0,0,0.0,0.0,0.0,0,0,0,0,0.0,PENDING,0,0,0.0,1,3,0,1,2,0,1,1,0,1,62,Low
778,student0778@student.hitech.lk,ACTIVE,STUDENT,9,DM-SEO-101,ARCHIVED,Software Engineering,REMOVED,OPEN,30000.0,12,WEEKS,2,91,11,5,1,5,0,50.0,13,2,0,5,10,13,4,6,3,5,1,1,0,0.0,0.0,0.0,0,0,1,1,0.0,FAILED,0,1,0.0,0,3,1,0,0,1,2,0,0,0,57,Low
241,student0241@student.hitech.lk,PENDING_VERIFICATION,STUDENT,11,CC-AWS-101,ACTIVE,Cybersecurity,REMOVED,ADMIN_ONLY,40000.0,12,WEEKS,1,93,4,0,2,2,0,25.0,4,14,0,4,14,7,2,3,2,4,1,0,0,0.0,0.0,0.0,0,0,0,3,0.0,PENDING,0,0,0.0,1,1,0,0,0,0,1,1,0,1,54,Low
773,student0773@student.hitech.lk,ACTIVE,STUDENT,6,CY-SEC-110,ACTIVE,Information Technology,ACTIVE,OPEN,50000.0,16,WEEKS,1,48,6,4,1,0,1,87.5,20,9,0,15,14,17,4,8,5,5,4,3,2,71.62,72.78,70.45,2,0,1,0,67.52,SUCCESS,1,0,50000.0,1,0,0,0,0,0,0,0,0,0,4,Good
6,student0006@student.hitech.lk,ACTIVE,STUDENT,5,DS-ML-210,ACTIVE,Digital Marketing,ACTIVE,OPEN,45000.0,10,WEEKS,2,95,8,6,2,0,0,87.5,8,9,1,16,1,5,2,3,0,5,4,4,4,97.59,100.0,93.78,4,0,0,0,99.31,SUCCESS,1,0,45000.0,1,0,0,0,0,0,0,2,2,0,1,Good
383,student0383@student.hitech.lk,ACTIVE,STUDENT,8,BM-MGMT-201,ACTIVE,Graphic Design,COMPLETED,ADMIN_ONLY,50000.0,3,WEEKS,2,175,7,6,0,1,0,85.71,7,6,0,10,3,13,7,5,1,1,1,1,1,57.56,57.56,57.56,1,0,0,2,61.18,SUCCESS,1,0,50000.0,1,2,0,0,1,0,1,0,0,0,13,Medium
248,student0248@student.hitech.lk,PENDING_VERIFICATION,STUDENT,6,CY-SEC-110,ACTIVE,Information Technology,ACTIVE,OPEN,50000.0,16,WEEKS,1,156,20,9,0,8,3,56.25,20,9,0,15,14,17,4,8,5,5,2,2,2,29.09,29.78,28.4,0,2,0,3,28.84,PENDING,0,0,0.0,1,1,1,0,1,0,0,0,0,0,83,Low
412,student0412@student.hitech.lk,ACTIVE,STUDENT,1,SE-JAVA-101,ACTIVE,Software Engineering,ACTIVE,OPEN,40000.0,3,WEEKS,2,141,15,8,1,6,0,56.67,15,10,1,14,11,12,4,7,1,4,2,2,2,44.98,55.07,34.88,1,1,0,1,46.94,SUCCESS,1,1,40000.0,1,0,0,0,0,0,0,0,0,0,13,Medium
372,student0372@student.hitech.lk,ACTIVE,STUDENT,3,SE-DB-130,ACTIVE,Cybersecurity,COMPLETED,OPEN,50000.0,4,MONTHS,1,91,15,13,0,2,0,86.67,26,8,2,32,2,9,3,4,2,4,4,4,3,95.15,96.26,94.55,3,0,1,0,87.12,SUCCESS,3,0,50000.0,1,0,0,0,0,0,0,0,0,0,7,Good
552,student0552@student.hitech.lk,ACTIVE,STUDENT,12,GD-UIUX-101,ACTIVE,Business Management,ACTIVE,ADMIN_ONLY,45000.0,8,WEEKS,1,53,6,1,3,1,1,54.17,12,2,0,6,8,14,4,5,5,3,2,2,2,44.28,49.09,39.46,0,2,0,2,44.13,SUCCESS,1,0,45000.0,1,1,0,0,0,0,1,3,2,1,13,Medium
764,student0764@student.hitech.lk,ACTIVE,STUDENT,5,DS-ML-210,ACTIVE,Digital Marketing,ACTIVE,OPEN,45000.0,10,WEEKS,2,62,8,2,4,2,0,50.0,8,9,1,16,1,5,2,3,0,5,2,2,2,51.32,59.74,42.89,1,1,0,1,53.36,SUCCESS,1,0,45000.0,1,2,1,0,2,0,0,0,0,0,28,Medium
744,student0744@student.hitech.lk,ACTIVE,STUDENT,4,DS-PY-101,ACTIVE,Business Management,REMOVED,OPEN,50000.0,4,MONTHS,2,19,3,0,1,0,2,66.67,28,5,0,29,4,7,3,2,2,3,0,0,0,0.0,0.0,0.0,0,0,0,0,0.0,SUCCESS,1,0,50000.0,1,2,2,0,0,1,1,0,0,0,67,Low
828,student0828@student.hitech.lk,ACTIVE,STUDENT,7,BM-COMM-110,ACTIVE,Cloud Computing,ACTIVE,OPEN,35000.0,3,WEEKS,1,139,13,12,0,1,0,92.31,13,3,3,7,9,11,3,5,3,1,1,1,1,95.16,95.16,95.16,1,0,0,0,99.48,SUCCESS,2,0,35000.0,2,1,0,0,1,0,0,0,0,0,4,Good
461,student0461@student.hitech.lk,ACTIVE,STUDENT,4,DS-PY-101,ACTIVE,Business Management,ACTIVE,OPEN,50000.0,4,MONTHS,2,127,14,8,2,3,1,69.64,28,5,0,29,4,7,3,2,2,3,2,2,2,67.69,69.87,65.52,2,0,0,1,81.59,SUCCESS,1,0,50000.0,1,1,0,0,1,0,0,1,1,0,14,Average
312,student0312@student.hitech.lk,ACTIVE,STUDENT,6,CY-SEC-110,ACTIVE,Information Technology,COMPLETED,OPEN,50000.0,16,WEEKS,1,206,20,15,1,3,1,81.25,20,9,0,15,14,17,4,8,5,5,4,4,4,73.67,82.49,65.24,4,0,0,1,68.58,SUCCESS,1,1,50000.0,1,0,0,0,0,0,0,0,0,0,12,Average
794,student0794@student.hitech.lk,ACTIVE,STUDENT,5,DS-ML-210,ACTIVE,Digital Marketing,COMPLETED,OPEN,45000.0,10,WEEKS,2,238,8,3,2,1,2,68.75,8,9,1,16,1,5,2,3,0,5,2,2,2,58.23,70.98,45.49,1,1,0,3,49.99,SUCCESS,2,1,45000.0,2,0,0,0,0,0,0,0,0,0,24,Medium
236,student0236@student.hitech.lk,ACTIVE,STUDENT,9,DM-SEO-101,ARCHIVED,Software Engineering,ACTIVE,OPEN,30000.0,12,WEEKS,2,126,13,9,0,4,0,69.23,13,2,0,5,10,13,4,6,3,5,4,4,4,73.62,76.36,71.56,4,0,0,1,71.74,SUCCESS,2,0,30000.0,1,0,0,0,0,0,0,2,2,0,14,Average
332,student0332@student.hitech.lk,ACTIVE,STUDENT,1,SE-JAVA-101,ACTIVE,Software Engineering,COMPLETED,OPEN,40000.0,3,WEEKS,2,193,15,13,0,2,0,86.67,15,10,1,14,11,12,4,7,1,4,4,3,3,87.19,95.03,78.87,3,0,0,1,88.19,SUCCESS,1,0,40000.0,1,0,0,0,0,0,0,0,0,0,2,Good
220,student0220@student.hitech.lk,ACTIVE,STUDENT,10,IT-NET-100,ARCHIVED,Data Science,ACTIVE,OPEN,35000.0,8,WEEKS,1,88,12,10,0,1,1,89.58,26,8,0,16,18,14,5,7,2,1,0,0,0,0.0,0.0,0.0,0,0,0,0,0.0,PENDING,0,0,0.0,1,0,0,0,0,0,0,0,0,0,5,Average
494,student0494@student.hitech.lk,ACTIVE,STUDENT,2,SE-WEB-120,DRAFT,Data Science,ACTIVE,ADMIN_ONLY,25000.0,16,WEEKS,3,120,2,1,0,0,1,87.5,28,10,0,16,22,9,5,4,0,1,1,1,0,0.0,0.0,0.0,0,0,1,0,0.0,SUCCESS,1,1,25000.0,1,0,0,0,0,0,0,1,1,0,15,Average
649,student0649@student.hitech.lk,ACTIVE,STUDENT,1,SE-JAVA-101,ACTIVE,Software Engineering,ACTIVE,OPEN,40000.0,3,WEEKS,2,102,15,7,2,6,0,53.33,15,10,1,14,11,12,4,7,1,4,2,2,2,76.65,80.8,72.5,2,0,0,1,71.33,SUCCESS,1,0,40000.0,1,1,0,0,1,0,0,1,1,0,12,Average
577,student0577@student.hitech.lk,ACTIVE,STUDENT,5,DS-ML-210,ACTIVE,Digital Marketing,ACTIVE,OPEN,45000.0,10,WEEKS,2,47,5,2,1,0,2,80.0,8,9,1,16,1,5,2,3,0,5,3,3,3,67.66,74.18,61.63,3,0,0,1,64.17,SUCCESS,1,0,45000.0,2,0,0,0,0,0,0,1,1,0,13,Average
380,student0380@student.hitech.lk,ACTIVE,STUDENT,11,CC-AWS-101,ACTIVE,Cybersecurity,ACTIVE,ADMIN_ONLY,40000.0,12,WEEKS,1,32,4,0,1,2,1,31.25,4,14,0,4,14,7,2,3,2,4,2,2,2,43.61,46.05,41.17,0,2,0,2,44.31,PENDING,0,1,0.0,1,2,1,0,2,0,0,0,0,0,32,Low
636,student0636@student.hitech.lk,ACTIVE,STUDENT,5,DS-ML-210,ACTIVE,Digital Marketing,COMPLETED,OPEN,45000.0,10,WEEKS,2,65,8,2,2,2,2,56.25,8,9,1,16,1,5,2,3,0,5,0,0,0,0.0,0.0,0.0,0,0,0,0,0.0,SUCCESS,2,1,45000.0,1,1,1,0,1,0,0,2,0,2,65,Low
696,student0696@student.hitech.lk,ACTIVE,STUDENT,9,DM-SEO-101,ARCHIVED,Software Engineering,ACTIVE,OPEN,30000.0,12,WEEKS,2,51,9,6,2,1,0,77.78,13,2,0,5,10,13,4,6,3,5,3,3,3,65.47,78.57,50.83,3,0,0,0,69.06,SUCCESS,1,0,30000.0,1,1,1,0,0,0,1,0,0,0,4,Average
543,student0543@student.hitech.lk,ACTIVE,STUDENT,2,SE-WEB-120,DRAFT,Data Science,ACTIVE,ADMIN_ONLY,25000.0,16,WEEKS,3,150,2,1,1,0,0,75.0,28,10,0,16,22,9,5,4,0,1,1,0,0,0.0,0.0,0.0,0,0,0,0,0.0,SUCCESS,2,0,25000.0,1,0,0,0,0,0,0,2,1,1,23,Medium
745,student0745@student.hitech.lk,ACTIVE,STUDENT,12,GD-UIUX-101,ACTIVE,Business Management,ACTIVE,ADMIN_ONLY,45000.0,8,WEEKS,1,222,12,5,3,4,0,54.17,12,2,0,6,8,14,4,5,5,3,2,2,2,67.03,70.55,63.51,2,0,0,2,59.04,SUCCESS,1,0,45000.0,1,1,0,0,0,0,1,0,0,0,11,Medium
674,student0674@student.hitech.lk,ACTIVE,STUDENT,5,DS-ML-210,ACTIVE,Digital Marketing,ACTIVE,OPEN,45000.0,10,WEEKS,2,164,8,3,2,2,1,59.38,8,9,1,16,1,5,2,3,0,5,2,2,2,42.95,43.54,42.37,0,2,0,0,43.15,FAILED,0,3,0.0,1,2,0,0,0,1,1,1,1,0,20,Medium
637,student0637@student.hitech.lk,ACTIVE,STUDENT,5,DS-ML-210,ACTIVE,Digital Marketing,ACTIVE,OPEN,45000.0,10,WEEKS,2,96,8,0,4,4,0,25.0,8,9,1,16,1,5,2,3,0,5,1,1,1,47.41,47.41,47.41,0,1,0,0,47.56,PENDING,0,0,0.0,1,2,1,0,0,2,0,1,1,0,57,Low
459,student0459@student.hitech.lk,ACTIVE,STUDENT,12,GD-UIUX-101,ACTIVE,Business Management,ACTIVE,ADMIN_ONLY,45000.0,8,WEEKS,1,105,12,8,0,3,1,72.92,12,2,0,6,8,14,4,5,5,3,1,1,1,52.25,52.25,52.25,1,0,0,1,53.7,FAILED,0,2,0.0,1,4,1,2,1,1,2,1,1,0,39,Low
363,student0363@student.hitech.lk,ACTIVE,STUDENT,1,SE-JAVA-101,ACTIVE,Software Engineering,COMPLETED,OPEN,40000.0,3,WEEKS,2,115,15,12,0,3,0,80.0,15,10,1,14,11,12,4,7,1,4,3,3,2,70.66,72.75,68.57,2,0,1,0,70.85,SUCCESS,1,0,40000.0,1,0,0,0,0,0,0,0,0,0,7,Average
356,student0356@student.hitech.lk,ACTIVE,STUDENT,8,BM-MGMT-201,ACTIVE,Graphic Design,ACTIVE,ADMIN_ONLY,50000.0,3,WEEKS,2,116,7,4,1,2,0,64.29,7,6,0,10,3,13,7,5,1,1,1,1,1,52.72,52.72,52.72,1,0,0,0,49.08,SUCCESS,2,0,50000.0,1,1,0,0,0,1,0,0,0,0,32,Medium
692,student0692@student.hitech.lk,ACTIVE,STUDENT,4,DS-PY-101,ACTIVE,Business Management,COMPLETED,OPEN,50000.0,4,MONTHS,2,104,14,10,1,3,0,75.0,28,5,0,29,4,7,3,2,2,3,2,2,2,68.92,78.11,59.73,2,0,0,0,69.02,SUCCESS,1,0,50000.0,1,0,0,0,0,0,0,1,0,1,3,Average
632,student0632@student.hitech.lk,ACTIVE,STUDENT,12,GD-UIUX-101,ACTIVE,Business Management,REMOVED,ADMIN_ONLY,45000.0,8,WEEKS,1,34,6,3,1,1,1,70.83,12,2,0,6,8,14,4,5,5,3,2,2,2,52.81,62.36,43.25,1,1,0,0,59.64,PENDING,0,0,0.0,1,2,1,0,0,1,1,1,1,0,10,Medium
547,student0547@student.hitech.lk,ACTIVE,STUDENT,8,BM-MGMT-201,ACTIVE,Graphic Design,ACTIVE,ADMIN_ONLY,50000.0,3,WEEKS,2,218,7,6,1,0,0,92.86,7,6,0,10,3,13,7,5,1,1,1,1,1,88.55,88.55,88.55,1,0,0,0,88.3,SUCCESS,1,1,50000.0,2,0,0,0,0,0,0,0,0,0,0,Good
379,student0379@student.hitech.lk,ACTIVE,STUDENT,6,CY-SEC-110,ACTIVE,Information Technology,REMOVED,OPEN,50000.0,16,WEEKS,1,61,11,5,1,5,0,50.0,20,9,0,15,14,17,4,8,5,5,3,2,2,51.87,59.42,44.31,1,1,0,2,59.1,SUCCESS,1,1,50000.0,2,1,0,0,1,0,0,1,1,0,24,Medium
655,student0655@student.hitech.lk,ACTIVE,STUDENT,10,IT-NET-100,ARCHIVED,Data Science,COMPLETED,OPEN,35000.0,8,WEEKS,1,95,17,11,4,1,1,80.88,26,8,0,16,18,14,5,7,2,1,1,1,1,70.17,70.17,70.17,1,0,0,0,66.62,SUCCESS,1,1,35000.0,2,0,0,0,0,0,0,1,1,0,4,Good
482,student0482@student.hitech.lk,ACTIVE,STUDENT,1,SE-JAVA-101,ACTIVE,Software Engineering,ACTIVE,OPEN,40000.0,3,WEEKS,2,71,10,10,0,0,0,100.0,15,10,1,14,11,12,4,7,1,4,4,4,3,82.93,86.04,80.22,3,0,1,0,84.76,SUCCESS,1,0,40000.0,2,1,0,0,0,0,1,1,1,0,7,Good
698,student0698@student.hitech.lk,ACTIVE,STUDENT,10,IT-NET-100,ARCHIVED,Data Science,COMPLETED,OPEN,35000.0,8,WEEKS,1,109,13,6,2,5,0,53.85,26,8,0,16,18,14,5,7,2,1,1,1,1,57.06,57.06,57.06,1,0,0,2,64.71,SUCCESS,1,0,35000.0,1,2,0,0,0,0,2,2,1,1,16,Medium
320,student0320@student.hitech.lk,ACTIVE,STUDENT,12,GD-UIUX-101,ACTIVE,Business Management,ACTIVE,ADMIN_ONLY,45000.0,8,WEEKS,1,105,12,9,3,0,0,87.5,12,2,0,6,8,14,4,5,5,3,3,3,3,79.73,80.92,77.75,3,0,0,0,76.77,SUCCESS,1,0,45000.0,2,0,0,0,0,0,0,0,0,0,2,Good
207,student0207@student.hitech.lk,PENDING_VERIFICATION,STUDENT,1,SE-JAVA-101,ACTIVE,Software Engineering,ACTIVE,OPEN,40000.0,3,WEEKS,2,68,11,8,1,2,0,77.27,15,10,1,14,11,12,4,7,1,4,3,3,3,85.35,88.81,81.7,3,0,0,1,78.81,SUCCESS,1,2,40000.0,1,0,0,0,0,0,0,0,0,0,11,Good
253,student0253@student.hitech.lk,ACTIVE,STUDENT,1,SE-JAVA-101,ACTIVE,Software Engineering,ACTIVE,OPEN,40000.0,3,WEEKS,2,41,4,1,1,2,0,37.5,15,10,1,14,11,12,4,7,1,4,1,1,1,63.37,63.37,63.37,1,0,0,1,58.45,SUCCESS,1,0,40000.0,1,1,0,0,0,0,1,0,0,0,40,Medium
490,student0490@student.hitech.lk,ACTIVE,STUDENT,9,DM-SEO-101,ARCHIVED,Software Engineering,COMPLETED,OPEN,30000.0,12,WEEKS,2,149,13,11,2,0,0,92.31,13,2,0,5,10,13,4,6,3,5,4,4,4,92.94,100.0,84.04,4,0,0,0,85.35,SUCCESS,1,0,30000.0,1,2,0,0,1,0,1,1,1,0,3,Good
276,student0276@student.hitech.lk,ACTIVE,STUDENT,2,SE-WEB-120,DRAFT,Data Science,ACTIVE,ADMIN_ONLY,25000.0,16,WEEKS,3,121,2,1,1,0,0,75.0,28,10,0,16,22,9,5,4,0,1,0,0,0,0.0,0.0,0.0,0,0,0,0,0.0,SUCCESS,1,0,25000.0,1,0,0,0,0,0,0,0,0,0,11,Average
10,student0010@student.hitech.lk,ACTIVE,STUDENT,8,BM-MGMT-201,ACTIVE,Graphic Design,COMPLETED,ADMIN_ONLY,50000.0,3,WEEKS,2,150,7,3,2,1,1,67.86,7,6,0,10,3,13,7,5,1,1,1,1,1,75.46,75.46,75.46,1,0,0,1,80.23,SUCCESS,2,0,50000.0,1,1,0,0,0,0,1,1,1,0,4,Good
681,student0681@student.hitech.lk,PENDING_VERIFICATION,STUDENT,6,CY-SEC-110,ACTIVE,Information Technology,ACTIVE,OPEN,50000.0,16,WEEKS,1,114,17,5,3,9,0,38.24,20,9,0,15,14,17,4,8,5,5,1,1,0,0.0,0.0,0.0,0,0,1,1,0.0,PENDING,0,0,0.0,1,0,0,0,0,0,0,0,0,0,45,Medium
293,student0293@student.hitech.lk,ACTIVE,STUDENT,1,SE-JAVA-101,ACTIVE,Software Engineering,ACTIVE,OPEN,40000.0,3,WEEKS,2,25,3,2,1,0,0,83.33,15,10,1,14,11,12,4,7,1,4,4,4,3,100.0,100.0,100.0,3,0,1,0,94.07,SUCCESS,1,1,40000.0,1,0,0,0,0,0,0,2,1,1,5,Good
787,student0787@student.hitech.lk,ACTIVE,STUDENT,11,CC-AWS-101,ACTIVE,Cybersecurity,ACTIVE,ADMIN_ONLY,40000.0,12,WEEKS,1,50,4,2,1,1,0,62.5,4,14,0,4,14,7,2,3,2,4,2,1,1,57.23,57.23,57.23,1,0,0,1,64.39,SUCCESS,1,0,40000.0,1,2,1,0,2,0,0,1,1,0,13,Average
543,student0543@student.hitech.lk,ACTIVE,STUDENT,9,DM-SEO-101,ARCHIVED,Software Engineering,ACTIVE,OPEN,30000.0,12,WEEKS,2,82,13,10,0,3,0,76.92,13,2,0,5,10,13,4,6,3,5,2,2,2,71.89,72.28,71.51,2,0,0,2,69.27,PENDING,0,0,0.0,1,3,1,0,2,1,0,2,2,0,22,Medium
511,student0511@student.hitech.lk,ACTIVE,STUDENT,1,SE-JAVA-101,ACTIVE,Software Engineering,ACTIVE,OPEN,40000.0,3,WEEKS,2,76,8,5,2,1,0,75.0,15,10,1,14,11,12,4,7,1,4,4,4,4,73.79,78.29,68.2,4,0,0,1,75.73,PENDING,0,0,0.0,1,0,0,0,0,0,0,1,1,0,0,Good
267,student0267@student.hitech.lk,INACTIVE,STUDENT,7,BM-COMM-110,ACTIVE,Cloud Computing,ACTIVE,OPEN,35000.0,3,WEEKS,1,97,13,8,2,3,0,69.23,13,3,3,7,9,11,3,5,3,1,1,1,1,68.94,68.94,68.94,1,0,0,2,65.25,SUCCESS,1,0,35000.0,2,0,0,0,0,0,0,1,1,0,22,Average
81,student0081@student.hitech.lk,INACTIVE,STUDENT,8,BM-MGMT-201,ACTIVE,Graphic Design,REMOVED,ADMIN_ONLY,50000.0,3,WEEKS,2,19,3,0,2,0,1,58.33,7,6,0,10,3,13,7,5,1,1,1,0,0,0.0,0.0,0.0,0,0,0,0,0.0,PENDING,0,1,0.0,1,1,1,0,0,0,1,2,2,0,46,Medium
833,student0833@student.hitech.lk,ACTIVE,STUDENT,6,CY-SEC-110,ACTIVE,Information Technology,COMPLETED,OPEN,50000.0,16,WEEKS,1,235,20,7,2,10,1,43.75,20,9,0,15,14,17,4,8,5,5,1,0,0,0.0,0.0,0.0,0,0,0,1,0.0,FAILED,0,1,0.0,0,2,1,2,1,1,0,0,0,0,51,Low
274,student0274@student.hitech.lk,ACTIVE,STUDENT,11,CC-AWS-101,ACTIVE,Cybersecurity,ACTIVE,ADMIN_ONLY,40000.0,12,WEEKS,1,130,4,2,1,0,1,81.25,4,14,0,4,14,7,2,3,2,4,3,3,3,61.92,63.57,60.11,3,0,0,0,57.33,SUCCESS,1,0,40000.0,1,0,0,0,0,0,0,0,0,0,13,Average
401,student0401@student.hitech.lk,INACTIVE,STUDENT,1,SE-JAVA-101,ACTIVE,Software Engineering,COMPLETED,OPEN,40000.0,3,WEEKS,2,128,14,9,0,5,0,64.29,15,10,1,14,11,12,4,7,1,4,4,3,3,72.24,77.43,67.13,3,0,0,0,72.3,SUCCESS,2,0,40000.0,1,1,1,0,0,1,0,0,0,0,34,Good
155,student0155@student.hitech.lk,ACTIVE,STUDENT,2,SE-WEB-120,DRAFT,Data Science,COMPLETED,ADMIN_ONLY,25000.0,16,WEEKS,3,215,2,0,2,0,0,50.0,28,10,0,16,22,9,5,4,0,1,1,1,1,65.0,65.0,65.0,1,0,0,0,66.81,SUCCESS,3,0,25000.0,1,1,0,0,0,0,1,2,1,1,16,Medium
262,student0262@student.hitech.lk,ACTIVE,STUDENT,6,CY-SEC-110,ACTIVE,Information Technology,ACTIVE,OPEN,50000.0,16,WEEKS,1,102,17,16,1,0,0,97.06,20,9,0,15,14,17,4,8,5,5,5,5,5,86.89,97.17,82.92,5,0,0,0,89.93,SUCCESS,3,0,50000.0,1,0,0,0,0,0,0,1,1,0,0,Good
721,student0721@student.hitech.lk,ACTIVE,STUDENT,8,BM-MGMT-201,ACTIVE,Graphic Design,ACTIVE,ADMIN_ONLY,50000.0,3,WEEKS,2,88,7,5,1,1,0,78.57,7,6,0,10,3,13,7,5,1,1,1,1,1,63.02,63.02,63.02,1,0,0,0,62.58,SUCCESS,2,0,50000.0,1,0,0,0,0,0,0,1,0,1,6,Average
826,student0826@student.hitech.lk,ACTIVE,STUDENT,7,BM-COMM-110,ACTIVE,Cloud Computing,COMPLETED,OPEN,35000.0,3,WEEKS,1,244,13,11,0,2,0,84.62,13,3,3,7,9,11,3,5,3,1,1,1,1,94.19,94.19,94.19,1,0,0,0,93.38,SUCCESS,1,0,35000.0,1,0,0,0,0,0,0,1,1,0,0,Good
288,student0288@student.hitech.lk,ACTIVE,STUDENT,2,SE-WEB-120,DRAFT,Data Science,ACTIVE,ADMIN_ONLY,25000.0,16,WEEKS,3,47,0,0,0,0,0,0.0,28,10,0,16,22,9,5,4,0,1,1,1,1,73.95,73.95,73.95,1,0,0,0,68.7,SUCCESS,1,0,25000.0,1,0,0,0,0,0,0,1,1,0,16,Average
98,student0098@student.hitech.lk,ACTIVE,STUDENT,11,CC-AWS-101,ACTIVE,Cybersecurity,ACTIVE,ADMIN_ONLY,40000.0,12,WEEKS,1,142,4,1,1,1,1,56.25,4,14,0,4,14,7,2,3,2,4,0,0,0,0.0,0.0,0.0,0,0,0,0,0.0,FAILED,0,2,0.0,0,1,0,0,0,0,1,0,0,0,75,Low
26,student0026@student.hitech.lk,ACTIVE,STUDENT,2,SE-WEB-120,DRAFT,Data Science,REMOVED,ADMIN_ONLY,25000.0,16,WEEKS,3,81,2,2,0,0,0,100.0,28,10,0,16,22,9,5,4,0,1,1,1,1,75.38,75.38,75.38,1,0,0,0,70.92,SUCCESS,1,0,25000.0,1,0,0,0,0,0,0,0,0,0,5,Average
522,student0522@student.hitech.lk,ACTIVE,STUDENT,8,BM-MGMT-201,ACTIVE,Graphic Design,COMPLETED,ADMIN_ONLY,50000.0,3,WEEKS,2,223,7,2,1,3,1,46.43,7,6,0,10,3,13,7,5,1,1,1,1,1,36.84,36.84,36.84,0,1,0,1,31.96,SUCCESS,1,0,50000.0,1,1,0,1,1,0,0,0,0,0,11,Medium
462,student0462@student.hitech.lk,ACTIVE,STUDENT,7,BM-COMM-110,ACTIVE,Cloud Computing,ACTIVE,OPEN,35000.0,3,WEEKS,1,99,11,10,1,0,0,95.45,13,3,3,7,9,11,3,5,3,1,1,1,0,0.0,0.0,0.0,0,0,1,0,0.0,SUCCESS,1,0,35000.0,1,0,0,0,0,0,0,0,0,0,4,Good
123,student0123@student.hitech.lk,ACTIVE,STUDENT,1,SE-JAVA-101,ACTIVE,Software Engineering,ACTIVE,OPEN,40000.0,3,WEEKS,2,103,13,8,1,4,0,65.38,15,10,1,14,11,12,4,7,1,4,2,2,2,67.56,73.56,61.55,2,0,0,1,74.69,SUCCESS,1,0,40000.0,1,2,0,0,0,0,2,0,0,0,9,Average
265,student0265@student.hitech.lk,ACTIVE,STUDENT,12,GD-UIUX-101,ACTIVE,Business Management,ACTIVE,ADMIN_ONLY,45000.0,8,WEEKS,1,101,12,8,0,4,0,66.67,12,2,0,6,8,14,4,5,5,3,3,3,3,86.89,97.68,76.41,3,0,0,0,89.57,SUCCESS,1,0,45000.0,1,0,0,0,0,0,0,2,2,0,0,Good
720,student0720@student.hitech.lk,ACTIVE,STUDENT,3,SE-DB-130,ACTIVE,Cybersecurity,ACTIVE,OPEN,50000.0,4,MONTHS,1,199,23,21,2,0,0,95.65,26,8,2,32,2,9,3,4,2,4,4,4,4,87.82,91.66,81.64,4,0,0,0,87.08,SUCCESS,1,0,50000.0,1,0,0,0,0,0,0,0,0,0,1,Good
834,student0834@student.hitech.lk,ACTIVE,STUDENT,12,GD-UIUX-101,ACTIVE,Business Management,ACTIVE,ADMIN_ONLY,45000.0,8,WEEKS,1,56,9,8,0,1,0,88.89,12,2,0,6,8,14,4,5,5,3,2,2,2,65.45,70.23,60.66,2,0,0,0,66.4,SUCCESS,1,0,45000.0,1,0,0,0,0,0,0,2,2,0,7,Average
838,student0838@student.hitech.lk,ACTIVE,STUDENT,7,BM-COMM-110,ACTIVE,Cloud Computing,COMPLETED,OPEN,35000.0,3,WEEKS,1,157,13,12,0,1,0,92.31,13,3,3,7,9,11,3,5,3,1,1,1,1,95.92,95.92,95.92,1,0,0,0,98.25,SUCCESS,1,0,35000.0,1,0,0,0,0,0,0,0,0,0,1,Good
292,student0292@student.hitech.lk,ACTIVE,STUDENT,6,CY-SEC-110,ACTIVE,Information Technology,ACTIVE,OPEN,50000.0,16,WEEKS,1,100,17,15,1,1,0,91.18,20,9,0,15,14,17,4,8,5,5,3,3,3,72.82,76.75,70.52,3,0,0,2,66.78,SUCCESS,1,0,50000.0,1,0,0,0,0,0,0,1,0,1,10,Average
211,student0211@student.hitech.lk,ACTIVE,STUDENT,8,BM-MGMT-201,ACTIVE,Graphic Design,ACTIVE,ADMIN_ONLY,50000.0,3,WEEKS,2,38,4,0,3,1,0,37.5,7,6,0,10,3,13,7,5,1,1,0,0,0,0.0,0.0,0.0,0,0,0,0,0.0,SUCCESS,1,0,50000.0,1,3,1,0,2,0,1,0,0,0,39,Medium
648,student0648@student.hitech.lk,ACTIVE,STUDENT,8,BM-MGMT-201,ACTIVE,Graphic Design,COMPLETED,ADMIN_ONLY,50000.0,3,WEEKS,2,107,7,4,2,1,0,71.43,7,6,0,10,3,13,7,5,1,1,1,1,1,86.01,86.01,86.01,1,0,0,0,79.18,SUCCESS,1,1,50000.0,1,1,0,1,1,0,0,0,0,0,2,Good
776,student0776@student.hitech.lk,ACTIVE,STUDENT,6,CY-SEC-110,ACTIVE,Information Technology,ACTIVE,OPEN,50000.0,16,WEEKS,1,30,4,2,0,1,1,68.75,20,9,0,15,14,17,4,8,5,5,2,2,2,33.65,36.04,31.25,0,2,0,1,36.48,SUCCESS,1,0,50000.0,1,3,1,1,3,0,0,1,1,0,28,Low
705,student0705@student.hitech.lk,ACTIVE,STUDENT,5,DS-ML-210,ACTIVE,Digital Marketing,ACTIVE,OPEN,45000.0,10,WEEKS,2,59,8,5,1,2,0,68.75,8,9,1,16,1,5,2,3,0,5,3,3,3,76.85,81.39,70.3,3,0,0,0,74.0,SUCCESS,1,1,45000.0,1,0,0,0,0,0,0,1,1,0,11,Average
316,student0316@student.hitech.lk,ACTIVE,STUDENT,10,IT-NET-100,ARCHIVED,Data Science,ACTIVE,OPEN,35000.0,8,WEEKS,1,92,12,7,2,3,0,66.67,26,8,0,16,18,14,5,7,2,1,1,1,1,48.58,48.58,48.58,0,1,0,0,51.55,SUCCESS,2,0,35000.0,1,0,0,0,0,0,0,0,0,0,6,Average
665,student0665@student.hitech.lk,ACTIVE,STUDENT,6,CY-SEC-110,ACTIVE,Information Technology,COMPLETED,OPEN,50000.0,16,WEEKS,1,216,20,13,3,4,0,72.5,20,9,0,15,14,17,4,8,5,5,2,2,2,49.57,51.42,47.73,1,1,0,1,47.11,SUCCESS,1,0,50000.0,1,0,0,0,0,0,0,1,1,0,25,Medium
454,student0454@student.hitech.lk,ACTIVE,STUDENT,1,SE-JAVA-101,ACTIVE,Software Engineering,ACTIVE,OPEN,40000.0,3,WEEKS,2,90,12,7,0,5,0,58.33,15,10,1,14,11,12,4,7,1,4,1,1,1,45.78,45.78,45.78,0,1,0,0,47.16,SUCCESS,1,0,40000.0,1,0,0,0,0,0,0,0,0,0,25,Medium
775,student0775@student.hitech.lk,INACTIVE,STUDENT,11,CC-AWS-101,ACTIVE,Cybersecurity,ACTIVE,ADMIN_ONLY,40000.0,12,WEEKS,1,100,4,0,3,0,1,56.25,4,14,0,4,14,7,2,3,2,4,3,3,3,75.12,85.09,67.76,3,0,0,0,72.93,SUCCESS,1,0,40000.0,1,0,0,0,0,0,0,2,2,0,17,Good
713,student0713@student.hitech.lk,PENDING_VERIFICATION,STUDENT,5,DS-ML-210,ACTIVE,Digital Marketing,ACTIVE,OPEN,45000.0,10,WEEKS,2,155,8,3,3,2,0,56.25,8,9,1,16,1,5,2,3,0,5,2,2,2,46.0,48.42,43.57,0,2,0,1,36.26,SUCCESS,1,0,45000.0,2,1,0,0,0,1,0,0,0,0,29,Medium
334,student0334@student.hitech.lk,ACTIVE,STUDENT,5,DS-ML-210,ACTIVE,Digital Marketing,REMOVED,OPEN,45000.0,10,WEEKS,2,52,6,1,3,2,0,41.67,8,9,1,16,1,5,2,3,0,5,2,2,2,53.43,57.03,49.83,1,1,0,2,57.75,SUCCESS,1,0,45000.0,1,1,0,0,1,0,0,2,1,1,27,Medium
277,student0277@student.hitech.lk,ACTIVE,STUDENT,10,IT-NET-100,ARCHIVED,Data Science,ACTIVE,OPEN,35000.0,8,WEEKS,1,67,7,1,3,3,0,35.71,26,8,0,16,18,14,5,7,2,1,0,0,0,0.0,0.0,0.0,0,0,0,0,0.0,SUCCESS,1,0,35000.0,1,1,0,0,0,1,0,0,0,0,32,Medium
263,student0263@student.hitech.lk,ACTIVE,STUDENT,4,DS-PY-101,ACTIVE,Business Management,ACTIVE,OPEN,50000.0,4,MONTHS,2,47,6,6,0,0,0,100.0,28,5,0,29,4,7,3,2,2,3,3,3,3,76.42,82.27,72.03,3,0,0,0,76.96,SUCCESS,1,0,50000.0,1,0,0,0,0,0,0,1,1,0,3,Good
486,student0486@student.hitech.lk,ACTIVE,STUDENT,6,CY-SEC-110,ACTIVE,Information Technology,REMOVED,OPEN,50000.0,16,WEEKS,1,53,6,1,3,0,2,66.67,20,9,0,15,14,17,4,8,5,5,1,1,1,26.42,26.42,26.42,0,1,0,1,23.67,PENDING,0,1,0.0,1,1,0,0,1,0,0,1,1,0,50,Low
235,student0235@student.hitech.lk,ACTIVE,STUDENT,1,SE-JAVA-101,ACTIVE,Software Engineering,REMOVED,OPEN,40000.0,3,WEEKS,2,65,9,0,2,6,1,19.44,15,10,1,14,11,12,4,7,1,4,2,1,1,31.74,31.74,31.74,0,1,0,1,30.56,SUCCESS,1,0,40000.0,1,4,4,1,2,2,0,1,0,1,62,Low
691,student0691@student.hitech.lk,ACTIVE,STUDENT,11,CC-AWS-101,ACTIVE,Cybersecurity,COMPLETED,ADMIN_ONLY,40000.0,12,WEEKS,1,249,4,3,0,1,0,75.0,4,14,0,4,14,7,2,3,2,4,2,2,2,61.78,68.57,54.99,2,0,0,1,70.08,SUCCESS,2,0,40000.0,1,2,0,0,1,0,1,1,1,0,14,Average
114,student0114@student.hitech.lk,ACTIVE,STUDENT,10,IT-NET-100,ARCHIVED,Data Science,REMOVED,OPEN,35000.0,8,WEEKS,1,29,4,0,2,0,2,62.5,26,8,0,16,18,14,5,7,2,1,0,0,0,0.0,0.0,0.0,0,0,0,0,0.0,PENDING,0,1,0.0,1,0,0,0,0,0,0,0,0,0,48,Low
566,student0566@student.hitech.lk,ACTIVE,STUDENT,11,CC-AWS-101,ACTIVE,Cybersecurity,ACTIVE,ADMIN_ONLY,40000.0,12,WEEKS,1,60,4,1,1,2,0,37.5,4,14,0,4,14,7,2,3,2,4,1,1,1,22.9,22.9,22.9,0,1,0,0,23.45,PENDING,0,1,0.0,1,1,0,0,0,0,1,1,0,1,28,Low
709,student0709@student.hitech.lk,ACTIVE,STUDENT,8,BM-MGMT-201,ACTIVE,Graphic Design,ACTIVE,ADMIN_ONLY,50000.0,3,WEEKS,2,16,2,0,1,0,1,62.5,7,6,0,10,3,13,7,5,1,1,0,0,0,0.0,0.0,0.0,0,0,0,0,0.0,FAILED,0,2,0.0,0,1,0,1,0,0,1,1,0,1,81,Low
188,student0188@student.hitech.lk,INACTIVE,STUDENT,7,BM-COMM-110,ACTIVE,Cloud Computing,ACTIVE,OPEN,35000.0,3,WEEKS,1,115,12,6,1,4,1,60.42,13,3,3,7,9,11,3,5,3,1,1,1,1,74.92,74.92,74.92,1,0,0,1,70.05,SUCCESS,1,0,35000.0,1,0,0,0,0,0,0,0,0,0,29,Average
339,student0339@student.hitech.lk,ACTIVE,STUDENT,1,SE-JAVA-101,ACTIVE,Software Engineering,ACTIVE,OPEN,40000.0,3,WEEKS,2,99,11,5,2,4,0,54.55,15,10,1,14,11,12,4,7,1,4,3,3,3,58.28,59.78,56.19,3,0,0,3,58.49,SUCCESS,1,0,40000.0,1,0,0,0,0,0,0,1,0,1,32,Medium
651,student0651@student.hitech.lk,ACTIVE,STUDENT,9,DM-SEO-101,ARCHIVED,Software Engineering,REMOVED,OPEN,30000.0,12,WEEKS,2,146,13,6,3,3,1,63.46,13,2,0,5,10,13,4,6,3,5,3,2,2,60.16,60.78,59.54,2,0,0,1,65.45,SUCCESS,1,0,30000.0,1,2,0,0,2,0,0,1,0,1,36,Medium
231,student0231@student.hitech.lk,ACTIVE,STUDENT,3,SE-DB-130,ACTIVE,Cybersecurity,ACTIVE,OPEN,50000.0,4,MONTHS,1,57,8,1,3,4,0,31.25,26,8,2,32,2,9,3,4,2,4,3,3,3,44.29,57.01,36.86,1,2,0,1,39.53,SUCCESS,1,0,50000.0,2,0,0,0,0,0,0,0,0,0,19,Medium
210,student0210@student.hitech.lk,INACTIVE,STUDENT,8,BM-MGMT-201,ACTIVE,Graphic Design,ACTIVE,ADMIN_ONLY,50000.0,3,WEEKS,2,58,6,1,1,1,3,62.5,7,6,0,10,3,13,7,5,1,1,0,0,0,0.0,0.0,0.0,0,0,0,0,0.0,SUCCESS,2,0,50000.0,1,1,1,1,1,0,0,0,0,0,109,Low
678,student0678@student.hitech.lk,ACTIVE,STUDENT,5,DS-ML-210,ACTIVE,Digital Marketing,COMPLETED,OPEN,45000.0,10,WEEKS,2,194,8,5,3,0,0,81.25,8,9,1,16,1,5,2,3,0,5,5,5,5,86.23,95.29,78.06,5,0,0,0,79.62,SUCCESS,1,0,45000.0,1,0,0,0,0,0,0,0,0,0,1,Good
486,student0486@student.hitech.lk,PENDING_VERIFICATION,STUDENT,7,BM-COMM-110,ACTIVE,Cloud Computing,ACTIVE,OPEN,35000.0,3,WEEKS,1,169,13,10,0,3,0,76.92,13,3,3,7,9,11,3,5,3,1,1,1,1,93.54,93.54,93.54,1,0,0,0,94.03,SUCCESS,1,0,35000.0,1,0,0,0,0,0,0,2,2,0,15,Good
16,student0016@student.hitech.lk,ACTIVE,STUDENT,8,BM-MGMT-201,ACTIVE,Graphic Design,COMPLETED,ADMIN_ONLY,50000.0,3,WEEKS,2,157,7,3,1,3,0,50.0,7,6,0,10,3,13,7,5,1,1,1,1,1,74.28,74.28,74.28,1,0,0,1,76.76,SUCCESS,1,0,50000.0,1,1,0,0,0,0,1,1,1,0,7,Average
607,student0607@student.hitech.lk,ACTIVE,STUDENT,2,SE-WEB-120,DRAFT,Data Science,ACTIVE,ADMIN_ONLY,25000.0,16,WEEKS,3,59,2,0,1,0,1,62.5,28,10,0,16,22,9,5,4,0,1,1,1,1,61.02,61.02,61.02,1,0,0,1,56.74,PENDING,0,0,0.0,1,2,1,0,1,1,0,0,0,0,13,Medium
755,student0755@student.hitech.lk,ACTIVE,STUDENT,11,CC-AWS-101,ACTIVE,Cybersecurity,ACTIVE,ADMIN_ONLY,40000.0,12,WEEKS,1,134,4,2,1,0,1,81.25,4,14,0,4,14,7,2,3,2,4,2,2,2,38.63,38.84,38.41,0,2,0,2,38.82,PENDING,0,0,0.0,1,1,1,0,0,0,1,1,1,0,32,Medium
640,student0640@student.hitech.lk,ACTIVE,STUDENT,3,SE-DB-130,ACTIVE,Cybersecurity,ACTIVE,OPEN,50000.0,4,MONTHS,1,83,14,3,1,10,0,25.0,26,8,2,32,2,9,3,4,2,4,1,1,1,26.42,26.42,26.42,0,1,0,4,28.81,SUCCESS,1,0,50000.0,1,3,2,0,2,1,0,1,0,1,39,Low
639,student0639@student.hitech.lk,ACTIVE,STUDENT,3,SE-DB-130,ACTIVE,Cybersecurity,ACTIVE,OPEN,50000.0,4,MONTHS,1,129,21,16,2,3,0,80.95,26,8,2,32,2,9,3,4,2,4,3,2,2,65.28,68.25,62.31,2,0,0,0,67.85,SUCCESS,1,0,50000.0,1,1,0,0,0,0,1,1,0,1,7,Average
514,student0514@student.hitech.lk,ACTIVE,STUDENT,9,DM-SEO-101,ARCHIVED,Software Engineering,COMPLETED,OPEN,30000.0,12,WEEKS,2,214,13,8,0,3,2,73.08,13,2,0,5,10,13,4,6,3,5,2,2,2,63.74,68.57,58.91,2,0,0,1,65.42,SUCCESS,3,0,30000.0,1,0,0,0,0,0,0,0,0,0,24,Medium
199,student0199@student.hitech.lk,ACTIVE,STUDENT,2,SE-WEB-120,DRAFT,Data Science,ACTIVE,ADMIN_ONLY,25000.0,16,WEEKS,3,77,0,0,0,0,0,0.0,28,10,0,16,22,9,5,4,0,1,1,1,1,92.34,92.34,92.34,1,0,0,2,90.41,SUCCESS,2,0,25000.0,2,0,0,0,0,0,0,0,0,0,3,Good
88,student0088@student.hitech.lk,ACTIVE,STUDENT,5,DS-ML-210,ACTIVE,Digital Marketing,COMPLETED,OPEN,45000.0,10,WEEKS,2,93,8,6,1,1,0,81.25,8,9,1,16,1,5,2,3,0,5,5,5,5,90.33,100.0,83.63,5,0,0,0,89.16,SUCCESS,1,0,45000.0,1,0,0,0,0,0,0,1,0,1,5,Good
292,student0292@student.hitech.lk,ACTIVE,STUDENT,8,BM-MGMT-201,ACTIVE,Graphic Design,COMPLETED,ADMIN_ONLY,50000.0,3,WEEKS,2,113,7,5,1,1,0,78.57,7,6,0,10,3,13,7,5,1,1,1,1,1,88.84,88.84,88.84,1,0,0,0,84.81,SUCCESS,1,0,50000.0,1,0,0,0,0,0,0,0,0,0,5,Good
351,student0351@student.hitech.lk,ACTIVE,STUDENT,2,SE-WEB-120,DRAFT,Data Science,ACTIVE,ADMIN_ONLY,25000.0,16,WEEKS,3,73,0,0,0,0,0,0.0,28,10,0,16,22,9,5,4,0,1,0,0,0,0.0,0.0,0.0,0,0,0,0,0.0,SUCCESS,1,0,25000.0,1,2,2,0,0,0,2,2,1,1,72,Low
356,student0356@student.hitech.lk,ACTIVE,STUDENT,5,DS-ML-210,ACTIVE,Digital Marketing,ACTIVE,OPEN,45000.0,10,WEEKS,2,97,8,4,0,4,0,50.0,8,9,1,16,1,5,2,3,0,5,2,2,2,50.87,53.83,47.92,1,1,0,1,53.34,SUCCESS,1,0,45000.0,1,1,0,1,0,0,1,1,0,1,39,Medium
96,student0096@student.hitech.lk,PENDING_VERIFICATION,STUDENT,10,IT-NET-100,ARCHIVED,Data Science,ACTIVE,OPEN,35000.0,8,WEEKS,1,122,18,9,0,8,1,54.17,26,8,0,16,18,14,5,7,2,1,0,0,0,0.0,0.0,0.0,0,0,0,0,0.0,SUCCESS,1,0,35000.0,2,1,1,0,0,1,0,1,0,1,28,Medium
112,student0112@student.hitech.lk,ACTIVE,STUDENT,10,IT-NET-100,ARCHIVED,Data Science,ACTIVE,OPEN,35000.0,8,WEEKS,1,178,26,13,1,11,1,54.81,26,8,0,16,18,14,5,7,2,1,0,0,0,0.0,0.0,0.0,0,0,0,0,0.0,FAILED,0,1,0.0,1,3,0,1,1,0,2,0,0,0,87,Low
574,student0574@student.hitech.lk,ACTIVE,STUDENT,11,CC-AWS-101,ACTIVE,Cybersecurity,REMOVED,ADMIN_ONLY,40000.0,12,WEEKS,1,11,1,0,0,0,1,75.0,4,14,0,4,14,7,2,3,2,4,1,1,1,44.37,44.37,44.37,0,1,0,3,46.0,PENDING,0,0,0.0,1,3,3,1,2,1,0,1,0,1,55,Low
684,student0684@student.hitech.lk,INACTIVE,STUDENT,6,CY-SEC-110,ACTIVE,Information Technology,ACTIVE,OPEN,50000.0,16,WEEKS,1,34,4,1,1,1,1,56.25,20,9,0,15,14,17,4,8,5,5,4,4,4,46.71,57.78,35.83,2,2,0,1,42.36,PENDING,0,0,0.0,1,1,0,0,0,0,1,2,1,1,47,Average
411,student0411@student.hitech.lk,ACTIVE,STUDENT,11,CC-AWS-101,ACTIVE,Cybersecurity,ACTIVE,ADMIN_ONLY,40000.0,12,WEEKS,1,121,4,3,1,0,0,87.5,4,14,0,4,14,7,2,3,2,4,4,4,4,85.85,92.29,81.52,4,0,0,0,78.66,SUCCESS,1,0,40000.0,1,0,0,0,0,0,0,0,0,0,6,Good
354,student0354@student.hitech.lk,ACTIVE,STUDENT,2,SE-WEB-120,DRAFT,Data Science,ACTIVE,ADMIN_ONLY,25000.0,16,WEEKS,3,31,0,0,0,0,0,0.0,28,10,0,16,22,9,5,4,0,1,1,1,1,81.12,81.12,81.12,1,0,0,0,78.64,SUCCESS,1,0,25000.0,1,0,0,0,0,0,0,2,2,0,4,Good
844,student0844@student.hitech.lk,ACTIVE,STUDENT,1,SE-JAVA-101,ACTIVE,Software Engineering,COMPLETED,OPEN,40000.0,3,WEEKS,2,185,15,12,1,1,1,88.33,15,10,1,14,11,12,4,7,1,4,3,3,3,84.73,87.01,82.83,3,0,0,0,81.83,SUCCESS,1,0,40000.0,1,0,0,0,0,0,0,1,1,0,2,Good
258,student0258@student.hitech.lk,ACTIVE,STUDENT,7,BM-COMM-110,ACTIVE,Cloud Computing,REMOVED,OPEN,35000.0,3,WEEKS,1,72,12,9,1,0,2,91.67,13,3,3,7,9,11,3,5,3,1,1,1,1,55.28,55.28,55.28,1,0,0,0,51.57,SUCCESS,1,0,35000.0,1,0,0,0,0,0,0,1,1,0,35,Medium
489,student0489@student.hitech.lk,ACTIVE,STUDENT,10,IT-NET-100,ARCHIVED,Data Science,ACTIVE,OPEN,35000.0,8,WEEKS,1,41,5,0,3,2,0,30.0,26,8,0,16,18,14,5,7,2,1,1,1,1,46.46,46.46,46.46,0,1,0,1,51.06,SUCCESS,1,0,35000.0,1,2,0,0,2,0,0,1,1,0,32,Medium
760,student0760@student.hitech.lk,ACTIVE,STUDENT,3,SE-DB-130,ACTIVE,Cybersecurity,ACTIVE,OPEN,50000.0,4,MONTHS,1,26,3,1,1,1,0,50.0,26,8,2,32,2,9,3,4,2,4,3,3,2,75.02,82.07,67.97,2,0,1,0,76.55,SUCCESS,1,0,50000.0,1,1,0,0,0,1,0,0,0,0,11,Average
530,student0530@student.hitech.lk,ACTIVE,STUDENT,9,DM-SEO-101,ARCHIVED,Software Engineering,COMPLETED,OPEN,30000.0,12,WEEKS,2,81,10,9,0,0,1,97.5,13,2,0,5,10,13,4,6,3,5,5,5,5,85.44,93.42,80.9,5,0,0,1,85.29,SUCCESS,3,0,30000.0,1,1,0,0,0,1,0,0,0,0,1,Good
235,student0235@student.hitech.lk,ACTIVE,STUDENT,6,CY-SEC-110,ACTIVE,Information Technology,ACTIVE,OPEN,50000.0,16,WEEKS,1,84,13,9,1,2,1,78.85,20,9,0,15,14,17,4,8,5,5,4,4,4,69.35,71.53,65.9,4,0,0,0,69.16,SUCCESS,2,0,50000.0,1,1,0,0,1,0,0,0,0,0,11,Average
487,student0487@student.hitech.lk,ACTIVE,STUDENT,3,SE-DB-130,ACTIVE,Cybersecurity,ACTIVE,OPEN,50000.0,4,MONTHS,1,14,1,0,1,0,0,50.0,26,8,2,32,2,9,3,4,2,4,4,4,4,79.25,81.44,77.99,4,0,0,0,73.95,SUCCESS,2,0,50000.0,1,1,0,0,0,1,0,0,0,0,4,Good
733,student0733@student.hitech.lk,ACTIVE,STUDENT,9,DM-SEO-101,ARCHIVED,Software Engineering,ACTIVE,OPEN,30000.0,12,WEEKS,2,21,3,1,1,1,0,50.0,13,2,0,5,10,13,4,6,3,5,5,5,5,86.77,100.0,69.98,5,0,0,0,90.49,SUCCESS,1,0,30000.0,1,0,0,0,0,0,0,2,2,0,3,Good
279,student0279@student.hitech.lk,ACTIVE,STUDENT,3,SE-DB-130,ACTIVE,Cybersecurity,COMPLETED,OPEN,50000.0,4,MONTHS,1,247,26,26,0,0,0,100.0,26,8,2,32,2,9,3,4,2,4,4,4,4,80.79,87.77,74.76,4,0,0,0,76.89,SUCCESS,1,1,50000.0,1,0,0,0,0,0,0,1,1,0,1,Good
378,student0378@student.hitech.lk,ACTIVE,STUDENT,12,GD-UIUX-101,ACTIVE,Business Management,ACTIVE,ADMIN_ONLY,45000.0,8,WEEKS,1,56,7,5,2,0,0,85.71,12,2,0,6,8,14,4,5,5,3,3,2,2,78.73,79.61,77.85,2,0,0,0,83.17,SUCCESS,1,0,45000.0,1,0,0,0,0,0,0,1,1,0,4,Good
19,student0019@student.hitech.lk,ACTIVE,STUDENT,11,CC-AWS-101,ACTIVE,Cybersecurity,ACTIVE,ADMIN_ONLY,40000.0,12,WEEKS,1,146,4,1,1,2,0,37.5,4,14,0,4,14,7,2,3,2,4,2,2,2,47.02,53.22,40.82,1,1,0,1,44.31,SUCCESS,1,0,40000.0,1,0,0,0,0,0,0,0,0,0,31,Medium
165,student0165@student.hitech.lk,ACTIVE,STUDENT,7,BM-COMM-110,ACTIVE,Cloud Computing,ACTIVE,OPEN,35000.0,3,WEEKS,1,158,13,11,2,0,0,92.31,13,3,3,7,9,11,3,5,3,1,1,1,1,91.34,91.34,91.34,1,0,0,0,84.57,FAILED,0,1,0.0,0,1,0,0,0,0,1,1,1,0,3,Good
807,student0807@student.hitech.lk,ACTIVE,STUDENT,10,IT-NET-100,ARCHIVED,Data Science,COMPLETED,OPEN,35000.0,8,WEEKS,1,99,15,4,2,9,0,33.33,26,8,0,16,18,14,5,7,2,1,0,0,0,0.0,0.0,0.0,0,0,0,0,0.0,SUCCESS,1,1,35000.0,1,4,2,2,2,0,2,2,0,2,36,Low
710,student0710@student.hitech.lk,ACTIVE,STUDENT,9,DM-SEO-101,ARCHIVED,Software Engineering,ACTIVE,OPEN,30000.0,12,WEEKS,2,242,13,12,1,0,0,96.15,13,2,0,5,10,13,4,6,3,5,4,4,4,84.98,88.54,80.27,4,0,0,0,77.41,SUCCESS,2,0,30000.0,1,0,0,0,0,0,0,1,1,0,7,Good
68,student0068@student.hitech.lk,ACTIVE,STUDENT,4,DS-PY-101,ACTIVE,Business Management,REMOVED,OPEN,50000.0,4,MONTHS,2,35,4,4,0,0,0,100.0,28,5,0,29,4,7,3,2,2,3,3,3,3,61.91,63.21,59.62,3,0,0,1,63.06,SUCCESS,1,1,50000.0,1,2,0,0,2,0,0,1,1,0,16,Average
200,student0200@student.hitech.lk,ACTIVE,STUDENT,2,SE-WEB-120,DRAFT,Data Science,COMPLETED,ADMIN_ONLY,25000.0,16,WEEKS,3,230,2,1,1,0,0,75.0,28,10,0,16,22,9,5,4,0,1,1,1,0,0.0,0.0,0.0,0,0,1,0,0.0,SUCCESS,1,0,25000.0,1,0,0,0,0,0,0,0,0,0,2,Good
844,student0844@student.hitech.lk,INACTIVE,STUDENT,9,DM-SEO-101,ARCHIVED,Software Engineering,COMPLETED,OPEN,30000.0,12,WEEKS,2,69,11,8,2,1,0,81.82,13,2,0,5,10,13,4,6,3,5,5,5,5,78.77,86.52,72.42,5,0,0,0,72.97,SUCCESS,1,0,30000.0,2,1,0,0,0,0,1,1,1,0,27,Good
558,student0558@student.hitech.lk,ACTIVE,STUDENT,12,GD-UIUX-101,ACTIVE,Business Management,ACTIVE,ADMIN_ONLY,45000.0,8,WEEKS,1,87,12,7,2,2,1,72.92,12,2,0,6,8,14,4,5,5,3,2,1,0,0.0,0.0,0.0,0,0,1,1,0.0,SUCCESS,1,0,45000.0,1,2,1,0,0,0,2,0,0,0,8,Average
672,student0672@student.hitech.lk,ACTIVE,STUDENT,5,DS-ML-210,ACTIVE,Digital Marketing,ACTIVE,OPEN,45000.0,10,WEEKS,2,123,8,6,1,1,0,81.25,8,9,1,16,1,5,2,3,0,5,5,5,5,83.76,94.61,67.84,5,0,0,0,82.2,SUCCESS,2,0,45000.0,1,0,0,0,0,0,0,0,0,0,1,Good
541,student0541@student.hitech.lk,ACTIVE,STUDENT,9,DM-SEO-101,ARCHIVED,Software Engineering,REMOVED,OPEN,30000.0,12,WEEKS,2,34,3,2,1,0,0,83.33,13,2,0,5,10,13,4,6,3,5,5,5,5,78.85,86.52,68.93,5,0,0,0,78.51,PENDING,0,0,0.0,1,0,0,0,0,0,0,0,0,0,0,Good
654,student0654@student.hitech.lk,ACTIVE,STUDENT,9,DM-SEO-101,ARCHIVED,Software Engineering,ACTIVE,OPEN,30000.0,12,WEEKS,2,60,7,1,3,3,0,35.71,13,2,0,5,10,13,4,6,3,5,2,2,2,42.74,46.69,38.78,0,2,0,3,44.05,FAILED,0,1,0.0,0,1,1,0,1,0,0,1,0,1,36,Low
87,student0087@student.hitech.lk,ACTIVE,STUDENT,8,BM-MGMT-201,ACTIVE,Graphic Design,ACTIVE,ADMIN_ONLY,50000.0,3,WEEKS,2,84,7,6,1,0,0,92.86,7,6,0,10,3,13,7,5,1,1,1,0,0,0.0,0.0,0.0,0,0,0,1,0.0,SUCCESS,1,0,50000.0,1,1,0,0,1,0,0,0,0,0,4,Average
10,student0010@student.hitech.lk,ACTIVE,STUDENT,2,SE-WEB-120,DRAFT,Data Science,COMPLETED,ADMIN_ONLY,25000.0,16,WEEKS,3,234,1,0,1,0,0,50.0,28,10,0,16,22,9,5,4,0,1,1,1,1,87.21,87.21,87.21,1,0,0,0,90.02,SUCCESS,1,0,25000.0,1,0,0,0,0,0,0,0,0,0,0,Good
800,student0800@student.hitech.lk,ACTIVE,STUDENT,11,CC-AWS-101,ACTIVE,Cybersecurity,COMPLETED,ADMIN_ONLY,40000.0,12,WEEKS,1,136,4,3,0,1,0,75.0,4,14,0,4,14,7,2,3,2,4,3,2,2,70.1,70.15,70.05,2,0,0,0,72.74,PENDING,0,0,0.0,1,2,1,0,1,0,1,1,0,1,10,Average
801,student0801@student.hitech.lk,ACTIVE,STUDENT,1,SE-JAVA-101,ACTIVE,Software Engineering,REMOVED,OPEN,40000.0,3,WEEKS,2,12,1,0,0,0,1,75.0,15,10,1,14,11,12,4,7,1,4,1,1,1,24.2,24.2,24.2,0,1,0,3,23.34,SUCCESS,1,0,40000.0,1,2,0,0,2,0,0,0,0,0,38,Low
599,student0599@student.hitech.lk,ACTIVE,STUDENT,8,BM-MGMT-201,ACTIVE,Graphic Design,ACTIVE,ADMIN_ONLY,50000.0,3,WEEKS,2,139,7,2,1,3,1,46.43,7,6,0,10,3,13,7,5,1,1,0,0,0,0.0,0.0,0.0,0,0,0,0,0.0,FAILED,0,1,0.0,1,1,0,0,0,0,1,0,0,0,83,Low
46,student0046@student.hitech.lk,ACTIVE,STUDENT,2,SE-WEB-120,DRAFT,Data Science,ACTIVE,ADMIN_ONLY,25000.0,16,WEEKS,3,128,2,0,1,0,1,62.5,28,10,0,16,22,9,5,4,0,1,1,1,1,85.4,85.4,85.4,1,0,0,0,79.89,SUCCESS,2,0,25000.0,1,1,1,0,0,1,0,0,0,0,5,Average
585,student0585@student.hitech.lk,ACTIVE,STUDENT,7,BM-COMM-110,ACTIVE,Cloud Computing,COMPLETED,OPEN,35000.0,3,WEEKS,1,87,12,7,3,2,0,70.83,13,3,3,7,9,11,3,5,3,1,1,1,1,99.36,99.36,99.36,1,0,0,0,93.16,SUCCESS,1,1,35000.0,1,2,0,0,0,0,2,2,1,1,1,Good
777,student0777@student.hitech.lk,ACTIVE,STUDENT,3,SE-DB-130,ACTIVE,Cybersecurity,COMPLETED,OPEN,50000.0,4,MONTHS,1,161,19,11,1,7,0,60.53,26,8,2,32,2,9,3,4,2,4,2,2,2,51.73,54.02,49.44,1,1,0,0,57.64,PENDING,0,0,0.0,1,1,0,0,1,0,0,0,0,0,17,Medium
5,student0005@student.hitech.lk,ACTIVE,STUDENT,10,IT-NET-100,ARCHIVED,Data Science,COMPLETED,OPEN,35000.0,8,WEEKS,1,250,26,23,1,2,0,90.38,26,8,0,16,18,14,5,7,2,1,1,1,1,48.08,48.08,48.08,0,1,0,0,46.71,SUCCESS,1,0,35000.0,1,1,0,0,1,0,0,2,2,0,5,Average
117,student0117@student.hitech.lk,ACTIVE,STUDENT,3,SE-DB-130,ACTIVE,Cybersecurity,COMPLETED,OPEN,50000.0,4,MONTHS,1,90,14,11,2,1,0,85.71,26,8,2,32,2,9,3,4,2,4,3,3,3,89.85,93.33,86.53,3,0,0,0,96.82,SUCCESS,2,2,50000.0,1,0,0,0,0,0,0,0,0,0,7,Good
138,student0138@student.hitech.lk,ACTIVE,STUDENT,4,DS-PY-101,ACTIVE,Business Management,ACTIVE,OPEN,50000.0,4,MONTHS,2,101,12,10,0,2,0,83.33,28,5,0,29,4,7,3,2,2,3,3,2,2,94.43,100.0,88.85,2,0,0,0,93.54,SUCCESS,1,0,50000.0,2,1,0,0,1,0,0,0,0,0,6,Good
287,student0287@student.hitech.lk,ACTIVE,STUDENT,8,BM-MGMT-201,ACTIVE,Graphic Design,ACTIVE,ADMIN_ONLY,50000.0,3,WEEKS,2,41,5,3,0,2,0,60.0,7,6,0,10,3,13,7,5,1,1,0,0,0,0.0,0.0,0.0,0,0,0,0,0.0,FAILED,0,1,0.0,0,2,1,0,2,0,0,1,1,0,53,Low
512,student0512@student.hitech.lk,ACTIVE,STUDENT,9,DM-SEO-101,ARCHIVED,Software Engineering,ACTIVE,OPEN,30000.0,12,WEEKS,2,43,8,5,1,2,0,68.75,13,2,0,5,10,13,4,6,3,5,1,1,1,48.39,48.39,48.39,0,1,0,2,50.05,SUCCESS,3,0,30000.0,1,1,1,0,1,0,0,1,0,1,33,Medium
626,student0626@student.hitech.lk,ACTIVE,STUDENT,5,DS-ML-210,ACTIVE,Digital Marketing,ACTIVE,OPEN,45000.0,10,WEEKS,2,85,8,4,2,2,0,62.5,8,9,1,16,1,5,2,3,0,5,3,3,3,47.41,53.95,39.45,1,2,0,1,51.66,SUCCESS,1,1,45000.0,1,0,0,0,0,0,0,0,0,0,39,Medium
209,student0209@student.hitech.lk,ACTIVE,STUDENT,2,SE-WEB-120,DRAFT,Data Science,ACTIVE,ADMIN_ONLY,25000.0,16,WEEKS,3,46,1,0,1,0,0,50.0,28,10,0,16,22,9,5,4,0,1,1,1,1,78.91,78.91,78.91,1,0,0,0,79.13,SUCCESS,2,1,25000.0,1,0,0,0,0,0,0,2,2,0,1,Good
614,student0614@student.hitech.lk,ACTIVE,STUDENT,2,SE-WEB-120,DRAFT,Data Science,ACTIVE,ADMIN_ONLY,25000.0,16,WEEKS,3,47,1,0,1,0,0,50.0,28,10,0,16,22,9,5,4,0,1,1,1,1,72.95,72.95,72.95,1,0,0,1,71.28,PENDING,0,0,0.0,1,0,0,0,0,0,0,3,3,0,6,Average
210,student0210@student.hitech.lk,ACTIVE,STUDENT,5,DS-ML-210,ACTIVE,Digital Marketing,REMOVED,OPEN,45000.0,10,WEEKS,2,10,1,0,0,1,0,0.0,8,9,1,16,1,5,2,3,0,5,1,1,1,47.6,47.6,47.6,0,1,0,2,47.92,SUCCESS,1,0,45000.0,1,3,1,1,1,0,2,0,0,0,38,Low
381,student0381@student.hitech.lk,ACTIVE,STUDENT,5,DS-ML-210,ACTIVE,Digital Marketing,ACTIVE,OPEN,45000.0,10,WEEKS,2,176,8,0,2,6,0,12.5,8,9,1,16,1,5,2,3,0,5,0,0,0,0.0,0.0,0.0,0,0,0,0,0.0,SUCCESS,1,0,45000.0,1,3,2,1,2,0,1,0,0,0,26,Low
604,student0604@student.hitech.lk,ACTIVE,STUDENT,8,BM-MGMT-201,ACTIVE,Graphic Design,ACTIVE,ADMIN_ONLY,50000.0,3,WEEKS,2,58,7,6,0,0,1,96.43,7,6,0,10,3,13,7,5,1,1,1,1,1,81.49,81.49,81.49,1,0,0,0,84.22,SUCCESS,2,0,50000.0,1,0,0,0,0,0,0,0,0,0,3,Good
538,student0538@student.hitech.lk,ACTIVE,STUDENT,7,BM-COMM-110,ACTIVE,Cloud Computing,ACTIVE,OPEN,35000.0,3,WEEKS,1,81,10,4,3,3,0,55.0,13,3,3,7,9,11,3,5,3,1,1,1,1,52.57,52.57,52.57,1,0,0,1,57.8,SUCCESS,1,0,35000.0,1,2,1,0,2,0,0,0,0,0,15,Medium
278,student0278@student.hitech.lk,ACTIVE,STUDENT,10,IT-NET-100,ARCHIVED,Data Science,ACTIVE,OPEN,35000.0,8,WEEKS,1,28,3,0,2,1,0,33.33,26,8,0,16,18,14,5,7,2,1,1,1,1,76.94,76.94,76.94,1,0,0,0,69.76,SUCCESS,1,0,35000.0,1,0,0,0,0,0,0,0,0,0,6,Good
398,student0398@student.hitech.lk,ACTIVE,STUDENT,12,GD-UIUX-101,ACTIVE,Business Management,ACTIVE,ADMIN_ONLY,45000.0,8,WEEKS,1,68,8,4,1,2,1,65.62,12,2,0,6,8,14,4,5,5,3,2,2,1,63.35,63.35,63.35,1,0,1,1,63.43,PENDING,0,0,0.0,1,0,0,0,0,0,0,0,0,0,29,Medium
88,student0088@student.hitech.lk,INACTIVE,STUDENT,7,BM-COMM-110,ACTIVE,Cloud Computing,REMOVED,OPEN,35000.0,3,WEEKS,1,18,2,1,0,0,1,87.5,13,3,3,7,9,11,3,5,3,1,0,0,0,0.0,0.0,0.0,0,0,0,0,0.0,SUCCESS,1,0,35000.0,1,3,2,1,1,0,2,0,0,0,108,Low
540,student0540@student.hitech.lk,ACTIVE,STUDENT,10,IT-NET-100,ARCHIVED,Data Science,ACTIVE,OPEN,35000.0,8,WEEKS,1,46,5,4,0,1,0,80.0,26,8,0,16,18,14,5,7,2,1,1,1,1,100.0,100.0,100.0,1,0,0,0,99.66,SUCCESS,2,0,35000.0,1,0,0,0,0,0,0,0,0,0,5,Good
413,student0413@student.hitech.lk,INACTIVE,STUDENT,12,GD-UIUX-101,ACTIVE,Business Management,ACTIVE,ADMIN_ONLY,45000.0,8,WEEKS,1,107,12,7,1,4,0,62.5,12,2,0,6,8,14,4,5,5,3,1,1,1,51.02,51.02,51.02,1,0,0,0,49.24,PENDING,0,1,0.0,1,0,0,0,0,0,0,0,0,0,54,Medium
175,student0175@student.hitech.lk,PENDING_VERIFICATION,STUDENT,1,SE-JAVA-101,ACTIVE,Software Engineering,ACTIVE,OPEN,40000.0,3,WEEKS,2,101,12,4,3,5,0,45.83,15,10,1,14,11,12,4,7,1,4,2,1,1,51.47,51.47,51.47,1,0,0,0,47.01,SUCCESS,1,0,40000.0,1,2,0,1,1,0,1,1,1,0,14,Medium
623,student0623@student.hitech.lk,ACTIVE,STUDENT,10,IT-NET-100,ARCHIVED,Data Science,ACTIVE,OPEN,35000.0,8,WEEKS,1,97,15,9,1,3,2,73.33,26,8,0,16,18,14,5,7,2,1,0,0,0,0.0,0.0,0.0,0,0,0,0,0.0,PENDING,0,0,0.0,1,1,1,0,1,0,0,1,0,1,15,Medium
86,student0086@student.hitech.lk,ACTIVE,STUDENT,6,CY-SEC-110,ACTIVE,Information Technology,ACTIVE,OPEN,50000.0,16,WEEKS,1,107,14,11,0,3,0,78.57,20,9,0,15,14,17,4,8,5,5,3,3,3,61.53,69.34,56.41,3,0,0,0,57.71,SUCCESS,3,1,50000.0,1,1,1,0,0,0,1,1,0,1,3,Average
715,student0715@student.hitech.lk,ACTIVE,STUDENT,12,GD-UIUX-101,ACTIVE,Business Management,REMOVED,ADMIN_ONLY,45000.0,8,WEEKS,1,69,9,2,4,3,0,44.44,12,2,0,6,8,14,4,5,5,3,2,1,1,44.78,44.78,44.78,0,1,0,1,47.66,SUCCESS,1,0,45000.0,1,0,0,0,0,0,0,0,0,0,26,Medium
399,student0399@student.hitech.lk,ACTIVE,STUDENT,2,SE-WEB-120,DRAFT,Data Science,ACTIVE,ADMIN_ONLY,25000.0,16,WEEKS,3,48,0,0,0,0,0,0.0,28,10,0,16,22,9,5,4,0,1,1,1,0,0.0,0.0,0.0,0,0,1,3,0.0,SUCCESS,2,0,25000.0,1,2,1,0,2,0,0,0,0,0,15,Medium
498,student0498@student.hitech.lk,ACTIVE,STUDENT,10,IT-NET-100,ARCHIVED,Data Science,ACTIVE,OPEN,35000.0,8,WEEKS,1,97,10,3,2,3,2,55.0,26,8,0,16,18,14,5,7,2,1,0,0,0,0.0,0.0,0.0,0,0,0,0,0.0,SUCCESS,1,0,35000.0,1,2,1,2,2,0,0,0,0,0,30,Low
759,student0759@student.hitech.lk,ACTIVE,STUDENT,12,GD-UIUX-101,ACTIVE,Business Management,ACTIVE,ADMIN_ONLY,45000.0,8,WEEKS,1,82,12,9,1,1,1,85.42,12,2,0,6,8,14,4,5,5,3,3,3,3,75.46,79.08,71.35,3,0,0,1,71.99,SUCCESS,1,2,45000.0,1,1,0,0,0,0,1,0,0,0,3,Good
38,student0038@student.hitech.lk,ACTIVE,STUDENT,12,GD-UIUX-101,ACTIVE,Business Management,ACTIVE,ADMIN_ONLY,45000.0,8,WEEKS,1,32,6,5,0,1,0,83.33,12,2,0,6,8,14,4,5,5,3,2,2,2,89.96,94.36,85.57,2,0,0,1,88.38,SUCCESS,1,1,45000.0,1,1,0,0,0,0,1,0,0,0,5,Good
116,student0116@student.hitech.lk,ACTIVE,STUDENT,5,DS-ML-210,ACTIVE,Digital Marketing,ACTIVE,OPEN,45000.0,10,WEEKS,2,62,8,5,2,0,1,84.38,8,9,1,16,1,5,2,3,0,5,5,5,5,82.76,96.17,75.66,5,0,0,0,82.1,SUCCESS,1,0,45000.0,1,2,0,0,1,0,1,2,2,0,2,Good
8,student0008@student.hitech.lk,ACTIVE,STUDENT,5,DS-ML-210,ACTIVE,Digital Marketing,REMOVED,OPEN,45000.0,10,WEEKS,2,88,8,5,1,2,0,68.75,8,9,1,16,1,5,2,3,0,5,3,3,3,59.71,61.61,56.02,3,0,0,0,54.48,PENDING,0,0,0.0,1,1,0,0,1,0,0,1,1,0,18,Average
210,student0210@student.hitech.lk,ACTIVE,STUDENT,9,DM-SEO-101,ARCHIVED,Software Engineering,ACTIVE,OPEN,30000.0,12,WEEKS,2,67,7,4,0,2,1,67.86,13,2,0,5,10,13,4,6,3,5,3,2,2,46.1,48.64,43.56,0,2,0,0,44.75,PENDING,0,1,0.0,1,0,0,0,0,0,0,0,0,0,14,Medium
828,student0828@student.hitech.lk,ACTIVE,STUDENT,4,DS-PY-101,ACTIVE,Business Management,ACTIVE,OPEN,50000.0,4,MONTHS,2,64,10,5,1,4,0,55.0,28,5,0,29,4,7,3,2,2,3,2,2,2,66.81,76.01,57.61,2,0,0,0,70.11,SUCCESS,1,0,50000.0,1,0,0,0,0,0,0,0,0,0,5,Average
786,student0786@student.hitech.lk,ACTIVE,STUDENT,11,CC-AWS-101,ACTIVE,Cybersecurity,ACTIVE,ADMIN_ONLY,40000.0,12,WEEKS,1,98,4,1,1,2,0,37.5,4,14,0,4,14,7,2,3,2,4,2,2,2,43.14,44.81,41.46,0,2,0,1,41.18,PENDING,0,0,0.0,1,2,1,0,1,1,0,0,0,0,13,Medium
523,student0523@student.hitech.lk,ACTIVE,STUDENT,11,CC-AWS-101,ACTIVE,Cybersecurity,ACTIVE,ADMIN_ONLY,40000.0,12,WEEKS,1,82,4,2,1,0,1,81.25,4,14,0,4,14,7,2,3,2,4,2,2,2,58.61,59.11,58.12,2,0,0,2,60.47,SUCCESS,1,0,40000.0,1,1,0,0,1,0,0,0,0,0,8,Average
49,student0049@student.hitech.lk,ACTIVE,STUDENT,4,DS-PY-101,ACTIVE,Business Management,COMPLETED,OPEN,50000.0,4,MONTHS,2,79,8,0,5,3,0,31.25,28,5,0,29,4,7,3,2,2,3,1,1,1,34.96,34.96,34.96,0,1,0,2,37.24,SUCCESS,1,0,50000.0,1,0,0,0,0,0,0,0,0,0,18,Medium
322,student0322@student.hitech.lk,ACTIVE,STUDENT,5,DS-ML-210,ACTIVE,Digital Marketing,ACTIVE,OPEN,45000.0,10,WEEKS,2,46,5,3,1,1,0,70.0,8,9,1,16,1,5,2,3,0,5,2,2,2,68.83,70.92,66.73,2,0,0,1,67.17,SUCCESS,1,0,45000.0,1,1,1,1,1,0,0,1,1,0,17,Medium
568,student0568@student.hitech.lk,PENDING_VERIFICATION,STUDENT,3,SE-DB-130,ACTIVE,Cybersecurity,ACTIVE,OPEN,50000.0,4,MONTHS,1,77,12,6,1,5,0,54.17,26,8,2,32,2,9,3,4,2,4,3,2,2,78.17,78.34,77.99,2,0,0,0,77.05,SUCCESS,2,0,50000.0,1,3,1,0,2,1,0,1,0,1,20,Average
110,student0110@student.hitech.lk,PENDING_VERIFICATION,STUDENT,5,DS-ML-210,ACTIVE,Digital Marketing,COMPLETED,OPEN,45000.0,10,WEEKS,2,230,8,2,4,2,0,50.0,8,9,1,16,1,5,2,3,0,5,3,3,3,72.92,86.92,65.78,3,0,0,0,65.85,SUCCESS,1,0,45000.0,1,2,0,0,1,0,1,1,0,1,23,Average
816,student0816@student.hitech.lk,ACTIVE,STUDENT,2,SE-WEB-120,DRAFT,Data Science,ACTIVE,ADMIN_ONLY,25000.0,16,WEEKS,3,115,1,0,1,0,0,50.0,28,10,0,16,22,9,5,4,0,1,1,0,0,0.0,0.0,0.0,0,0,0,0,0.0,SUCCESS,1,0,25000.0,1,0,0,0,0,0,0,0,0,0,4,Good
681,student0681@student.hitech.lk,ACTIVE,STUDENT,2,SE-WEB-120,DRAFT,Data Science,ACTIVE,ADMIN_ONLY,25000.0,16,WEEKS,3,151,1,1,0,0,0,100.0,28,10,0,16,22,9,5,4,0,1,1,1,1,55.56,55.56,55.56,1,0,0,0,49.17,PENDING,0,1,0.0,1,0,0,0,0,0,0,4,2,2,13,Average
800,student0800@student.hitech.lk,INACTIVE,STUDENT,2,SE-WEB-120,DRAFT,Data Science,ACTIVE,ADMIN_ONLY,25000.0,16,WEEKS,3,106,2,0,1,1,0,25.0,28,10,0,16,22,9,5,4,0,1,1,1,1,63.66,63.66,63.66,1,0,0,0,65.5,FAILED,0,1,0.0,1,0,0,0,0,0,0,1,1,0,43,Average
462,student0462@student.hitech.lk,INACTIVE,STUDENT,11,CC-AWS-101,ACTIVE,Cybersecurity,ACTIVE,ADMIN_ONLY,40000.0,12,WEEKS,1,57,4,4,0,0,0,100.0,4,14,0,4,14,7,2,3,2,4,4,4,4,76.62,79.47,69.54,4,0,0,0,83.85,SUCCESS,1,0,40000.0,1,0,0,0,0,0,0,1,1,0,29,Good
249,student0249@student.hitech.lk,ACTIVE,STUDENT,4,DS-PY-101,ACTIVE,Business Management,COMPLETED,OPEN,50000.0,4,MONTHS,2,235,28,25,0,3,0,89.29,28,5,0,29,4,7,3,2,2,3,2,1,1,70.14,70.14,70.14,1,0,0,2,67.62,PENDING,0,0,0.0,1,1,0,0,0,0,1,1,0,1,5,Good
787,student0787@student.hitech.lk,ACTIVE,STUDENT,2,SE-WEB-120,DRAFT,Data Science,ACTIVE,ADMIN_ONLY,25000.0,16,WEEKS,3,64,1,0,1,0,0,50.0,28,10,0,16,22,9,5,4,0,1,1,0,0,0.0,0.0,0.0,0,0,0,0,0.0,SUCCESS,1,0,25000.0,1,0,0,0,0,0,0,0,0,0,5,Good
178,student0178@student.hitech.lk,ACTIVE,STUDENT,4,DS-PY-101,ACTIVE,Business Management,ACTIVE,OPEN,50000.0,4,MONTHS,2,71,12,5,3,3,1,60.42,28,5,0,29,4,7,3,2,2,3,2,2,2,54.28,56.87,51.69,2,0,0,1,53.15,FAILED,0,1,0.0,0,0,0,0,0,0,0,3,2,1,11,Medium
248,student0248@student.hitech.lk,ACTIVE,STUDENT,4,DS-PY-101,ACTIVE,Business Management,REMOVED,OPEN,50000.0,4,MONTHS,2,106,12,1,4,6,1,31.25,28,5,0,29,4,7,3,2,2,3,1,1,0,0.0,0.0,0.0,0,0,1,3,0.0,SUCCESS,1,0,50000.0,1,1,0,0,1,0,0,0,0,0,26,Low
395,student0395@student.hitech.lk,ACTIVE,STUDENT,12,GD-UIUX-101,ACTIVE,Business Management,REMOVED,ADMIN_ONLY,45000.0,8,WEEKS,1,36,6,3,0,3,0,50.0,12,2,0,6,8,14,4,5,5,3,2,2,2,62.63,68.76,56.49,2,0,0,1,61.22,SUCCESS,1,0,45000.0,2,3,2,0,2,0,1,1,0,1,28,Medium
500,student0500@student.hitech.lk,ACTIVE,STUDENT,5,DS-ML-210,ACTIVE,Digital Marketing,COMPLETED,OPEN,45000.0,10,WEEKS,2,245,8,5,1,2,0,68.75,8,9,1,16,1,5,2,3,0,5,2,2,2,68.67,72.19,65.15,2,0,0,0,73.92,SUCCESS,1,1,45000.0,1,0,0,0,0,0,0,0,0,0,17,Medium
403,student0403@student.hitech.lk,ACTIVE,STUDENT,6,CY-SEC-110,ACTIVE,Information Technology,COMPLETED,OPEN,50000.0,16,WEEKS,1,159,20,17,2,1,0,90.0,20,9,0,15,14,17,4,8,5,5,5,5,5,83.72,92.37,78.48,5,0,0,0,82.33,SUCCESS,1,0,50000.0,1,1,0,0,0,0,1,1,1,0,3,Good
538,student0538@student.hitech.lk,ACTIVE,STUDENT,9,DM-SEO-101,ARCHIVED,Software Engineering,COMPLETED,OPEN,30000.0,12,WEEKS,2,247,13,10,0,3,0,76.92,13,2,0,5,10,13,4,6,3,5,5,5,5,84.1,91.46,76.65,5,0,0,0,86.17,SUCCESS,1,0,30000.0,1,0,0,0,0,0,0,0,0,0,1,Good
743,student0743@student.hitech.lk,ACTIVE,STUDENT,3,SE-DB-130,ACTIVE,Cybersecurity,COMPLETED,OPEN,50000.0,4,MONTHS,1,69,10,5,3,1,1,72.5,26,8,2,32,2,9,3,4,2,4,4,4,4,86.88,92.81,77.66,4,0,0,2,87.57,SUCCESS,2,0,50000.0,1,0,0,0,0,0,0,2,1,1,0,Good
658,student0658@student.hitech.lk,ACTIVE,STUDENT,8,BM-MGMT-201,ACTIVE,Graphic Design,ACTIVE,ADMIN_ONLY,50000.0,3,WEEKS,2,121,7,4,0,3,0,57.14,7,6,0,10,3,13,7,5,1,1,1,1,1,73.53,73.53,73.53,1,0,0,1,74.34,SUCCESS,1,0,50000.0,2,0,0,0,0,0,0,0,0,0,12,Average
336,student0336@student.hitech.lk,ACTIVE,STUDENT,7,BM-COMM-110,ACTIVE,Cloud Computing,ACTIVE,OPEN,35000.0,3,WEEKS,1,150,13,10,0,3,0,76.92,13,3,3,7,9,11,3,5,3,1,1,1,1,81.03,81.03,81.03,1,0,0,0,73.18,SUCCESS,2,0,35000.0,1,0,0,0,0,0,0,0,0,0,8,Average
749,student0749@student.hitech.lk,ACTIVE,STUDENT,5,DS-ML-210,ACTIVE,Digital Marketing,ACTIVE,OPEN,45000.0,10,WEEKS,2,25,4,1,2,1,0,50.0,8,9,1,16,1,5,2,3,0,5,2,2,2,49.6,56.22,42.99,1,1,0,0,61.39,PENDING,0,0,0.0,1,0,0,0,0,0,0,0,0,0,35,Medium
117,student0117@student.hitech.lk,ACTIVE,STUDENT,1,SE-JAVA-101,ACTIVE,Software Engineering,COMPLETED,OPEN,40000.0,3,WEEKS,2,176,15,8,2,4,1,65.0,15,10,1,14,11,12,4,7,1,4,2,2,2,64.43,65.8,63.06,2,0,0,1,67.88,SUCCESS,1,0,40000.0,1,3,2,0,2,1,0,0,0,0,22,Medium
263,student0263@student.hitech.lk,ACTIVE,STUDENT,2,SE-WEB-120,DRAFT,Data Science,COMPLETED,ADMIN_ONLY,25000.0,16,WEEKS,3,174,1,0,0,0,1,75.0,28,10,0,16,22,9,5,4,0,1,0,0,0,0.0,0.0,0.0,0,0,0,0,0.0,SUCCESS,3,0,25000.0,2,1,1,0,1,0,0,1,1,0,23,Medium
206,student0206@student.hitech.lk,ACTIVE,STUDENT,11,CC-AWS-101,ACTIVE,Cybersecurity,ACTIVE,ADMIN_ONLY,40000.0,12,WEEKS,1,90,4,0,3,0,1,56.25,4,14,0,4,14,7,2,3,2,4,2,2,2,56.35,59.1,53.6,2,0,0,3,63.57,SUCCESS,2,1,40000.0,1,2,0,0,1,1,0,2,1,1,40,Medium
116,student0116@student.hitech.lk,ACTIVE,STUDENT,2,SE-WEB-120,DRAFT,Data Science,ACTIVE,ADMIN_ONLY,25000.0,16,WEEKS,3,125,2,0,2,0,0,50.0,28,10,0,16,22,9,5,4,0,1,1,1,1,48.41,48.41,48.41,0,1,0,2,47.13,SUCCESS,2,0,25000.0,1,2,2,0,0,0,2,1,1,0,27,Medium
166,student0166@student.hitech.lk,ACTIVE,STUDENT,4,DS-PY-101,ACTIVE,Business Management,REMOVED,OPEN,50000.0,4,MONTHS,2,101,13,9,0,4,0,69.23,28,5,0,29,4,7,3,2,2,3,1,1,1,50.39,50.39,50.39,1,0,0,1,53.92,PENDING,0,0,0.0,1,2,2,2,2,0,0,0,0,0,65,Low
18,student0018@student.hitech.lk,ACTIVE,STUDENT,3,SE-DB-130,ACTIVE,Cybersecurity,ACTIVE,OPEN,50000.0,4,MONTHS,1,120,16,14,1,0,1,95.31,26,8,2,32,2,9,3,4,2,4,3,3,3,68.23,83.34,58.82,3,0,0,0,65.16,SUCCESS,1,0,50000.0,2,1,0,0,1,0,0,2,2,0,7,Average
315,student0315@student.hitech.lk,ACTIVE,STUDENT,3,SE-DB-130,ACTIVE,Cybersecurity,COMPLETED,OPEN,50000.0,4,MONTHS,1,238,26,15,3,8,0,63.46,26,8,2,32,2,9,3,4,2,4,2,2,2,58.77,58.92,58.62,2,0,0,0,57.01,SUCCESS,1,0,50000.0,1,0,0,0,0,0,0,2,2,0,9,Average
618,student0618@student.hitech.lk,INACTIVE,STUDENT,4,DS-PY-101,ACTIVE,Business Management,ACTIVE,OPEN,50000.0,4,MONTHS,2,95,12,8,1,3,0,70.83,28,5,0,29,4,7,3,2,2,3,3,3,2,61.07,61.23,60.9,2,0,1,2,59.7,SUCCESS,2,1,50000.0,1,1,0,0,0,0,1,0,0,0,46,Average
306,student0306@student.hitech.lk,ACTIVE,STUDENT,2,SE-WEB-120,DRAFT,Data Science,ACTIVE,ADMIN_ONLY,25000.0,16,WEEKS,3,154,3,0,1,2,0,16.67,28,10,0,16,22,9,5,4,0,1,0,0,0,0.0,0.0,0.0,0,0,0,0,0.0,FAILED,0,1,0.0,1,3,2,0,2,1,0,0,0,0,73,Low
536,student0536@student.hitech.lk,ACTIVE,STUDENT,5,DS-ML-210,ACTIVE,Digital Marketing,ACTIVE,OPEN,45000.0,10,WEEKS,2,127,8,6,1,1,0,81.25,8,9,1,16,1,5,2,3,0,5,4,4,4,73.1,77.6,67.95,4,0,0,0,74.12,SUCCESS,1,0,45000.0,1,0,0,0,0,0,0,0,0,0,7,Average
489,student0489@student.hitech.lk,ACTIVE,STUDENT,3,SE-DB-130,ACTIVE,Cybersecurity,COMPLETED,OPEN,50000.0,4,MONTHS,1,149,21,18,0,3,0,85.71,26,8,2,32,2,9,3,4,2,4,4,4,4,85.55,97.64,70.87,4,0,0,0,82.97,SUCCESS,3,0,50000.0,1,0,0,0,0,0,0,0,0,0,0,Good
20,student0020@student.hitech.lk,ACTIVE,STUDENT,1,SE-JAVA-101,ACTIVE,Software Engineering,ACTIVE,OPEN,40000.0,3,WEEKS,2,86,13,11,0,2,0,84.62,15,10,1,14,11,12,4,7,1,4,2,2,2,74.42,74.61,74.22,2,0,0,0,68.01,SUCCESS,1,0,40000.0,1,0,0,0,0,0,0,3,3,0,16,Average
315,student0315@student.hitech.lk,ACTIVE,STUDENT,12,GD-UIUX-101,ACTIVE,Business Management,COMPLETED,ADMIN_ONLY,45000.0,8,WEEKS,1,172,12,11,0,0,1,97.92,12,2,0,6,8,14,4,5,5,3,3,3,3,97.07,100.0,94.67,3,0,0,0,95.61,SUCCESS,1,0,45000.0,1,0,0,0,0,0,0,1,1,0,3,Good
457,student0457@student.hitech.lk,ACTIVE,STUDENT,6,CY-SEC-110,ACTIVE,Information Technology,REMOVED,OPEN,50000.0,16,WEEKS,1,61,11,3,3,5,0,40.91,20,9,0,15,14,17,4,8,5,5,1,1,1,52.32,52.32,52.32,1,0,0,3,51.2,FAILED,0,1,0.0,0,1,1,0,0,1,0,0,0,0,42,Low
118,student0118@student.hitech.lk,ACTIVE,STUDENT,9,DM-SEO-101,ARCHIVED,Software Engineering,ACTIVE,OPEN,30000.0,12,WEEKS,2,58,8,3,3,2,0,56.25,13,2,0,5,10,13,4,6,3,5,2,1,1,53.41,53.41,53.41,1,0,0,1,51.97,SUCCESS,1,0,30000.0,2,0,0,0,0,0,0,0,0,0,10,Medium
468,student0468@student.hitech.lk,ACTIVE,STUDENT,1,SE-JAVA-101,ACTIVE,Software Engineering,ACTIVE,OPEN,40000.0,3,WEEKS,2,109,15,10,3,2,0,76.67,15,10,1,14,11,12,4,7,1,4,2,2,2,62.11,73.54,50.68,2,0,0,1,63.88,FAILED,0,2,0.0,1,1,0,0,0,0,1,0,0,0,15,Average
178,student0178@student.hitech.lk,ACTIVE,STUDENT,5,DS-ML-210,ACTIVE,Digital Marketing,REMOVED,OPEN,45000.0,10,WEEKS,2,62,7,4,1,1,1,75.0,8,9,1,16,1,5,2,3,0,5,2,2,2,49.75,51.78,47.72,1,1,0,0,44.48,FAILED,0,1,0.0,1,0,0,0,0,0,0,1,0,1,27,Medium
662,student0662@student.hitech.lk,ACTIVE,STUDENT,1,SE-JAVA-101,ACTIVE,Software Engineering,ACTIVE,OPEN,40000.0,3,WEEKS,2,127,15,9,1,3,2,73.33,15,10,1,14,11,12,4,7,1,4,2,2,2,50.6,52.71,48.48,1,1,0,0,53.7,SUCCESS,1,0,40000.0,1,0,0,0,0,0,0,0,0,0,16,Medium
297,student0297@student.hitech.lk,ACTIVE,STUDENT,5,DS-ML-210,ACTIVE,Digital Marketing,COMPLETED,OPEN,45000.0,10,WEEKS,2,238,8,5,3,0,0,81.25,8,9,1,16,1,5,2,3,0,5,5,5,4,96.75,100.0,93.99,4,0,1,0,95.41,PENDING,0,0,0.0,1,0,0,0,0,0,0,0,0,0,7,Good
87,student0087@student.hitech.lk,ACTIVE,STUDENT,10,IT-NET-100,ARCHIVED,Data Science,ACTIVE,OPEN,35000.0,8,WEEKS,1,69,11,4,2,5,0,45.45,26,8,0,16,18,14,5,7,2,1,1,1,1,63.41,63.41,63.41,1,0,0,1,57.18,SUCCESS,1,0,35000.0,1,2,0,0,1,1,0,0,0,0,38,Medium
425,student0425@student.hitech.lk,INACTIVE,STUDENT,3,SE-DB-130,ACTIVE,Cybersecurity,ACTIVE,OPEN,50000.0,4,MONTHS,1,38,4,3,0,1,0,75.0,26,8,2,32,2,9,3,4,2,4,3,2,2,61.86,65.93,57.8,2,0,0,1,64.63,SUCCESS,2,0,50000.0,1,2,1,0,0,1,1,1,1,0,35,Average
71,student0071@student.hitech.lk,ACTIVE,STUDENT,9,DM-SEO-101,ARCHIVED,Software Engineering,ACTIVE,OPEN,30000.0,12,WEEKS,2,72,12,8,3,1,0,79.17,13,2,0,5,10,13,4,6,3,5,4,4,4,63.68,73.53,47.44,3,1,0,1,64.44,PENDING,0,1,0.0,1,0,0,0,0,0,0,1,0,1,11,Average
49,student0049@student.hitech.lk,ACTIVE,STUDENT,8,BM-MGMT-201,ACTIVE,Graphic Design,COMPLETED,ADMIN_ONLY,50000.0,3,WEEKS,2,145,7,2,2,2,1,53.57,7,6,0,10,3,13,7,5,1,1,1,1,0,0.0,0.0,0.0,0,0,1,1,0.0,SUCCESS,1,0,50000.0,1,2,0,0,2,0,0,0,0,0,16,Medium
452,student0452@student.hitech.lk,ACTIVE,STUDENT,12,GD-UIUX-101,ACTIVE,Business Management,ACTIVE,ADMIN_ONLY,45000.0,8,WEEKS,1,35,5,0,3,2,0,30.0,12,2,0,6,8,14,4,5,5,3,2,2,2,58.2,66.31,50.08,2,0,0,1,59.86,SUCCESS,1,1,45000.0,1,0,0,0,0,0,0,0,0,0,26,Medium
570,student0570@student.hitech.lk,ACTIVE,STUDENT,3,SE-DB-130,ACTIVE,Cybersecurity,ACTIVE,OPEN,50000.0,4,MONTHS,1,54,6,5,0,0,1,95.83,26,8,2,32,2,9,3,4,2,4,4,4,4,86.95,92.46,78.43,4,0,0,0,86.01,SUCCESS,2,0,50000.0,1,0,0,0,0,0,0,1,1,0,0,Good
238,student0238@student.hitech.lk,ACTIVE,STUDENT,7,BM-COMM-110,ACTIVE,Cloud Computing,COMPLETED,OPEN,35000.0,3,WEEKS,1,207,13,6,1,6,0,50.0,13,3,3,7,9,11,3,5,3,1,1,1,1,68.12,68.12,68.12,1,0,0,0,68.95,SUCCESS,1,1,35000.0,1,0,0,0,0,0,0,3,1,2,7,Average
13,student0013@student.hitech.lk,ACTIVE,STUDENT,4,DS-PY-101,ACTIVE,Business Management,COMPLETED,OPEN,50000.0,4,MONTHS,2,127,22,18,0,4,0,81.82,28,5,0,29,4,7,3,2,2,3,3,3,3,81.02,87.76,77.19,3,0,0,0,85.44,SUCCESS,1,2,50000.0,1,0,0,0,0,0,0,2,1,1,5,Good
308,student0308@student.hitech.lk,ACTIVE,STUDENT,10,IT-NET-100,ARCHIVED,Data Science,ACTIVE,OPEN,35000.0,8,WEEKS,1,52,10,7,1,2,0,75.0,26,8,0,16,18,14,5,7,2,1,1,1,1,63.88,63.88,63.88,1,0,0,0,67.2,SUCCESS,1,0,35000.0,1,0,0,0,0,0,0,1,1,0,6,Average
405,student0405@student.hitech.lk,ACTIVE,STUDENT,3,SE-DB-130,ACTIVE,Cybersecurity,ACTIVE,OPEN,50000.0,4,MONTHS,1,66,9,6,2,1,0,77.78,26,8,2,32,2,9,3,4,2,4,4,4,4,84.22,94.95,77.83,4,0,0,1,86.19,SUCCESS,1,0,50000.0,1,0,0,0,0,0,0,2,2,0,4,Good
533,student0533@student.hitech.lk,ACTIVE,STUDENT,4,DS-PY-101,ACTIVE,Business Management,ACTIVE,OPEN,50000.0,4,MONTHS,2,72,10,5,0,5,0,50.0,28,5,0,29,4,7,3,2,2,3,1,1,0,0.0,0.0,0.0,0,0,1,1,0.0,SUCCESS,1,0,50000.0,1,2,1,0,2,0,0,0,0,0,36,Low
505,student0505@student.hitech.lk,ACTIVE,STUDENT,8,BM-MGMT-201,ACTIVE,Graphic Design,ACTIVE,ADMIN_ONLY,50000.0,3,WEEKS,2,41,4,0,3,1,0,37.5,7,6,0,10,3,13,7,5,1,1,1,1,1,50.1,50.1,50.1,1,0,0,3,44.34,PENDING,0,0,0.0,1,0,0,0,0,0,0,1,0,1,32,Medium
422,student0422@student.hitech.lk,ACTIVE,STUDENT,6,CY-SEC-110,ACTIVE,Information Technology,ACTIVE,OPEN,50000.0,16,WEEKS,1,56,6,2,0,4,0,33.33,20,9,0,15,14,17,4,8,5,5,2,2,2,47.1,53.01,41.18,1,1,0,1,44.09,SUCCESS,1,0,50000.0,2,1,0,0,0,0,1,1,1,0,66,Low
283,student0283@student.hitech.lk,PENDING_VERIFICATION,STUDENT,3,SE-DB-130,ACTIVE,Cybersecurity,COMPLETED,OPEN,50000.0,4,MONTHS,1,149,23,20,2,1,0,91.3,26,8,2,32,2,9,3,4,2,4,4,4,4,83.42,88.72,75.02,4,0,0,0,83.35,SUCCESS,2,0,50000.0,1,1,0,0,0,0,1,0,0,0,13,Good
153,student0153@student.hitech.lk,ACTIVE,STUDENT,3,SE-DB-130,ACTIVE,Cybersecurity,COMPLETED,OPEN,50000.0,4,MONTHS,1,80,15,12,1,2,0,83.33,26,8,2,32,2,9,3,4,2,4,3,3,3,70.85,73.52,67.14,3,0,0,0,69.72,SUCCESS,2,0,50000.0,1,3,0,0,1,1,1,1,1,0,13,Average
43,student0043@student.hitech.lk,ACTIVE,STUDENT,3,SE-DB-130,ACTIVE,Cybersecurity,ACTIVE,OPEN,50000.0,4,MONTHS,1,25,4,0,2,1,1,43.75,26,8,2,32,2,9,3,4,2,4,2,2,1,52.76,52.76,52.76,1,0,1,0,48.44,SUCCESS,1,0,50000.0,1,1,0,0,0,1,0,2,1,1,21,Medium
537,student0537@student.hitech.lk,ACTIVE,STUDENT,9,DM-SEO-101,ARCHIVED,Software Engineering,ACTIVE,OPEN,30000.0,12,WEEKS,2,108,13,9,1,3,0,73.08,13,2,0,5,10,13,4,6,3,5,2,2,2,56.53,60.09,52.98,2,0,0,0,58.29,SUCCESS,1,0,30000.0,1,1,0,0,1,0,0,1,1,0,18,Average
78,student0078@student.hitech.lk,ACTIVE,STUDENT,1,SE-JAVA-101,ACTIVE,Software Engineering,COMPLETED,OPEN,40000.0,3,WEEKS,2,196,15,9,1,4,1,68.33,15,10,1,14,11,12,4,7,1,4,2,2,2,62.28,65.77,58.79,2,0,0,0,59.58,SUCCESS,1,0,40000.0,1,2,0,0,0,0,2,2,1,1,5,Average
396,student0396@student.hitech.lk,ACTIVE,STUDENT,3,SE-DB-130,ACTIVE,Cybersecurity,ACTIVE,OPEN,50000.0,4,MONTHS,1,148,21,15,2,4,0,76.19,26,8,2,32,2,9,3,4,2,4,2,2,2,59.54,61.25,57.83,2,0,0,2,60.75,SUCCESS,1,0,50000.0,2,2,0,0,1,0,1,1,0,1,37,Medium
265,student0265@student.hitech.lk,ACTIVE,STUDENT,11,CC-AWS-101,ACTIVE,Cybersecurity,COMPLETED,ADMIN_ONLY,40000.0,12,WEEKS,1,193,4,3,0,1,0,75.0,4,14,0,4,14,7,2,3,2,4,3,3,3,62.0,70.62,49.9,2,1,0,0,60.68,SUCCESS,2,0,40000.0,1,0,0,0,0,0,0,2,1,1,4,Average
407,student0407@student.hitech.lk,ACTIVE,STUDENT,5,DS-ML-210,ACTIVE,Digital Marketing,COMPLETED,OPEN,45000.0,10,WEEKS,2,243,8,5,1,1,1,78.12,8,9,1,16,1,5,2,3,0,5,5,5,5,80.48,92.51,67.68,5,0,0,0,79.42,SUCCESS,1,0,45000.0,1,0,0,0,0,0,0,0,0,0,1,Good
578,student0578@student.hitech.lk,PENDING_VERIFICATION,STUDENT,8,BM-MGMT-201,ACTIVE,Graphic Design,ACTIVE,ADMIN_ONLY,50000.0,3,WEEKS,2,55,6,3,0,0,3,87.5,7,6,0,10,3,13,7,5,1,1,0,0,0,0.0,0.0,0.0,0,0,0,0,0.0,SUCCESS,1,0,50000.0,1,2,0,0,1,1,0,0,0,0,94,Low
818,student0818@student.hitech.lk,ACTIVE,STUDENT,3,SE-DB-130,ACTIVE,Cybersecurity,COMPLETED,OPEN,50000.0,4,MONTHS,1,240,26,16,0,10,0,61.54,26,8,2,32,2,9,3,4,2,4,2,2,2,62.57,70.42,54.72,2,0,0,1,61.03,SUCCESS,1,0,50000.0,1,2,0,0,1,0,1,2,1,1,11,Average
450,student0450@student.hitech.lk,ACTIVE,STUDENT,8,BM-MGMT-201,ACTIVE,Graphic Design,ACTIVE,ADMIN_ONLY,50000.0,3,WEEKS,2,78,7,3,1,3,0,50.0,7,6,0,10,3,13,7,5,1,1,0,0,0,0.0,0.0,0.0,0,0,0,0,0.0,SUCCESS,1,0,50000.0,1,0,0,0,0,0,0,0,0,0,27,Low
